{"type":"FeatureCollection","name":"municipality-map-47","source":"国土数値情報 行政区域データ N03（国土交通省）","sourceDate":"2026-01-01","usage":"市町村クイズの画面表示用に統合・簡略化したデータ","regionCode":"47","regionName":"沖縄","features":[{"type":"Feature","properties":{"pref":"沖縄県","name":"うるま市","type":"市","code":"47213","region":"47"},"geometry":{"type":"MultiPolygon","coordinates":[[[[127.93513,26.24996],[127.93515,26.25001],[127.93517,26.24997],[127.93513,26.24996]]],[[[127.93523,26.25],[127.93849,26.25308],[127.93733,26.26224],[127.94452,26.26227],[127.94833,26.25756],[127.94518,26.24502],[127.94441,26.24682],[127.94237,26.2457],[127.94295,26.24157],[127.9404,26.24174],[127.93827,26.24257],[127.93667,26.2439],[127.9338,26.2431],[127.93218,26.24456],[127.93822,26.24374],[127.9344,26.24648],[127.93407,26.24515],[127.93341,26.2447],[127.93523,26.25]]],[[[127.89329,26.30886],[127.8714,26.33121],[127.87234,26.328],[127.87036,26.33045],[127.86965,26.33587],[127.86467,26.3412],[127.8651,26.34156],[127.86485,26.34388],[127.86467,26.34168],[127.86208,26.34467],[127.86258,26.34322],[127.85428,26.34212],[127.84922,26.33725],[127.84256,26.33462],[127.83789,26.34008],[127.83275,26.34148],[127.8249,26.35144],[127.82658,26.35739],[127.82244,26.35745],[127.82118,26.35971],[127.82277,26.36311],[127.82451,26.36211],[127.83031,26.36744],[127.8304,26.37474],[127.82879,26.37588],[127.83689,26.38047],[127.83613,26.38375],[127.83273,26.38351],[127.83079,26.38944],[127.82566,26.39305],[127.82057,26.38684],[127.82005,26.3902],[127.81181,26.39973],[127.80822,26.39331],[127.80424,26.39099],[127.79436,26.4037],[127.79239,26.40923],[127.79366,26.41054],[127.78843,26.42204],[127.80777,26.43373],[127.81092,26.44046],[127.81372,26.44028],[127.81715,26.44511],[127.82388,26.44858],[127.83094,26.45021],[127.83813,26.44871],[127.83892,26.44369],[127.84165,26.44043],[127.84063,26.43356],[127.84382,26.43167],[127.84343,26.42766],[127.84235,26.42972],[127.84033,26.42698],[127.83704,26.43014],[127.83071,26.43213],[127.83261,26.42928],[127.83351,26.42591],[127.83311,26.42375],[127.83282,26.42759],[127.83004,26.4291],[127.82991,26.42691],[127.83217,26.42691],[127.83025,26.42414],[127.82762,26.42453],[127.82793,26.42089],[127.83325,26.41773],[127.83884,26.41813],[127.83942,26.41601],[127.83653,26.41409],[127.84128,26.40577],[127.85089,26.40682],[127.84492,26.40533],[127.84763,26.40225],[127.86002,26.39785],[127.86229,26.39272],[127.8742,26.38635],[127.8781,26.37916],[127.88045,26.37848],[127.88124,26.37641],[127.87118,26.3728],[127.87505,26.37328],[127.87571,26.3728],[127.87653,26.37133],[127.87728,26.3691],[127.87497,26.37269],[127.87506,26.36908],[127.87667,26.3684],[127.87336,26.36621],[127.87293,26.36214],[127.87583,26.35499],[127.8796,26.35277],[127.88715,26.34186],[127.88823,26.34196],[127.89053,26.34131],[127.88819,26.34183],[127.88802,26.34085],[127.89686,26.33413],[127.90166,26.33187],[127.91484,26.33183],[127.90573,26.3308],[127.91923,26.31756],[127.91779,26.31662],[127.91994,26.31139],[127.92315,26.31062],[127.92355,26.30924],[127.92045,26.31007],[127.92226,26.30697],[127.92393,26.30862],[127.92126,26.3059],[127.92181,26.30255],[127.92361,26.302],[127.92222,26.2955],[127.91575,26.29433],[127.91141,26.29843],[127.91284,26.29958],[127.91101,26.29866],[127.9097,26.301],[127.90732,26.29782],[127.90917,26.30102],[127.90776,26.30279],[127.90974,26.30242],[127.90825,26.30303],[127.90583,26.30249],[127.9036,26.29934],[127.90498,26.30266],[127.90132,26.30312],[127.89329,26.30886]]],[[[127.93515,26.25033],[127.93521,26.25037],[127.93522,26.25031],[127.93515,26.25033]]],[[[127.93529,26.2504],[127.93523,26.25033],[127.93522,26.25042],[127.93529,26.2504]]],[[[127.9369,26.2509],[127.93693,26.25093],[127.93698,26.25092],[127.9369,26.2509]]],[[[127.93723,26.25124],[127.93726,26.25126],[127.93728,26.25124],[127.93723,26.25124]]],[[[127.93729,26.25123],[127.93731,26.25124],[127.93731,26.25123],[127.93729,26.25123]]],[[[127.93746,26.25143],[127.9375,26.2515],[127.93751,26.25146],[127.93746,26.25143]]],[[[127.93755,26.25146],[127.93759,26.25146],[127.93759,26.25143],[127.93755,26.25146]]],[[[127.95191,26.3173],[127.95194,26.31728],[127.95191,26.31728],[127.95191,26.3173]]],[[[127.95196,26.31722],[127.9521,26.31721],[127.95203,26.31714],[127.95196,26.31722]]],[[[127.9521,26.31717],[127.95212,26.31718],[127.95213,26.31716],[127.9521,26.31717]]],[[[127.95205,26.31729],[127.95208,26.31731],[127.95207,26.31729],[127.95205,26.31729]]],[[[127.95182,26.31746],[127.95184,26.31748],[127.95184,26.31746],[127.95182,26.31746]]],[[[127.95185,26.3174],[127.95189,26.31738],[127.95185,26.31738],[127.95185,26.3174]]],[[[127.95196,26.31746],[127.95202,26.31745],[127.95197,26.31743],[127.95196,26.31746]]],[[[127.95192,26.31778],[127.95195,26.31779],[127.95195,26.31777],[127.95192,26.31778]]],[[[127.9521,26.31781],[127.95212,26.31782],[127.95213,26.3178],[127.9521,26.31781]]],[[[127.95232,26.31662],[127.95234,26.31664],[127.95235,26.31662],[127.95232,26.31662]]],[[[127.95223,26.3172],[127.95225,26.31722],[127.95225,26.3172],[127.95223,26.3172]]],[[[127.95223,26.31727],[127.95225,26.31728],[127.95225,26.31726],[127.95223,26.31727]]],[[[127.95227,26.31716],[127.95229,26.31717],[127.95229,26.31715],[127.95227,26.31716]]],[[[127.95217,26.31745],[127.95217,26.31753],[127.9522,26.31746],[127.95217,26.31745]]],[[[127.95216,26.31759],[127.95219,26.31763],[127.95219,26.3176],[127.95216,26.31759]]],[[[127.94253,26.32538],[127.94259,26.32544],[127.94258,26.3254],[127.94253,26.32538]]],[[[127.94263,26.35587],[127.94266,26.35586],[127.94264,26.35585],[127.94263,26.35587]]],[[[127.9427,26.35593],[127.94277,26.35595],[127.94272,26.35591],[127.9427,26.35593]]],[[[127.94266,26.35617],[127.94269,26.35615],[127.94266,26.35615],[127.94266,26.35617]]],[[[127.94275,26.35617],[127.94277,26.3562],[127.94278,26.35618],[127.94275,26.35617]]],[[[127.94283,26.32509],[127.94287,26.32514],[127.94289,26.3251],[127.94283,26.32509]]],[[[127.94304,26.3252],[127.94313,26.32524],[127.94312,26.32517],[127.94304,26.3252]]],[[[127.94322,26.32522],[127.9433,26.3252],[127.94327,26.32517],[127.94322,26.32522]]],[[[127.94353,26.32508],[127.9435,26.32501],[127.94343,26.32507],[127.94353,26.32508]]],[[[127.94528,26.32416],[127.94537,26.32416],[127.94535,26.32414],[127.94528,26.32416]]],[[[127.94285,26.35535],[127.94291,26.35534],[127.94287,26.35531],[127.94285,26.35535]]],[[[127.94294,26.35537],[127.94297,26.35538],[127.94296,26.35536],[127.94294,26.35537]]],[[[127.9428,26.35571],[127.94282,26.3557],[127.9428,26.35569],[127.9428,26.35571]]],[[[127.94283,26.35565],[127.94286,26.35566],[127.94285,26.35564],[127.94283,26.35565]]],[[[127.94277,26.35582],[127.94281,26.35581],[127.94278,26.3558],[127.94277,26.35582]]],[[[127.94283,26.35586],[127.94287,26.35586],[127.94285,26.35584],[127.94283,26.35586]]],[[[127.9428,26.35594],[127.94284,26.35594],[127.94281,26.35592],[127.9428,26.35594]]],[[[127.94291,26.35549],[127.94294,26.35551],[127.94293,26.35549],[127.94291,26.35549]]],[[[127.94294,26.35566],[127.94297,26.35565],[127.94295,26.35564],[127.94294,26.35566]]],[[[127.94299,26.3555],[127.94301,26.35551],[127.943,26.35549],[127.94299,26.3555]]],[[[127.94303,26.35553],[127.94306,26.35554],[127.94304,26.35552],[127.94303,26.35553]]],[[[127.94304,26.35559],[127.94306,26.35562],[127.94307,26.3556],[127.94304,26.35559]]],[[[127.94291,26.3559],[127.94294,26.35588],[127.94292,26.35588],[127.94291,26.3559]]],[[[127.94307,26.35615],[127.94309,26.35617],[127.94308,26.35615],[127.94307,26.35615]]],[[[127.95121,26.35824],[127.95132,26.35824],[127.95122,26.35822],[127.95121,26.35824]]],[[[127.95123,26.35842],[127.95117,26.35827],[127.95116,26.35839],[127.95123,26.35842]]],[[[127.95131,26.3582],[127.95133,26.35821],[127.95132,26.35819],[127.95131,26.3582]]],[[[127.94283,26.35618],[127.94286,26.3562],[127.94285,26.35617],[127.94283,26.35618]]],[[[127.95095,26.35855],[127.95104,26.35857],[127.95101,26.3585],[127.95095,26.35855]]],[[[127.95095,26.35899],[127.95117,26.35886],[127.951,26.35875],[127.95095,26.35899]]],[[[127.95117,26.35796],[127.9512,26.35796],[127.95119,26.35795],[127.95117,26.35796]]],[[[127.95124,26.358],[127.95126,26.35801],[127.95126,26.35799],[127.95124,26.358]]],[[[127.95121,26.35806],[127.95123,26.35806],[127.95123,26.35806],[127.95121,26.35806]]],[[[127.95125,26.3581],[127.95128,26.3581],[127.95126,26.35809],[127.95125,26.3581]]],[[[127.95133,26.35798],[127.95135,26.35796],[127.95132,26.35796],[127.95133,26.35798]]],[[[127.95133,26.35801],[127.95136,26.35801],[127.95135,26.358],[127.95133,26.35801]]],[[[127.95136,26.35809],[127.95139,26.3581],[127.95138,26.35808],[127.95136,26.35809]]],[[[127.95117,26.35817],[127.95121,26.35818],[127.95119,26.35816],[127.95117,26.35817]]],[[[127.95136,26.35819],[127.95136,26.35818],[127.95135,26.35818],[127.95136,26.35819]]],[[[127.95138,26.35823],[127.95139,26.35821],[127.95138,26.35821],[127.95138,26.35823]]],[[[127.95138,26.35829],[127.95141,26.35827],[127.95138,26.35826],[127.95138,26.35829]]],[[[127.95145,26.3583],[127.95148,26.3583],[127.95146,26.35829],[127.95145,26.3583]]],[[[127.9515,26.35828],[127.95152,26.35829],[127.95152,26.35828],[127.9515,26.35828]]],[[[127.95175,26.35873],[127.95181,26.35869],[127.95174,26.35869],[127.95175,26.35873]]],[[[127.9437,26.32409],[127.94376,26.32416],[127.94377,26.32411],[127.9437,26.32409]]],[[[127.95233,26.31701],[127.95235,26.31702],[127.95235,26.31701],[127.95233,26.31701]]],[[[127.99296,26.37331],[127.99296,26.37326],[127.99294,26.37331],[127.99296,26.37331]]],[[[127.94667,26.33966],[127.93975,26.33602],[127.94653,26.34146],[127.94314,26.34503],[127.9456,26.34918],[127.94763,26.34676],[127.94658,26.3416],[127.94816,26.34579],[127.94621,26.35062],[127.9432,26.35396],[127.94291,26.3635],[127.94535,26.35645],[127.95136,26.35772],[127.95542,26.35641],[127.9675,26.3624],[127.96561,26.36482],[127.96417,26.36365],[127.96568,26.36509],[127.96915,26.36194],[127.96957,26.35527],[127.9745,26.35406],[127.97556,26.35108],[127.96095,26.33945],[127.95963,26.33627],[127.95811,26.33522],[127.95943,26.33826],[127.95633,26.33933],[127.95548,26.33682],[127.9576,26.33584],[127.95507,26.33675],[127.95416,26.34003],[127.94667,26.33966]]],[[[127.95214,26.31783],[127.95217,26.31784],[127.95218,26.31781],[127.95214,26.31783]]],[[[127.95926,26.3087],[127.95246,26.31506],[127.95044,26.32705],[127.9517,26.32834],[127.95386,26.32702],[127.95509,26.32873],[127.95174,26.32925],[127.95711,26.32893],[127.96429,26.32412],[127.96697,26.3248],[127.96729,26.32184],[127.96913,26.3234],[127.96687,26.3183],[127.96067,26.31659],[127.96117,26.31171],[127.95926,26.3087]]],[[[127.96972,26.35608],[127.96909,26.36804],[127.97252,26.37181],[127.97281,26.37566],[127.97833,26.37946],[127.98368,26.37989],[127.98799,26.38508],[127.9905,26.37911],[127.98517,26.37623],[127.98666,26.37581],[127.98597,26.37425],[127.99292,26.37414],[127.99361,26.36996],[127.99691,26.36688],[127.99373,26.36731],[127.99417,26.3633],[127.99649,26.36185],[127.99158,26.35905],[127.98749,26.35988],[127.98289,26.35796],[127.97803,26.35483],[127.97773,26.35215],[127.96972,26.35608]]],[[[127.92792,26.37536],[127.928,26.37534],[127.92794,26.3753],[127.92792,26.37536]]],[[[127.92796,26.37553],[127.92808,26.37551],[127.92799,26.37549],[127.92796,26.37553]]],[[[127.91893,26.29563],[127.9189,26.29559],[127.91889,26.29563],[127.91893,26.29563]]],[[[127.98893,26.38229],[127.98894,26.3823],[127.98895,26.38229],[127.98893,26.38229]]],[[[127.98864,26.38305],[127.98866,26.38305],[127.98866,26.38304],[127.98864,26.38305]]],[[[127.98867,26.38303],[127.98869,26.38303],[127.98869,26.38302],[127.98867,26.38303]]],[[[127.99328,26.38255],[127.99334,26.38259],[127.99334,26.38256],[127.99328,26.38255]]],[[[127.99321,26.38263],[127.99324,26.38264],[127.99324,26.38261],[127.99321,26.38263]]],[[[127.99336,26.38258],[127.99339,26.38259],[127.99339,26.38257],[127.99336,26.38258]]],[[[127.99308,26.3828],[127.99351,26.38273],[127.9937,26.38249],[127.99308,26.3828]]],[[[127.98979,26.38506],[127.98991,26.38501],[127.98979,26.38497],[127.98979,26.38506]]],[[[128.0,26.4003],[128.00403,26.39843],[127.99833,26.38221],[127.99149,26.38292],[127.99247,26.38681],[127.99033,26.38495],[127.9887,26.38602],[127.99145,26.38897],[127.98865,26.39295],[127.99338,26.39535],[127.99558,26.39968],[128.0,26.4003]]],[[[127.97235,26.37363],[127.97237,26.37365],[127.97237,26.37364],[127.97235,26.37363]]],[[[127.97237,26.37382],[127.97239,26.37385],[127.97239,26.37381],[127.97237,26.37382]]],[[[127.97239,26.374],[127.97244,26.37403],[127.97244,26.37401],[127.97239,26.374]]],[[[127.97244,26.37357],[127.97246,26.37358],[127.97246,26.37356],[127.97244,26.37357]]],[[[127.97263,26.37355],[127.97266,26.37357],[127.97266,26.37356],[127.97263,26.37355]]],[[[127.97258,26.37386],[127.97261,26.37388],[127.97261,26.37387],[127.97258,26.37386]]],[[[127.972,26.37418],[127.972,26.37419],[127.972,26.37418],[127.972,26.37418]]],[[[127.97204,26.3741],[127.97205,26.37411],[127.97205,26.3741],[127.97204,26.3741]]],[[[127.97212,26.37407],[127.97214,26.3741],[127.97215,26.37407],[127.97212,26.37407]]],[[[127.97207,26.37416],[127.97209,26.37418],[127.97209,26.37415],[127.97207,26.37416]]],[[[127.97268,26.37387],[127.97271,26.3739],[127.97272,26.37388],[127.97268,26.37387]]],[[[127.97268,26.37391],[127.97271,26.37394],[127.97269,26.3739],[127.97268,26.37391]]],[[[127.97273,26.3739],[127.97278,26.37392],[127.97275,26.37388],[127.97273,26.3739]]],[[[127.97279,26.37401],[127.97281,26.37403],[127.97282,26.37402],[127.97279,26.37401]]],[[[127.97284,26.37397],[127.97288,26.37395],[127.97284,26.37394],[127.97284,26.37397]]],[[[127.97294,26.3742],[127.97296,26.37421],[127.97296,26.3742],[127.97294,26.3742]]],[[[127.97305,26.37438],[127.97307,26.3744],[127.97307,26.37439],[127.97305,26.37438]]],[[[127.97295,26.37454],[127.97295,26.37456],[127.97296,26.37456],[127.97295,26.37454]]],[[[127.973,26.37457],[127.97303,26.37458],[127.97303,26.37457],[127.973,26.37457]]],[[[127.97295,26.37459],[127.97297,26.3746],[127.97296,26.37458],[127.97295,26.37459]]],[[[127.97232,26.37542],[127.97235,26.37545],[127.97235,26.37543],[127.97232,26.37542]]],[[[127.9724,26.37546],[127.97242,26.37547],[127.97242,26.37544],[127.9724,26.37546]]],[[[127.97244,26.37545],[127.97246,26.37546],[127.97246,26.37545],[127.97244,26.37545]]],[[[127.97248,26.37542],[127.97249,26.37544],[127.9725,26.37542],[127.97248,26.37542]]],[[[127.97257,26.37539],[127.97259,26.37541],[127.9726,26.3754],[127.97257,26.37539]]],[[[127.97221,26.37564],[127.97224,26.37566],[127.97225,26.37564],[127.97221,26.37564]]],[[[127.97236,26.37551],[127.97236,26.37553],[127.97238,26.37552],[127.97236,26.37551]]],[[[127.97222,26.37577],[127.97226,26.3758],[127.97225,26.37577],[127.97222,26.37577]]],[[[127.97242,26.37551],[127.97245,26.37553],[127.97245,26.37552],[127.97242,26.37551]]],[[[127.97251,26.3755],[127.97253,26.3755],[127.97251,26.37549],[127.97251,26.3755]]],[[[127.97252,26.37556],[127.97254,26.37558],[127.97254,26.37556],[127.97252,26.37556]]],[[[127.97251,26.37561],[127.9725,26.37565],[127.97253,26.37561],[127.97251,26.37561]]],[[[127.97257,26.37549],[127.97259,26.3755],[127.97259,26.37548],[127.97257,26.37549]]],[[[127.97255,26.37553],[127.97258,26.37553],[127.97256,26.37552],[127.97255,26.37553]]],[[[127.97261,26.37558],[127.97263,26.3756],[127.97263,26.37558],[127.97261,26.37558]]],[[[127.97252,26.37567],[127.97255,26.37569],[127.97255,26.37567],[127.97252,26.37567]]],[[[127.97258,26.37568],[127.97259,26.37573],[127.9726,26.37568],[127.97258,26.37568]]],[[[127.97241,26.37581],[127.97248,26.37584],[127.97247,26.37579],[127.97241,26.37581]]],[[[127.97258,26.3758],[127.97259,26.37582],[127.9726,26.3758],[127.97258,26.3758]]],[[[127.9726,26.37575],[127.97264,26.37579],[127.97264,26.37575],[127.9726,26.37575]]],[[[127.97258,26.37487],[127.97259,26.37489],[127.9726,26.37488],[127.97258,26.37487]]],[[[127.97273,26.37475],[127.97276,26.37474],[127.97274,26.37473],[127.97273,26.37475]]],[[[127.97278,26.37474],[127.9728,26.37475],[127.9728,26.37474],[127.97278,26.37474]]],[[[127.97269,26.37501],[127.9727,26.37498],[127.97268,26.37497],[127.97269,26.37501]]],[[[127.97293,26.37464],[127.97297,26.37464],[127.97298,26.37463],[127.97293,26.37464]]],[[[127.97247,26.37504],[127.97244,26.375],[127.97245,26.37505],[127.97247,26.37504]]],[[[127.97245,26.37512],[127.97248,26.37512],[127.97246,26.37511],[127.97245,26.37512]]],[[[127.97244,26.3752],[127.97247,26.37521],[127.97246,26.37519],[127.97244,26.3752]]],[[[127.97263,26.37512],[127.97265,26.37514],[127.97264,26.37511],[127.97263,26.37512]]],[[[127.97241,26.37526],[127.97248,26.37528],[127.97249,26.37526],[127.97241,26.37526]]],[[[127.97245,26.37533],[127.97247,26.37533],[127.97247,26.37532],[127.97245,26.37533]]],[[[127.97248,26.37534],[127.97249,26.37535],[127.9725,26.37534],[127.97248,26.37534]]],[[[127.97251,26.37534],[127.97254,26.37535],[127.97253,26.37533],[127.97251,26.37534]]],[[[127.9725,26.37537],[127.9725,26.37539],[127.97251,26.37537],[127.9725,26.37537]]],[[[127.97259,26.37528],[127.97262,26.37528],[127.9726,26.37525],[127.97259,26.37528]]],[[[127.97257,26.37532],[127.97261,26.37533],[127.97261,26.37531],[127.97257,26.37532]]],[[[127.97252,26.37538],[127.97255,26.37539],[127.97255,26.37538],[127.97252,26.37538]]],[[[127.97259,26.37536],[127.9726,26.37538],[127.97261,26.37537],[127.97259,26.37536]]],[[[127.97269,26.37503],[127.97271,26.37505],[127.9727,26.37503],[127.97269,26.37503]]],[[[127.97268,26.37508],[127.9727,26.37511],[127.97272,26.3751],[127.97268,26.37508]]],[[[127.97262,26.37542],[127.97265,26.37544],[127.97263,26.3754],[127.97262,26.37542]]],[[[127.9726,26.37545],[127.97264,26.37547],[127.97262,26.37544],[127.9726,26.37545]]],[[[127.97263,26.3755],[127.97266,26.37551],[127.97266,26.3755],[127.97263,26.3755]]],[[[127.97264,26.37561],[127.97265,26.37562],[127.97265,26.37561],[127.97264,26.37561]]],[[[127.97264,26.37581],[127.97267,26.37581],[127.97265,26.3758],[127.97264,26.37581]]],[[[127.9726,26.37588],[127.97265,26.37591],[127.97262,26.37588],[127.9726,26.37588]]],[[[127.97264,26.37563],[127.97266,26.37567],[127.97267,26.37564],[127.97264,26.37563]]],[[[127.97281,26.37569],[127.97284,26.37568],[127.97282,26.37568],[127.97281,26.37569]]],[[[127.97286,26.37573],[127.97291,26.37574],[127.97287,26.37571],[127.97286,26.37573]]],[[[127.9727,26.37578],[127.97274,26.37582],[127.97273,26.37578],[127.9727,26.37578]]],[[[127.97274,26.3759],[127.97277,26.37592],[127.97276,26.37589],[127.97274,26.3759]]],[[[127.97293,26.37581],[127.97295,26.37584],[127.97296,26.37582],[127.97293,26.37581]]],[[[127.97288,26.37592],[127.97293,26.3759],[127.97291,26.37588],[127.97288,26.37592]]],[[[127.97298,26.37588],[127.97301,26.37589],[127.973,26.37586],[127.97298,26.37588]]],[[[127.97306,26.37587],[127.97305,26.3759],[127.97309,26.37589],[127.97306,26.37587]]],[[[127.97303,26.37591],[127.97303,26.37594],[127.97305,26.37592],[127.97303,26.37591]]],[[[127.97306,26.37594],[127.97309,26.37596],[127.97308,26.37593],[127.97306,26.37594]]],[[[127.97267,26.37599],[127.9727,26.376],[127.97269,26.37598],[127.97267,26.37599]]],[[[127.97267,26.37606],[127.9727,26.37604],[127.97267,26.37604],[127.97267,26.37606]]],[[[127.97296,26.37638],[127.97297,26.37641],[127.97298,26.37639],[127.97296,26.37638]]],[[[127.97361,26.37656],[127.97362,26.37657],[127.97362,26.37656],[127.97361,26.37656]]],[[[127.97362,26.37654],[127.97368,26.37653],[127.97363,26.3765],[127.97362,26.37654]]],[[[127.97369,26.37655],[127.9737,26.37658],[127.97371,26.37656],[127.97369,26.37655]]],[[[127.97373,26.37657],[127.97378,26.37659],[127.97378,26.37656],[127.97373,26.37657]]],[[[127.97308,26.37591],[127.9731,26.37592],[127.9731,26.37591],[127.97308,26.37591]]],[[[127.97307,26.37598],[127.9731,26.376],[127.97311,26.37598],[127.97307,26.37598]]],[[[127.9732,26.37609],[127.97324,26.3761],[127.97323,26.37608],[127.9732,26.37609]]],[[[127.97313,26.37611],[127.97316,26.37613],[127.97317,26.37612],[127.97313,26.37611]]],[[[127.97325,26.37613],[127.9733,26.37609],[127.97326,26.37607],[127.97325,26.37613]]],[[[127.97328,26.37618],[127.9733,26.37619],[127.9733,26.37618],[127.97328,26.37618]]],[[[127.97314,26.3763],[127.97316,26.37633],[127.97319,26.3763],[127.97314,26.3763]]],[[[127.97345,26.37623],[127.97347,26.37624],[127.97347,26.37622],[127.97345,26.37623]]],[[[127.97349,26.37633],[127.97353,26.37635],[127.97353,26.37633],[127.97349,26.37633]]],[[[127.97354,26.37638],[127.97358,26.37636],[127.97355,26.37636],[127.97354,26.37638]]],[[[127.97358,26.37648],[127.9736,26.37651],[127.97361,26.37649],[127.97358,26.37648]]],[[[127.97363,26.37659],[127.97366,26.37661],[127.97364,26.37658],[127.97363,26.37659]]],[[[127.97367,26.37667],[127.97369,26.37669],[127.97369,26.37667],[127.97367,26.37667]]],[[[127.97368,26.37659],[127.9737,26.3766],[127.97369,26.37659],[127.97368,26.37659]]],[[[127.97382,26.37649],[127.97384,26.37652],[127.97385,26.3765],[127.97382,26.37649]]],[[[127.97378,26.37686],[127.97381,26.37692],[127.97382,26.37687],[127.97378,26.37686]]],[[[127.97457,26.37768],[127.97463,26.37766],[127.97458,26.37765],[127.97457,26.37768]]],[[[127.97452,26.37768],[127.97456,26.37771],[127.97457,26.37769],[127.97452,26.37768]]],[[[127.97468,26.37758],[127.97471,26.37763],[127.97472,26.37759],[127.97468,26.37758]]],[[[127.97466,26.37767],[127.97469,26.37768],[127.97466,26.37765],[127.97466,26.37767]]],[[[127.97469,26.37765],[127.97474,26.37768],[127.97474,26.37765],[127.97469,26.37765]]],[[[127.97463,26.3777],[127.97468,26.37771],[127.97465,26.37768],[127.97463,26.3777]]],[[[127.97383,26.37646],[127.97384,26.37648],[127.97384,26.37646],[127.97383,26.37646]]],[[[127.97386,26.37657],[127.9739,26.37659],[127.97391,26.37656],[127.97386,26.37657]]],[[[127.9741,26.37657],[127.97414,26.3766],[127.97414,26.37658],[127.9741,26.37657]]],[[[127.9742,26.37669],[127.97425,26.37671],[127.97425,26.37667],[127.9742,26.37669]]],[[[127.97414,26.37677],[127.97417,26.3768],[127.97417,26.37677],[127.97414,26.37677]]],[[[127.97451,26.37667],[127.97454,26.37671],[127.97455,26.37668],[127.97451,26.37667]]],[[[127.97439,26.3769],[127.97439,26.37694],[127.97441,26.37691],[127.97439,26.3769]]],[[[127.97432,26.37792],[127.97434,26.37793],[127.97434,26.37792],[127.97432,26.37792]]],[[[127.97442,26.37779],[127.97446,26.37781],[127.97446,26.37778],[127.97442,26.37779]]],[[[127.97452,26.37777],[127.97454,26.37779],[127.97455,26.37777],[127.97452,26.37777]]],[[[127.97418,26.37795],[127.97423,26.37796],[127.97421,26.37792],[127.97418,26.37795]]],[[[127.97475,26.37765],[127.97479,26.37768],[127.97479,26.37764],[127.97475,26.37765]]],[[[127.9748,26.37759],[127.97485,26.37759],[127.97485,26.37757],[127.9748,26.37759]]],[[[127.97482,26.37765],[127.97486,26.37768],[127.97487,26.37765],[127.97482,26.37765]]],[[[127.97509,26.37748],[127.97496,26.37757],[127.97511,26.37754],[127.97509,26.37748]]],[[[127.97508,26.37755],[127.97509,26.37759],[127.97511,26.37757],[127.97508,26.37755]]],[[[127.97531,26.37779],[127.97532,26.37785],[127.97534,26.37778],[127.97531,26.37779]]],[[[127.97535,26.37783],[127.97537,26.37785],[127.97537,26.37781],[127.97535,26.37783]]],[[[127.97561,26.37796],[127.97562,26.37805],[127.97569,26.37797],[127.97561,26.37796]]],[[[127.97569,26.37805],[127.97577,26.3781],[127.97575,26.37802],[127.97569,26.37805]]],[[[127.97607,26.37823],[127.97615,26.37826],[127.97613,26.3782],[127.97607,26.37823]]],[[[127.97617,26.3782],[127.97621,26.37826],[127.97622,26.37821],[127.97617,26.3782]]],[[[127.97621,26.37829],[127.97627,26.3783],[127.97624,26.37825],[127.97621,26.37829]]],[[[127.97493,26.37728],[127.97495,26.37731],[127.97496,26.37729],[127.97493,26.37728]]],[[[127.975,26.37724],[127.97497,26.37722],[127.97498,26.37725],[127.975,26.37724]]],[[[127.97501,26.37731],[127.97507,26.37733],[127.97505,26.37729],[127.97501,26.37731]]],[[[127.97488,26.37756],[127.97492,26.37758],[127.97491,26.37756],[127.97488,26.37756]]],[[[127.97487,26.37762],[127.9749,26.37761],[127.97488,26.3776],[127.97487,26.37762]]],[[[127.97545,26.37777],[127.9755,26.3778],[127.97549,26.37776],[127.97545,26.37777]]],[[[127.97559,26.37789],[127.97558,26.37791],[127.97559,26.3779],[127.97559,26.37789]]],[[[127.97584,26.378],[127.97588,26.37805],[127.97588,26.37803],[127.97584,26.378]]],[[[127.97653,26.37861],[127.97658,26.37868],[127.97661,26.37863],[127.97653,26.37861]]],[[[127.97643,26.37866],[127.97647,26.3787],[127.97646,26.37862],[127.97643,26.37866]]],[[[127.97661,26.37854],[127.97667,26.37855],[127.97665,26.37853],[127.97661,26.37854]]],[[[127.98652,26.37493],[127.98662,26.37494],[127.98656,26.37488],[127.98652,26.37493]]],[[[127.98324,26.37974],[127.98324,26.37971],[127.98322,26.37972],[127.98324,26.37974]]],[[[127.98376,26.38016],[127.98372,26.38017],[127.98372,26.38018],[127.98376,26.38016]]],[[[127.98363,26.38043],[127.98361,26.38043],[127.98361,26.38044],[127.98363,26.38043]]],[[[127.98369,26.38053],[127.98363,26.38052],[127.98367,26.38055],[127.98369,26.38053]]],[[[127.98391,26.38062],[127.98392,26.38067],[127.98395,26.38065],[127.98391,26.38062]]],[[[127.98416,26.3809],[127.98413,26.38095],[127.98419,26.38094],[127.98416,26.3809]]],[[[127.988,26.37586],[127.9877,26.37669],[127.98803,26.37587],[127.988,26.37586]]],[[[127.98725,26.37705],[127.98727,26.37705],[127.98726,26.37704],[127.98725,26.37705]]],[[[127.98743,26.37712],[127.98739,26.37712],[127.98742,26.37714],[127.98743,26.37712]]],[[[127.98752,26.37717],[127.9875,26.3772],[127.98753,26.37719],[127.98752,26.37717]]],[[[127.98751,26.37714],[127.98754,26.37714],[127.98753,26.37712],[127.98751,26.37714]]],[[[127.98762,26.37719],[127.98771,26.37718],[127.98767,26.37715],[127.98762,26.37719]]],[[[127.98758,26.37727],[127.9876,26.37728],[127.9876,26.37727],[127.98758,26.37727]]],[[[127.98763,26.37728],[127.98764,26.37724],[127.98762,26.37724],[127.98763,26.37728]]],[[[127.98767,26.37733],[127.98765,26.37732],[127.98766,26.37733],[127.98767,26.37733]]],[[[127.98768,26.37734],[127.98769,26.37733],[127.98768,26.37733],[127.98768,26.37734]]],[[[127.98771,26.37743],[127.98767,26.37741],[127.98768,26.37743],[127.98771,26.37743]]],[[[127.98766,26.37749],[127.98765,26.37748],[127.98765,26.37749],[127.98766,26.37749]]],[[[127.98765,26.37752],[127.98763,26.37753],[127.98764,26.37753],[127.98765,26.37752]]],[[[127.99017,26.37485],[127.99012,26.37487],[127.99015,26.37489],[127.99017,26.37485]]],[[[127.99076,26.37469],[127.9907,26.37474],[127.99072,26.37476],[127.99076,26.37469]]],[[[127.99292,26.37331],[127.99288,26.37329],[127.99289,26.37332],[127.99292,26.37331]]],[[[127.99299,26.37336],[127.99314,26.37325],[127.99301,26.37323],[127.99299,26.37336]]],[[[127.99292,26.37379],[127.99292,26.37382],[127.99294,26.3738],[127.99292,26.37379]]],[[[127.99249,26.37486],[127.99232,26.37482],[127.99237,26.37488],[127.99249,26.37486]]],[[[127.99272,26.37436],[127.99267,26.37435],[127.99268,26.37438],[127.99272,26.37436]]],[[[127.99282,26.37426],[127.99283,26.37429],[127.99284,26.37426],[127.99282,26.37426]]],[[[127.99281,26.37458],[127.99271,26.37467],[127.99279,26.37467],[127.99281,26.37458]]],[[[127.98888,26.37842],[127.98881,26.37841],[127.98883,26.37843],[127.98888,26.37842]]],[[[127.9892,26.37836],[127.98911,26.37831],[127.98911,26.37837],[127.9892,26.37836]]],[[[127.98925,26.37816],[127.98929,26.37823],[127.98932,26.3782],[127.98925,26.37816]]],[[[127.98994,26.37842],[127.98979,26.37829],[127.98977,26.3784],[127.98994,26.37842]]],[[[127.99028,26.37836],[127.99019,26.37847],[127.99035,26.37845],[127.99028,26.37836]]],[[[127.99087,26.37869],[127.99084,26.37881],[127.9909,26.37882],[127.99087,26.37869]]],[[[127.99045,26.37943],[127.99047,26.37934],[127.99043,26.37934],[127.99045,26.37943]]],[[[127.99065,26.3791],[127.99055,26.37911],[127.99061,26.37917],[127.99065,26.3791]]],[[[127.99057,26.37934],[127.99064,26.37921],[127.99054,26.37924],[127.99057,26.37934]]],[[[127.99059,26.3795],[127.99055,26.37947],[127.99056,26.37953],[127.99059,26.3795]]],[[[127.99086,26.37919],[127.99075,26.3792],[127.99086,26.37927],[127.99086,26.37919]]],[[[127.9841,26.38104],[127.98405,26.38106],[127.98411,26.38106],[127.9841,26.38104]]],[[[127.98416,26.38101],[127.9841,26.38102],[127.98413,26.38104],[127.98416,26.38101]]],[[[127.98423,26.38104],[127.98415,26.38105],[127.98417,26.38107],[127.98423,26.38104]]],[[[127.98405,26.38098],[127.98406,26.38091],[127.98402,26.38094],[127.98405,26.38098]]],[[[127.98426,26.38165],[127.98421,26.38162],[127.98423,26.38166],[127.98426,26.38165]]],[[[127.98553,26.38279],[127.98555,26.3828],[127.98555,26.38278],[127.98553,26.38279]]],[[[127.98593,26.383],[127.98596,26.38303],[127.98594,26.383],[127.98593,26.383]]],[[[127.98595,26.38338],[127.98592,26.38332],[127.98591,26.38336],[127.98595,26.38338]]],[[[127.98714,26.38382],[127.98715,26.38385],[127.98716,26.38383],[127.98714,26.38382]]],[[[127.98729,26.38409],[127.98726,26.38411],[127.98729,26.38411],[127.98729,26.38409]]],[[[127.98716,26.38434],[127.98722,26.38435],[127.98721,26.38432],[127.98716,26.38434]]],[[[127.98725,26.38443],[127.98729,26.38444],[127.98728,26.38442],[127.98725,26.38443]]],[[[127.98738,26.38426],[127.98739,26.38429],[127.9874,26.38427],[127.98738,26.38426]]],[[[127.98732,26.38446],[127.98729,26.38445],[127.9873,26.38447],[127.98732,26.38446]]],[[[127.98741,26.38444],[127.98746,26.38445],[127.98743,26.3844],[127.98741,26.38444]]],[[[127.98749,26.38441],[127.9875,26.38445],[127.98752,26.38441],[127.98749,26.38441]]],[[[127.9875,26.38447],[127.98754,26.3845],[127.98755,26.38448],[127.9875,26.38447]]],[[[127.98722,26.3848],[127.98725,26.38485],[127.98725,26.3848],[127.98722,26.3848]]],[[[127.9873,26.38497],[127.98734,26.38494],[127.9873,26.38492],[127.9873,26.38497]]],[[[127.9882,26.38484],[127.98819,26.38482],[127.98817,26.38483],[127.9882,26.38484]]],[[[127.98822,26.3848],[127.98824,26.38482],[127.98823,26.38479],[127.98822,26.3848]]],[[[127.98755,26.38471],[127.98751,26.38473],[127.98755,26.38473],[127.98755,26.38471]]],[[[127.98755,26.38459],[127.98757,26.38461],[127.98758,26.38459],[127.98755,26.38459]]],[[[127.98759,26.38463],[127.98762,26.38466],[127.98761,26.38463],[127.98759,26.38463]]],[[[127.98749,26.38503],[127.98759,26.38507],[127.9875,26.38498],[127.98749,26.38503]]],[[[127.98765,26.38503],[127.98769,26.38505],[127.9877,26.38503],[127.98765,26.38503]]],[[[127.98782,26.38506],[127.98785,26.3851],[127.98786,26.38507],[127.98782,26.38506]]],[[[127.98774,26.38513],[127.98779,26.38513],[127.98774,26.38511],[127.98774,26.38513]]],[[[127.98793,26.38531],[127.98795,26.38531],[127.98795,26.3853],[127.98793,26.38531]]],[[[127.98799,26.38537],[127.98811,26.38535],[127.98805,26.3853],[127.98799,26.38537]]],[[[127.9881,26.38546],[127.98818,26.38553],[127.98823,26.38548],[127.9881,26.38546]]],[[[127.98828,26.38628],[127.98845,26.38632],[127.9884,26.38621],[127.98828,26.38628]]],[[[127.99884,26.36973],[127.99866,26.36985],[127.99873,26.37],[127.99884,26.36973]]],[[[127.99864,26.37001],[127.99862,26.36992],[127.99858,26.36995],[127.99864,26.37001]]],[[[127.99891,26.36872],[127.99889,26.36873],[127.99891,26.36874],[127.99891,26.36872]]],[[[127.99906,26.36908],[127.99891,26.36927],[127.99898,26.36931],[127.99906,26.36908]]],[[[127.99889,26.3694],[127.99883,26.36943],[127.99887,26.36945],[127.99889,26.3694]]],[[[127.99896,26.36937],[127.99893,26.36942],[127.99898,26.36941],[127.99896,26.36937]]],[[[127.99902,26.3705],[127.99916,26.37044],[127.99901,26.37046],[127.99902,26.3705]]],[[[127.96619,26.36517],[127.96604,26.36515],[127.96608,26.36522],[127.96619,26.36517]]],[[[127.96814,26.36607],[127.96696,26.36538],[127.96692,26.36544],[127.96814,26.36607]]],[[[127.92891,26.37493],[127.92898,26.37489],[127.92892,26.37485],[127.92891,26.37493]]],[[[127.9291,26.3749],[127.92919,26.37493],[127.92918,26.37487],[127.9291,26.3749]]],[[[127.96892,26.36813],[127.96889,26.36816],[127.9689,26.36816],[127.96892,26.36813]]],[[[127.92938,26.37535],[127.92949,26.3753],[127.9294,26.37528],[127.92938,26.37535]]],[[[127.92961,26.37568],[127.9297,26.37561],[127.9296,26.37564],[127.92961,26.37568]]],[[[127.92976,26.37581],[127.92988,26.37578],[127.92982,26.37574],[127.92976,26.37581]]],[[[128.00182,26.40001],[128.00183,26.39998],[128.00181,26.4],[128.00182,26.40001]]],[[[128.00192,26.39993],[128.00192,26.39995],[128.00193,26.39994],[128.00192,26.39993]]],[[[128.00288,26.39928],[128.00281,26.39933],[128.00289,26.39931],[128.00288,26.39928]]],[[[128.00221,26.39979],[128.0022,26.39981],[128.00222,26.39979],[128.00221,26.39979]]],[[[128.00289,26.39975],[128.00288,26.3998],[128.00291,26.39976],[128.00289,26.39975]]],[[[128.00296,26.39924],[128.00294,26.39927],[128.00296,26.39926],[128.00296,26.39924]]],[[[128.00332,26.39943],[128.00327,26.39952],[128.00335,26.39953],[128.00332,26.39943]]],[[[127.94416,26.32322],[127.94426,26.3232],[127.94421,26.32315],[127.94416,26.32322]]],[[[127.94444,26.32308],[127.94448,26.32314],[127.94448,26.32308],[127.94444,26.32308]]],[[[127.94439,26.32349],[127.94448,26.3235],[127.9444,26.32348],[127.94439,26.32349]]],[[[127.94531,26.32073],[127.94537,26.32077],[127.94539,26.32071],[127.94531,26.32073]]],[[[127.94534,26.32146],[127.94545,26.32145],[127.94538,26.32138],[127.94534,26.32146]]],[[[127.98385,26.31664],[127.9842,26.3165],[127.9839,26.31639],[127.98385,26.31664]]],[[[127.97248,26.31997],[127.9725,26.31991],[127.97247,26.31993],[127.97248,26.31997]]],[[[127.97024,26.32346],[127.96947,26.32279],[127.96942,26.32283],[127.97024,26.32346]]],[[[127.97111,26.32081],[127.97119,26.32072],[127.97114,26.32069],[127.97111,26.32081]]],[[[127.9711,26.32106],[127.97098,26.32108],[127.97102,26.32114],[127.9711,26.32106]]],[[[127.97293,26.32054],[127.9723,26.32041],[127.9723,26.32082],[127.97293,26.32054]]],[[[127.95976,26.30856],[127.95993,26.30809],[127.95962,26.30821],[127.95976,26.30856]]],[[[127.9601,26.30825],[127.96016,26.30825],[127.96011,26.30822],[127.9601,26.30825]]],[[[127.87773,26.36839],[127.8779,26.36832],[127.87718,26.36781],[127.87773,26.36839]]],[[[127.8768,26.38157],[127.87682,26.38158],[127.87682,26.38157],[127.8768,26.38157]]],[[[127.87669,26.38168],[127.87672,26.38168],[127.87672,26.38167],[127.87669,26.38168]]],[[[127.87973,26.38199],[127.87968,26.38201],[127.87971,26.38202],[127.87973,26.38199]]],[[[127.88041,26.38228],[127.88036,26.38229],[127.8804,26.38231],[127.88041,26.38228]]],[[[127.87932,26.38287],[127.87934,26.38291],[127.87935,26.38288],[127.87932,26.38287]]],[[[127.88004,26.38306],[127.88006,26.38311],[127.88007,26.38307],[127.88004,26.38306]]],[[[127.92706,26.37457],[127.9272,26.37449],[127.92707,26.37448],[127.92706,26.37457]]],[[[127.882,26.37749],[127.88205,26.37751],[127.88204,26.37748],[127.882,26.37749]]],[[[127.88228,26.37827],[127.88233,26.37829],[127.88232,26.37825],[127.88228,26.37827]]],[[[127.8828,26.37725],[127.88285,26.37728],[127.88284,26.37724],[127.8828,26.37725]]],[[[127.8831,26.37806],[127.88312,26.37801],[127.88309,26.37802],[127.8831,26.37806]]],[[[127.88753,26.37944],[127.88919,26.3812],[127.88933,26.38107],[127.88753,26.37944]]],[[[127.92727,26.37505],[127.92735,26.37505],[127.92728,26.375],[127.92727,26.37505]]],[[[127.92751,26.37543],[127.92758,26.37546],[127.92758,26.37539],[127.92751,26.37543]]],[[[127.92762,26.37567],[127.9277,26.37565],[127.92764,26.37561],[127.92762,26.37567]]],[[[127.92759,26.37606],[127.92798,26.37603],[127.92773,26.37589],[127.92759,26.37606]]],[[[127.94409,26.32443],[127.94417,26.32444],[127.94412,26.3244],[127.94409,26.32443]]],[[[127.93971,26.31988],[127.93983,26.32001],[127.93982,26.31984],[127.93971,26.31988]]],[[[127.94015,26.32076],[127.94011,26.32069],[127.9401,26.32071],[127.94015,26.32076]]],[[[127.93986,26.32312],[127.93998,26.32313],[127.9399,26.32303],[127.93986,26.32312]]],[[[127.94007,26.32297],[127.94012,26.32301],[127.94013,26.32297],[127.94007,26.32297]]],[[[127.93094,26.31002],[127.93114,26.30968],[127.93086,26.3099],[127.93094,26.31002]]],[[[127.91403,26.28526],[127.91401,26.28521],[127.91399,26.28523],[127.91403,26.28526]]],[[[127.91418,26.28515],[127.91418,26.2851],[127.91416,26.28511],[127.91418,26.28515]]],[[[127.91432,26.28512],[127.91438,26.28511],[127.91434,26.28507],[127.91432,26.28512]]],[[[127.91568,26.28462],[127.9156,26.28451],[127.91557,26.28456],[127.91568,26.28462]]],[[[127.91578,26.28471],[127.91574,26.28475],[127.91581,26.28476],[127.91578,26.28471]]],[[[127.91463,26.28544],[127.91413,26.28552],[127.91457,26.28571],[127.91463,26.28544]]],[[[127.9149,26.28904],[127.91499,26.28901],[127.91489,26.28894],[127.9149,26.28904]]],[[[127.91509,26.28908],[127.91519,26.28922],[127.91525,26.28915],[127.91509,26.28908]]],[[[127.91542,26.28921],[127.91543,26.28931],[127.91548,26.28921],[127.91542,26.28921]]],[[[127.91562,26.28928],[127.91568,26.28934],[127.9157,26.28929],[127.91562,26.28928]]],[[[127.91599,26.29097],[127.91601,26.29063],[127.91582,26.29089],[127.91599,26.29097]]],[[[127.91595,26.29101],[127.91596,26.29107],[127.916,26.29102],[127.91595,26.29101]]],[[[127.91767,26.29086],[127.91777,26.29104],[127.91782,26.29094],[127.91767,26.29086]]],[[[127.9169,26.29149],[127.91652,26.2916],[127.91667,26.29173],[127.9169,26.29149]]],[[[127.915,26.29042],[127.91539,26.29026],[127.91494,26.29024],[127.915,26.29042]]],[[[127.91575,26.2919],[127.9155,26.29133],[127.91522,26.29146],[127.91575,26.2919]]],[[[127.91737,26.28949],[127.91605,26.29032],[127.9176,26.29016],[127.91737,26.28949]]],[[[127.91542,26.29329],[127.91594,26.2931],[127.9154,26.29325],[127.91542,26.29329]]],[[[127.96254,26.33974],[127.9626,26.33984],[127.96262,26.33977],[127.96254,26.33974]]],[[[127.96842,26.33873],[127.96841,26.33877],[127.96844,26.33875],[127.96842,26.33873]]],[[[127.96874,26.33844],[127.96874,26.33854],[127.96881,26.33849],[127.96874,26.33844]]],[[[127.96807,26.33903],[127.96803,26.33912],[127.9681,26.33907],[127.96807,26.33903]]],[[[127.96823,26.33885],[127.96824,26.33888],[127.96825,26.33886],[127.96823,26.33885]]],[[[127.96893,26.33857],[127.96895,26.33866],[127.96899,26.3386],[127.96893,26.33857]]],[[[127.96956,26.33844],[127.96947,26.33846],[127.96948,26.3385],[127.96956,26.33844]]],[[[127.96741,26.33912],[127.96793,26.33901],[127.96779,26.33882],[127.96741,26.33912]]],[[[127.96853,26.33906],[127.96859,26.33866],[127.96793,26.33931],[127.96853,26.33906]]],[[[127.97003,26.32522],[127.96999,26.32534],[127.97004,26.32534],[127.97003,26.32522]]],[[[127.97671,26.34721],[127.97679,26.3472],[127.97676,26.34718],[127.97671,26.34721]]],[[[127.97696,26.34737],[127.97702,26.34745],[127.97701,26.34737],[127.97696,26.34737]]],[[[127.95201,26.31789],[127.95207,26.31789],[127.95206,26.31784],[127.95201,26.31789]]],[[[127.95202,26.31795],[127.95204,26.31797],[127.95204,26.31794],[127.95202,26.31795]]],[[[127.95209,26.31792],[127.95213,26.31792],[127.9521,26.31788],[127.95209,26.31792]]],[[[127.95203,26.31805],[127.95204,26.31802],[127.95202,26.31803],[127.95203,26.31805]]],[[[127.95205,26.31801],[127.95208,26.31803],[127.95207,26.318],[127.95205,26.31801]]],[[[127.95197,26.31843],[127.95205,26.31849],[127.952,26.3184],[127.95197,26.31843]]],[[[127.95199,26.3186],[127.95202,26.31862],[127.95201,26.31859],[127.95199,26.3186]]],[[[127.95206,26.31862],[127.95208,26.31865],[127.95208,26.31864],[127.95206,26.31862]]],[[[127.9521,26.31874],[127.95213,26.31875],[127.95212,26.31872],[127.9521,26.31874]]],[[[127.95212,26.31953],[127.95213,26.31951],[127.95211,26.31951],[127.95212,26.31953]]],[[[127.95215,26.31876],[127.95217,26.31877],[127.95217,26.31875],[127.95215,26.31876]]],[[[127.96595,26.31787],[127.96601,26.31789],[127.96599,26.31785],[127.96595,26.31787]]],[[[127.96597,26.31795],[127.96605,26.31801],[127.96605,26.31795],[127.96597,26.31795]]],[[[127.87252,26.32704],[127.87261,26.32716],[127.87389,26.32672],[127.87252,26.32704]]],[[[127.89759,26.33585],[127.89763,26.33594],[127.89768,26.33586],[127.89759,26.33585]]],[[[127.89775,26.33563],[127.89784,26.33567],[127.89781,26.33559],[127.89775,26.33563]]],[[[127.87686,26.36714],[127.87737,26.36739],[127.87721,26.36703],[127.87686,26.36714]]],[[[127.93171,26.33534],[127.93187,26.33535],[127.93186,26.33528],[127.93171,26.33534]]],[[[127.83111,26.4285],[127.83119,26.42757],[127.83111,26.42753],[127.83111,26.4285]]],[[[127.85067,26.42468],[127.85235,26.42339],[127.85052,26.42448],[127.85067,26.42468]]],[[[127.93435,26.24853],[127.93436,26.24857],[127.93438,26.24854],[127.93435,26.24853]]],[[[127.93442,26.24854],[127.93442,26.24858],[127.93445,26.24858],[127.93442,26.24854]]],[[[127.93438,26.24869],[127.93436,26.24873],[127.9344,26.24874],[127.93438,26.24869]]],[[[127.93441,26.24911],[127.93439,26.24912],[127.93441,26.24913],[127.93441,26.24911]]],[[[127.93444,26.24919],[127.93439,26.24916],[127.93441,26.24919],[127.93444,26.24919]]],[[[127.93443,26.24924],[127.93441,26.24926],[127.93441,26.24927],[127.93443,26.24924]]],[[[127.93455,26.24929],[127.93452,26.2493],[127.93455,26.2493],[127.93455,26.24929]]],[[[127.93462,26.24925],[127.9346,26.24924],[127.9346,26.24925],[127.93462,26.24925]]],[[[127.94211,26.24175],[127.94211,26.2418],[127.94213,26.24179],[127.94211,26.24175]]],[[[127.9425,26.24152],[127.94255,26.24156],[127.94257,26.24154],[127.9425,26.24152]]],[[[127.94294,26.24152],[127.94311,26.24154],[127.94309,26.24147],[127.94294,26.24152]]],[[[127.94294,26.24258],[127.94418,26.24508],[127.94436,26.2451],[127.94374,26.2432],[127.94294,26.24258]]],[[[127.93737,26.25158],[127.93738,26.25153],[127.93733,26.25153],[127.93737,26.25158]]],[[[127.93736,26.25165],[127.93743,26.25165],[127.93742,26.25163],[127.93736,26.25165]]],[[[127.93758,26.25158],[127.93761,26.25156],[127.93758,26.25157],[127.93758,26.25158]]],[[[127.9375,26.25163],[127.93752,26.25159],[127.93749,26.25159],[127.9375,26.25163]]],[[[127.9384,26.25822],[127.93846,26.25817],[127.9384,26.2582],[127.9384,26.25822]]],[[[127.9385,26.2581],[127.93856,26.25815],[127.9386,26.25806],[127.9385,26.2581]]],[[[127.93852,26.25868],[127.93857,26.25871],[127.93857,26.25869],[127.93852,26.25868]]],[[[127.94628,26.25378],[127.9463,26.25379],[127.9463,26.25377],[127.94628,26.25378]]],[[[127.94631,26.254],[127.94634,26.25398],[127.94632,26.25397],[127.94631,26.254]]],[[[127.9895,26.30403],[127.98966,26.30397],[127.98955,26.30392],[127.9895,26.30403]]],[[[127.99167,26.29846],[127.98821,26.30163],[127.9922,26.30455],[127.99615,26.30043],[127.99167,26.29846]]],[[[127.93202,26.26632],[127.93214,26.26634],[127.93209,26.26624],[127.93202,26.26632]]],[[[127.93182,26.26707],[127.93199,26.26697],[127.9318,26.267],[127.93182,26.26707]]],[[[127.92114,26.29372],[127.92125,26.29397],[127.92137,26.29374],[127.92114,26.29372]]],[[[127.95755,26.27521],[127.95766,26.27463],[127.95741,26.27519],[127.95755,26.27521]]],[[[127.92531,26.29074],[127.92614,26.2908],[127.9255,26.29048],[127.92531,26.29074]]],[[[127.97875,26.2921],[127.98128,26.29024],[127.98117,26.2872],[127.97875,26.2921]]],[[[127.94759,26.26293],[127.94709,26.26491],[127.94831,26.26483],[127.94759,26.26293]]],[[[127.89691,26.30621],[127.89693,26.30617],[127.8969,26.30618],[127.89691,26.30621]]],[[[127.89677,26.30645],[127.89683,26.30654],[127.89686,26.30647],[127.89677,26.30645]]],[[[127.89674,26.30655],[127.89679,26.3066],[127.8968,26.30655],[127.89674,26.30655]]],[[[127.89737,26.30588],[127.89742,26.30582],[127.89736,26.30582],[127.89737,26.30588]]],[[[127.89713,26.30615],[127.89718,26.30617],[127.89718,26.30614],[127.89713,26.30615]]],[[[127.925,26.3087],[127.92473,26.30939],[127.92521,26.3082],[127.925,26.3087]]],[[[127.98907,26.38863],[127.98911,26.38867],[127.98912,26.38864],[127.98907,26.38863]]],[[[127.98917,26.38865],[127.98921,26.38863],[127.98918,26.38862],[127.98917,26.38865]]],[[[127.98923,26.38863],[127.98926,26.38863],[127.98924,26.38862],[127.98923,26.38863]]],[[[127.98964,26.38859],[127.98967,26.38859],[127.98965,26.38858],[127.98964,26.38859]]],[[[127.98924,26.38873],[127.98931,26.38874],[127.98929,26.3887],[127.98924,26.38873]]],[[[127.98962,26.38864],[127.98989,26.3889],[127.98993,26.38876],[127.98962,26.38864]]],[[[127.9897,26.39055],[127.98973,26.39061],[127.98974,26.39056],[127.9897,26.39055]]],[[[127.98999,26.39016],[127.99004,26.39016],[127.99002,26.39014],[127.98999,26.39016]]],[[[127.98855,26.39232],[127.98858,26.39231],[127.98856,26.39231],[127.98855,26.39232]]],[[[127.98857,26.39286],[127.98864,26.39289],[127.98863,26.39282],[127.98857,26.39286]]],[[[127.98858,26.39304],[127.98868,26.39302],[127.98858,26.39299],[127.98858,26.39304]]],[[[127.98917,26.39316],[127.98921,26.3932],[127.98922,26.39318],[127.98917,26.39316]]],[[[127.99247,26.39518],[127.99251,26.39523],[127.99252,26.39518],[127.99247,26.39518]]],[[[127.99462,26.3972],[127.99458,26.39719],[127.99462,26.39721],[127.99462,26.3972]]],[[[127.99484,26.39732],[127.9948,26.39735],[127.99484,26.39735],[127.99484,26.39732]]],[[[127.84542,26.40481],[127.84547,26.40484],[127.84546,26.40479],[127.84542,26.40481]]],[[[127.84539,26.40487],[127.84544,26.4049],[127.84541,26.40486],[127.84539,26.40487]]],[[[127.84551,26.40485],[127.84552,26.40489],[127.84553,26.40488],[127.84551,26.40485]]],[[[127.84549,26.40492],[127.84553,26.40495],[127.84553,26.40492],[127.84549,26.40492]]],[[[127.84561,26.40482],[127.84565,26.40483],[127.84562,26.4048],[127.84561,26.40482]]],[[[127.84573,26.40493],[127.84578,26.40495],[127.84576,26.40492],[127.84573,26.40493]]],[[[127.8458,26.40487],[127.84584,26.40489],[127.84582,26.40486],[127.8458,26.40487]]],[[[127.84592,26.40492],[127.84598,26.40498],[127.846,26.40496],[127.84592,26.40492]]],[[[127.85114,26.40164],[127.85115,26.4017],[127.85118,26.40166],[127.85114,26.40164]]],[[[127.84835,26.40247],[127.84839,26.40252],[127.8484,26.40248],[127.84835,26.40247]]],[[[127.85292,26.40042],[127.85301,26.40036],[127.85295,26.40035],[127.85292,26.40042]]],[[[127.86212,26.3931],[127.8621,26.3933],[127.86228,26.39303],[127.86212,26.3931]]],[[[127.87566,26.38436],[127.87609,26.3841],[127.87604,26.38399],[127.87566,26.38436]]],[[[127.97672,26.37877],[127.97688,26.37872],[127.97681,26.37867],[127.97672,26.37877]]],[[[127.97693,26.37863],[127.97696,26.37864],[127.97696,26.37862],[127.97693,26.37863]]],[[[127.97697,26.37863],[127.97702,26.37866],[127.977,26.37862],[127.97697,26.37863]]],[[[127.97689,26.37871],[127.97695,26.37873],[127.97693,26.3787],[127.97689,26.37871]]],[[[127.97698,26.37866],[127.97698,26.37869],[127.977,26.37868],[127.97698,26.37866]]],[[[127.97698,26.3788],[127.97699,26.37883],[127.977,26.37882],[127.97698,26.3788]]],[[[127.97665,26.37895],[127.9767,26.37897],[127.97669,26.37894],[127.97665,26.37895]]],[[[127.97723,26.37897],[127.97723,26.37903],[127.97727,26.37902],[127.97723,26.37897]]],[[[127.9772,26.37929],[127.97726,26.37933],[127.97726,26.3793],[127.9772,26.37929]]],[[[127.97729,26.37914],[127.97738,26.37916],[127.97732,26.37909],[127.97729,26.37914]]],[[[127.97753,26.3793],[127.97756,26.37937],[127.97758,26.37931],[127.97753,26.3793]]],[[[127.97786,26.37929],[127.97791,26.3793],[127.97787,26.37926],[127.97786,26.37929]]],[[[127.97813,26.3795],[127.97818,26.37951],[127.97816,26.37949],[127.97813,26.3795]]],[[[127.97889,26.37951],[127.97891,26.37955],[127.97893,26.37952],[127.97889,26.37951]]],[[[127.97916,26.37942],[127.97924,26.37947],[127.9792,26.37941],[127.97916,26.37942]]],[[[127.9794,26.37942],[127.97927,26.37954],[127.97943,26.37952],[127.9794,26.37942]]],[[[127.98025,26.37926],[127.98008,26.37929],[127.98017,26.37939],[127.98025,26.37926]]],[[[127.98108,26.37898],[127.98109,26.37897],[127.98108,26.37898],[127.98108,26.37898]]],[[[127.98291,26.37959],[127.98291,26.37955],[127.98289,26.37958],[127.98291,26.37959]]],[[[127.98887,26.38559],[127.98891,26.38562],[127.98892,26.38557],[127.98887,26.38559]]],[[[127.98826,26.38657],[127.98848,26.38664],[127.98843,26.38653],[127.98826,26.38657]]],[[[127.98887,26.38581],[127.9889,26.38581],[127.98886,26.38579],[127.98887,26.38581]]],[[[127.98842,26.387],[127.98848,26.38696],[127.98843,26.38695],[127.98842,26.387]]],[[[127.98911,26.38803],[127.98914,26.38802],[127.98911,26.38801],[127.98911,26.38803]]],[[[127.98905,26.38805],[127.98911,26.38808],[127.98909,26.38803],[127.98905,26.38805]]],[[[127.98901,26.38813],[127.98903,26.38814],[127.98903,26.38812],[127.98901,26.38813]]],[[[127.98913,26.38806],[127.98917,26.38808],[127.98915,26.38805],[127.98913,26.38806]]],[[[127.98926,26.38776],[127.98928,26.38778],[127.98929,26.38776],[127.98926,26.38776]]],[[[127.98927,26.3878],[127.98929,26.38779],[127.98928,26.38778],[127.98927,26.3878]]],[[[127.98924,26.38788],[127.98928,26.38787],[127.98925,26.38785],[127.98924,26.38788]]],[[[127.98929,26.38789],[127.98932,26.38792],[127.98932,26.38789],[127.98929,26.38789]]],[[[127.98934,26.38787],[127.98937,26.3879],[127.98938,26.38788],[127.98934,26.38787]]],[[[127.98937,26.38777],[127.98942,26.38775],[127.98938,26.38773],[127.98937,26.38777]]],[[[127.9894,26.38789],[127.98943,26.38789],[127.98943,26.38788],[127.9894,26.38789]]],[[[127.98931,26.38794],[127.98935,26.38796],[127.98934,26.38794],[127.98931,26.38794]]],[[[127.98926,26.38808],[127.9893,26.3881],[127.9893,26.38808],[127.98926,26.38808]]],[[[127.98938,26.38808],[127.98946,26.38811],[127.98946,26.38804],[127.98938,26.38808]]],[[[127.9893,26.38818],[127.98932,26.3882],[127.98932,26.38818],[127.9893,26.38818]]],[[[127.98928,26.38823],[127.98929,26.38825],[127.9893,26.38824],[127.98928,26.38823]]],[[[127.98962,26.38837],[127.98966,26.38836],[127.98963,26.38834],[127.98962,26.38837]]],[[[127.98967,26.38854],[127.9897,26.38855],[127.98968,26.38853],[127.98967,26.38854]]],[[[127.98968,26.38837],[127.98991,26.38835],[127.9897,26.38826],[127.98968,26.38837]]],[[[127.99931,26.38773],[127.99933,26.38775],[127.99932,26.38772],[127.99931,26.38773]]],[[[127.99534,26.39888],[127.99531,26.39891],[127.99532,26.39892],[127.99534,26.39888]]],[[[127.9954,26.3989],[127.99534,26.39894],[127.99538,26.39896],[127.9954,26.3989]]],[[[127.99639,26.39964],[127.99637,26.39969],[127.99641,26.39968],[127.99639,26.39964]]],[[[127.99643,26.39967],[127.99642,26.3997],[127.99644,26.39968],[127.99643,26.39967]]],[[[127.9954,26.39864],[127.9954,26.39867],[127.99541,26.39865],[127.9954,26.39864]]],[[[127.99548,26.39878],[127.99545,26.3988],[127.99547,26.39881],[127.99548,26.39878]]],[[[127.99539,26.39883],[127.99538,26.39884],[127.99538,26.39884],[127.99539,26.39883]]],[[[127.99544,26.39884],[127.99542,26.39885],[127.99544,26.39885],[127.99544,26.39884]]],[[[127.99537,26.39898],[127.99532,26.39899],[127.99537,26.39899],[127.99537,26.39898]]],[[[127.99536,26.39905],[127.99536,26.39916],[127.99539,26.39904],[127.99536,26.39905]]],[[[127.99602,26.39977],[127.99601,26.39986],[127.99607,26.39981],[127.99602,26.39977]]],[[[127.99745,26.39979],[127.99742,26.39983],[127.99746,26.39982],[127.99745,26.39979]]],[[[127.98893,26.38572],[127.98897,26.38572],[127.98896,26.38567],[127.98893,26.38572]]],[[[127.98968,26.3852],[127.98971,26.3852],[127.98969,26.38519],[127.98968,26.3852]]],[[[127.98945,26.38527],[127.98951,26.38532],[127.98952,26.38527],[127.98945,26.38527]]],[[[127.99035,26.38529],[127.99043,26.38529],[127.99037,26.38525],[127.99035,26.38529]]],[[[127.99044,26.38525],[127.9906,26.38529],[127.99058,26.38521],[127.99044,26.38525]]],[[[127.99054,26.38539],[127.99058,26.38538],[127.99055,26.38536],[127.99054,26.38539]]],[[[127.99055,26.38548],[127.99057,26.38549],[127.99056,26.38548],[127.99055,26.38548]]],[[[127.99053,26.38557],[127.99056,26.38557],[127.99056,26.38555],[127.99053,26.38557]]],[[[127.9906,26.3856],[127.99061,26.38559],[127.9906,26.38559],[127.9906,26.3856]]],[[[127.99076,26.38583],[127.99078,26.38586],[127.99079,26.38584],[127.99076,26.38583]]],[[[127.99079,26.38588],[127.99082,26.3859],[127.99082,26.3859],[127.99079,26.38588]]],[[[127.99094,26.38624],[127.99096,26.38625],[127.99096,26.38624],[127.99094,26.38624]]],[[[127.98929,26.38769],[127.98935,26.38771],[127.98935,26.3877],[127.98929,26.38769]]],[[[127.99845,26.3838],[127.99842,26.38381],[127.99844,26.38382],[127.99845,26.3838]]],[[[127.99873,26.38648],[127.99879,26.3865],[127.99876,26.38646],[127.99873,26.38648]]],[[[127.99789,26.39954],[127.99785,26.3996],[127.9979,26.39963],[127.99789,26.39954]]],[[[127.99839,26.3998],[127.99835,26.39987],[127.99841,26.39984],[127.99839,26.3998]]],[[[127.99879,26.39974],[127.99877,26.39975],[127.99878,26.39976],[127.99879,26.39974]]],[[[127.99932,26.39988],[127.99924,26.39992],[127.99933,26.39996],[127.99932,26.39988]]],[[[127.98905,26.38857],[127.98909,26.38859],[127.98908,26.38855],[127.98905,26.38857]]],[[[127.9953,26.39888],[127.99527,26.3989],[127.99529,26.39891],[127.9953,26.39888]]],[[[127.99533,26.39946],[127.99527,26.39957],[127.99534,26.39957],[127.99533,26.39946]]],[[[127.99527,26.39977],[127.99525,26.39982],[127.99532,26.39983],[127.99527,26.39977]]],[[[127.98742,26.38565],[127.98758,26.38573],[127.98753,26.38563],[127.98742,26.38565]]],[[[127.95626,26.31025],[127.95629,26.31022],[127.95626,26.31022],[127.95626,26.31025]]],[[[127.95629,26.31028],[127.95637,26.3103],[127.95633,26.31025],[127.95629,26.31028]]],[[[127.95504,26.31187],[127.95511,26.3119],[127.95508,26.31185],[127.95504,26.31187]]],[[[127.95502,26.31199],[127.95508,26.31202],[127.95505,26.31197],[127.95502,26.31199]]],[[[127.95641,26.31021],[127.95645,26.31023],[127.95645,26.3102],[127.95641,26.31021]]],[[[127.95656,26.3104],[127.95663,26.31043],[127.95662,26.31039],[127.95656,26.3104]]],[[[127.95588,26.31074],[127.95593,26.31074],[127.95592,26.31071],[127.95588,26.31074]]],[[[127.95595,26.31066],[127.95599,26.31068],[127.95599,26.31065],[127.95595,26.31066]]],[[[127.95611,26.31055],[127.95617,26.31063],[127.95618,26.31056],[127.95611,26.31055]]],[[[127.95986,26.30878],[127.96,26.30866],[127.95988,26.30864],[127.95986,26.30878]]],[[[127.95981,26.30914],[127.9599,26.30913],[127.95987,26.30909],[127.95981,26.30914]]],[[[127.96001,26.30919],[127.96005,26.30918],[127.96003,26.30915],[127.96001,26.30919]]],[[[127.96008,26.30918],[127.96012,26.30918],[127.96009,26.30916],[127.96008,26.30918]]],[[[127.96063,26.30985],[127.96076,26.30981],[127.96067,26.30978],[127.96063,26.30985]]],[[[127.96068,26.31075],[127.96076,26.31087],[127.96081,26.31076],[127.96068,26.31075]]],[[[127.96082,26.31099],[127.96102,26.31086],[127.9609,26.31083],[127.96082,26.31099]]],[[[127.96103,26.31244],[127.96109,26.31246],[127.96109,26.31243],[127.96103,26.31244]]],[[[127.95501,26.31283],[127.95506,26.31284],[127.95503,26.3128],[127.95501,26.31283]]],[[[127.95161,26.31802],[127.9516,26.31789],[127.95152,26.31797],[127.95161,26.31802]]],[[[127.95149,26.31826],[127.95147,26.31833],[127.95154,26.3183],[127.95149,26.31826]]],[[[127.95175,26.31785],[127.95184,26.31794],[127.95185,26.31788],[127.95175,26.31785]]],[[[127.95167,26.31817],[127.9517,26.31819],[127.95169,26.31816],[127.95167,26.31817]]],[[[127.95188,26.31796],[127.95192,26.31798],[127.95191,26.31795],[127.95188,26.31796]]],[[[127.95189,26.31856],[127.95191,26.31857],[127.9519,26.31855],[127.95189,26.31856]]],[[[127.95193,26.31845],[127.95195,26.31849],[127.95196,26.31844],[127.95193,26.31845]]],[[[127.95192,26.31857],[127.95195,26.31857],[127.95194,26.31855],[127.95192,26.31857]]],[[[127.95043,26.32221],[127.95046,26.32222],[127.95045,26.3222],[127.95043,26.32221]]],[[[127.95054,26.32259],[127.95057,26.32261],[127.95056,26.32259],[127.95054,26.32259]]],[[[127.95058,26.32257],[127.9506,26.32257],[127.95059,26.32256],[127.95058,26.32257]]],[[[127.95062,26.3226],[127.95061,26.32262],[127.95062,26.32262],[127.95062,26.3226]]],[[[127.95057,26.32264],[127.9506,26.32264],[127.95059,26.32263],[127.95057,26.32264]]],[[[127.95061,26.32268],[127.95064,26.32269],[127.95063,26.32266],[127.95061,26.32268]]],[[[127.95238,26.31523],[127.95245,26.31518],[127.9524,26.31517],[127.95238,26.31523]]],[[[127.95256,26.31649],[127.95258,26.31651],[127.95258,26.31649],[127.95256,26.31649]]],[[[127.95256,26.31642],[127.95259,26.31643],[127.95259,26.31641],[127.95256,26.31642]]],[[[127.9526,26.31656],[127.95263,26.31657],[127.95263,26.31655],[127.9526,26.31656]]],[[[127.95259,26.31663],[127.95263,26.31665],[127.95262,26.31661],[127.95259,26.31663]]],[[[127.95244,26.31675],[127.95247,26.31677],[127.95247,26.31674],[127.95244,26.31675]]],[[[127.95256,26.31677],[127.95261,26.31673],[127.95254,26.31676],[127.95256,26.31677]]],[[[127.95237,26.31696],[127.95239,26.31697],[127.95239,26.31696],[127.95237,26.31696]]],[[[127.95235,26.31726],[127.95238,26.31726],[127.95236,26.31724],[127.95235,26.31726]]],[[[127.95267,26.31644],[127.95269,26.31641],[127.95267,26.31643],[127.95267,26.31644]]],[[[127.95263,26.31651],[127.95264,26.31652],[127.95264,26.3165],[127.95263,26.31651]]],[[[127.95266,26.31661],[127.95268,26.31662],[127.95268,26.3166],[127.95266,26.31661]]],[[[127.95401,26.31342],[127.95403,26.31353],[127.95411,26.31343],[127.95401,26.31342]]],[[[127.95342,26.31396],[127.95348,26.31402],[127.95349,26.31398],[127.95342,26.31396]]],[[[127.95385,26.31379],[127.95386,26.31375],[127.95383,26.31377],[127.95385,26.31379]]],[[[127.95388,26.31379],[127.95391,26.31381],[127.9539,26.31377],[127.95388,26.31379]]],[[[127.95418,26.31346],[127.95422,26.31344],[127.9542,26.31342],[127.95418,26.31346]]],[[[127.95427,26.31337],[127.95431,26.31338],[127.9543,26.31335],[127.95427,26.31337]]],[[[127.95483,26.31311],[127.95489,26.31308],[127.95484,26.31307],[127.95483,26.31311]]],[[[127.96915,26.36819],[127.96915,26.36823],[127.96917,26.36821],[127.96915,26.36819]]],[[[127.96916,26.36824],[127.96919,26.36827],[127.9692,26.36824],[127.96916,26.36824]]],[[[127.96922,26.36755],[127.96922,26.36757],[127.96923,26.36757],[127.96922,26.36755]]],[[[127.96918,26.36759],[127.9692,26.36764],[127.96921,26.36759],[127.96918,26.36759]]],[[[127.96895,26.36814],[127.96898,26.36817],[127.96899,26.36815],[127.96895,26.36814]]],[[[127.96919,26.36768],[127.96917,26.36772],[127.96919,26.36772],[127.96919,26.36768]]],[[[127.96919,26.36778],[127.96921,26.3678],[127.96922,26.36778],[127.96919,26.36778]]],[[[127.96917,26.36785],[127.96914,26.36786],[127.96915,26.36788],[127.96917,26.36785]]],[[[127.96908,26.36792],[127.96903,26.36793],[127.96906,26.36794],[127.96908,26.36792]]],[[[127.96903,26.36812],[127.96901,26.36816],[127.96905,26.36816],[127.96903,26.36812]]],[[[127.96908,26.36819],[127.96905,26.36821],[127.96908,26.36822],[127.96908,26.36819]]],[[[127.96908,26.36899],[127.9691,26.369],[127.9691,26.36899],[127.96908,26.36899]]],[[[127.96937,26.36754],[127.9694,26.36756],[127.96942,26.36754],[127.96937,26.36754]]],[[[127.96955,26.36849],[127.96954,26.36853],[127.96956,26.36852],[127.96955,26.36849]]],[[[127.96933,26.36888],[127.96937,26.36889],[127.96936,26.36887],[127.96933,26.36888]]],[[[127.97038,26.36936],[127.9704,26.36938],[127.97041,26.36936],[127.97038,26.36936]]],[[[127.97061,26.36964],[127.97064,26.36963],[127.97062,26.36961],[127.97061,26.36964]]],[[[127.97064,26.36984],[127.97068,26.36985],[127.97066,26.36983],[127.97064,26.36984]]],[[[127.97065,26.36989],[127.9707,26.36988],[127.97069,26.36987],[127.97065,26.36989]]],[[[127.97012,26.37055],[127.97012,26.37055],[127.97012,26.37055],[127.97012,26.37055]]],[[[127.97054,26.37059],[127.97059,26.37059],[127.97056,26.37057],[127.97054,26.37059]]],[[[127.9708,26.3698],[127.97083,26.36979],[127.97079,26.36978],[127.9708,26.3698]]],[[[127.97086,26.36984],[127.9709,26.36986],[127.9709,26.36984],[127.97086,26.36984]]],[[[127.97069,26.36995],[127.97073,26.36995],[127.9707,26.36994],[127.97069,26.36995]]],[[[127.97076,26.36987],[127.97081,26.36989],[127.97078,26.36985],[127.97076,26.36987]]],[[[127.97076,26.37009],[127.97077,26.3701],[127.97077,26.37009],[127.97076,26.37009]]],[[[127.97076,26.37017],[127.97078,26.37019],[127.97079,26.37017],[127.97076,26.37017]]],[[[127.97086,26.37034],[127.97098,26.37033],[127.97086,26.37033],[127.97086,26.37034]]],[[[127.97102,26.37043],[127.97104,26.37044],[127.97104,26.37043],[127.97102,26.37043]]],[[[127.97102,26.37045],[127.97104,26.37046],[127.97104,26.37045],[127.97102,26.37045]]],[[[127.97096,26.37056],[127.97101,26.37058],[127.97102,26.37056],[127.97096,26.37056]]],[[[127.97098,26.37068],[127.97102,26.37069],[127.97101,26.37067],[127.97098,26.37068]]],[[[127.97107,26.37046],[127.97112,26.37049],[127.97111,26.37045],[127.97107,26.37046]]],[[[127.97124,26.37016],[127.97128,26.37017],[127.97126,26.37014],[127.97124,26.37016]]],[[[127.97153,26.37266],[127.97156,26.37267],[127.97156,26.37266],[127.97153,26.37266]]],[[[127.97158,26.37261],[127.97158,26.37261],[127.97159,26.37261],[127.97158,26.37261]]],[[[127.9717,26.37257],[127.97182,26.3726],[127.9718,26.37252],[127.9717,26.37257]]],[[[127.97212,26.37276],[127.97217,26.3728],[127.97214,26.37275],[127.97212,26.37276]]],[[[127.97216,26.3721],[127.97221,26.37211],[127.97221,26.37209],[127.97216,26.3721]]],[[[127.97227,26.37236],[127.97235,26.37237],[127.97234,26.37232],[127.97227,26.37236]]],[[[127.97228,26.37245],[127.97233,26.37246],[127.97232,26.37244],[127.97228,26.37245]]],[[[127.9722,26.37265],[127.97223,26.37268],[127.97224,26.37266],[127.9722,26.37265]]],[[[127.97225,26.37255],[127.97229,26.3726],[127.97232,26.37258],[127.97225,26.37255]]],[[[127.97218,26.37277],[127.97226,26.37281],[127.9722,26.37275],[127.97218,26.37277]]],[[[127.97232,26.37261],[127.97233,26.37262],[127.97233,26.37261],[127.97232,26.37261]]],[[[127.9724,26.37269],[127.97247,26.37271],[127.97245,26.37266],[127.9724,26.37269]]],[[[127.97223,26.37312],[127.97225,26.37314],[127.97225,26.37313],[127.97223,26.37312]]],[[[127.97229,26.37312],[127.97232,26.37314],[127.97231,26.3731],[127.97229,26.37312]]],[[[127.97244,26.37311],[127.97249,26.37318],[127.97251,26.37313],[127.97244,26.37311]]],[[[127.9727,26.37329],[127.97272,26.37333],[127.97273,26.37329],[127.9727,26.37329]]],[[[127.97269,26.37338],[127.97269,26.3734],[127.97271,26.37338],[127.97269,26.37338]]],[[[127.97271,26.37349],[127.97274,26.37352],[127.97274,26.37347],[127.97271,26.37349]]],[[[127.96912,26.36677],[127.96909,26.36675],[127.96909,26.36677],[127.96912,26.36677]]],[[[127.96901,26.36681],[127.96901,26.36685],[127.96903,26.36683],[127.96901,26.36681]]],[[[127.9693,26.36678],[127.96925,26.36674],[127.96925,26.36678],[127.9693,26.36678]]],[[[127.96936,26.36703],[127.9694,26.36705],[127.96939,26.36702],[127.96936,26.36703]]],[[[127.96909,26.36719],[127.96913,26.3672],[127.9691,26.36718],[127.96909,26.36719]]],[[[127.96914,26.36723],[127.96911,26.36726],[127.96915,26.36726],[127.96914,26.36723]]],[[[127.96918,26.36742],[127.96922,26.36744],[127.96921,26.36741],[127.96918,26.36742]]],[[[127.96926,26.3672],[127.96925,26.36725],[127.96928,26.36722],[127.96926,26.3672]]],[[[127.98559,26.35869],[127.98555,26.35867],[127.98557,26.3587],[127.98559,26.35869]]],[[[127.98559,26.35871],[127.98561,26.35872],[127.98561,26.3587],[127.98559,26.35871]]],[[[127.98564,26.35873],[127.98573,26.35874],[127.9857,26.35869],[127.98564,26.35873]]],[[[127.98574,26.35872],[127.98579,26.35874],[127.98578,26.35872],[127.98574,26.35872]]],[[[127.98597,26.35889],[127.98599,26.35891],[127.98599,26.35889],[127.98597,26.35889]]],[[[127.98647,26.35905],[127.98652,26.35905],[127.98649,26.35904],[127.98647,26.35905]]],[[[127.98656,26.35892],[127.9866,26.35893],[127.9866,26.3589],[127.98656,26.35892]]],[[[127.98663,26.3589],[127.98668,26.3589],[127.98664,26.35889],[127.98663,26.3589]]],[[[127.98672,26.35914],[127.98677,26.35923],[127.98681,26.35921],[127.98672,26.35914]]],[[[127.98689,26.35909],[127.98692,26.35904],[127.98687,26.35904],[127.98689,26.35909]]],[[[127.99377,26.36999],[127.99369,26.36991],[127.99365,26.36996],[127.99377,26.36999]]],[[[127.99397,26.36991],[127.99389,26.36983],[127.99387,26.36991],[127.99397,26.36991]]],[[[127.99354,26.37044],[127.99354,26.3704],[127.99351,26.37042],[127.99354,26.37044]]],[[[127.99522,26.36761],[127.99527,26.36766],[127.99529,26.36761],[127.99522,26.36761]]],[[[127.99518,26.36875],[127.99515,26.36885],[127.99521,26.36879],[127.99518,26.36875]]],[[[127.99571,26.36831],[127.99588,26.36851],[127.99591,26.36839],[127.99571,26.36831]]],[[[127.99605,26.36819],[127.99609,26.36832],[127.99617,26.36825],[127.99605,26.36819]]],[[[127.99309,26.3725],[127.99314,26.37247],[127.9931,26.37247],[127.99309,26.3725]]],[[[127.99304,26.37308],[127.99319,26.37302],[127.99311,26.37292],[127.99304,26.37308]]],[[[127.99324,26.37191],[127.99329,26.37182],[127.99321,26.37188],[127.99324,26.37191]]],[[[127.9933,26.372],[127.99328,26.37198],[127.99328,26.37199],[127.9933,26.372]]],[[[127.99618,26.36801],[127.99617,26.36817],[127.99623,26.36808],[127.99618,26.36801]]],[[[127.96278,26.31247],[127.96288,26.31245],[127.96279,26.31238],[127.96278,26.31247]]],[[[127.96111,26.31255],[127.961,26.31283],[127.9612,26.31277],[127.96111,26.31255]]],[[[127.9617,26.31639],[127.96173,26.31642],[127.96173,26.31639],[127.9617,26.31639]]],[[[127.96163,26.31659],[127.96176,26.31659],[127.96165,26.31654],[127.96163,26.31659]]],[[[127.96171,26.31631],[127.96203,26.31642],[127.96185,26.31627],[127.96171,26.31631]]],[[[127.96119,26.31244],[127.96246,26.31219],[127.96143,26.31189],[127.96119,26.31244]]],[[[127.96175,26.31679],[127.96183,26.31687],[127.96183,26.31682],[127.96175,26.31679]]],[[[127.96184,26.3171],[127.96196,26.31706],[127.96183,26.31705],[127.96184,26.3171]]],[[[127.9622,26.31683],[127.96209,26.31662],[127.962,26.31667],[127.9622,26.31683]]],[[[127.96188,26.31689],[127.96195,26.31698],[127.96197,26.31691],[127.96188,26.31689]]],[[[127.96254,26.31718],[127.96255,26.31715],[127.96252,26.31716],[127.96254,26.31718]]],[[[127.96252,26.31726],[127.96252,26.31722],[127.96251,26.31725],[127.96252,26.31726]]],[[[127.96318,26.31706],[127.96332,26.31715],[127.9633,26.31704],[127.96318,26.31706]]],[[[127.96342,26.31711],[127.96337,26.31713],[127.96341,26.31715],[127.96342,26.31711]]],[[[127.9635,26.31711],[127.96354,26.31717],[127.96358,26.31714],[127.9635,26.31711]]],[[[127.96362,26.31719],[127.96362,26.31723],[127.96364,26.31721],[127.96362,26.31719]]],[[[127.96359,26.31727],[127.96365,26.31735],[127.96366,26.31729],[127.96359,26.31727]]],[[[127.96391,26.3174],[127.96406,26.31733],[127.96391,26.31735],[127.96391,26.3174]]],[[[127.96387,26.31766],[127.96394,26.3177],[127.96391,26.31764],[127.96387,26.31766]]],[[[127.96882,26.32469],[127.96886,26.32472],[127.96885,26.32468],[127.96882,26.32469]]],[[[127.96931,26.32465],[127.96878,26.32488],[127.96877,26.32498],[127.96931,26.32465]]],[[[127.95205,26.31989],[127.95207,26.3199],[127.95207,26.31989],[127.95205,26.31989]]],[[[127.95204,26.31999],[127.95208,26.31999],[127.95206,26.31998],[127.95204,26.31999]]],[[[127.96655,26.32383],[127.96661,26.32396],[127.96664,26.32389],[127.96655,26.32383]]],[[[127.96918,26.32446],[127.96986,26.32389],[127.96722,26.32451],[127.96918,26.32446]]],[[[127.96623,26.32428],[127.96625,26.32434],[127.96627,26.3243],[127.96623,26.32428]]],[[[127.96718,26.32453],[127.96716,26.32456],[127.96718,26.32456],[127.96718,26.32453]]],[[[127.96717,26.32463],[127.96719,26.32466],[127.96719,26.32463],[127.96717,26.32463]]],[[[127.96727,26.3246],[127.96728,26.32462],[127.96729,26.3246],[127.96727,26.3246]]],[[[127.96725,26.32465],[127.96723,26.32467],[127.96726,26.32467],[127.96725,26.32465]]],[[[127.96709,26.32474],[127.96712,26.32476],[127.96712,26.32474],[127.96709,26.32474]]],[[[127.96732,26.32457],[127.96739,26.32461],[127.96737,26.32456],[127.96732,26.32457]]],[[[127.9674,26.32466],[127.96743,26.32464],[127.96739,26.32464],[127.9674,26.32466]]],[[[127.96845,26.32468],[127.96852,26.32471],[127.96849,26.32466],[127.96845,26.32468]]],[[[127.96701,26.32497],[127.96704,26.32499],[127.96704,26.32497],[127.96701,26.32497]]],[[[127.9671,26.32481],[127.96712,26.32483],[127.96711,26.32481],[127.9671,26.32481]]],[[[127.96739,26.32493],[127.9674,26.32495],[127.96741,26.32494],[127.96739,26.32493]]],[[[127.96739,26.32489],[127.96742,26.3249],[127.96741,26.32488],[127.96739,26.32489]]],[[[127.96745,26.3249],[127.96747,26.32494],[127.96749,26.32493],[127.96745,26.3249]]],[[[127.98126,26.35573],[127.9813,26.3558],[127.98132,26.35575],[127.98126,26.35573]]],[[[127.9855,26.35858],[127.98558,26.35861],[127.98555,26.35857],[127.9855,26.35858]]],[[[127.98692,26.3592],[127.98696,26.35922],[127.98695,26.35919],[127.98692,26.3592]]],[[[127.98695,26.35915],[127.98705,26.35909],[127.98696,26.35908],[127.98695,26.35915]]],[[[127.987,26.35925],[127.98703,26.35921],[127.98699,26.35922],[127.987,26.35925]]],[[[127.9917,26.35906],[127.99167,26.35909],[127.9917,26.35909],[127.9917,26.35906]]],[[[127.99171,26.35908],[127.99174,26.35911],[127.99174,26.35908],[127.99171,26.35908]]],[[[127.99044,26.35908],[127.99048,26.35911],[127.99049,26.35906],[127.99044,26.35908]]],[[[127.99061,26.35903],[127.99068,26.35905],[127.99066,26.35901],[127.99061,26.35903]]],[[[127.99079,26.35908],[127.99081,26.35901],[127.99075,26.35904],[127.99079,26.35908]]],[[[127.99137,26.35865],[127.99137,26.3587],[127.99139,26.35868],[127.99137,26.35865]]],[[[127.99135,26.35894],[127.99138,26.35898],[127.99138,26.35895],[127.99135,26.35894]]],[[[127.99179,26.35904],[127.99184,26.35905],[127.9918,26.35902],[127.99179,26.35904]]],[[[127.9919,26.35909],[127.99189,26.35913],[127.99191,26.35912],[127.9919,26.35909]]],[[[127.99193,26.35915],[127.99194,26.35919],[127.99195,26.35916],[127.99193,26.35915]]],[[[127.99193,26.35923],[127.9919,26.35923],[127.99192,26.35924],[127.99193,26.35923]]],[[[127.99202,26.35906],[127.99208,26.35908],[127.99204,26.35904],[127.99202,26.35906]]],[[[127.98702,26.35943],[127.9871,26.35942],[127.98703,26.3594],[127.98702,26.35943]]],[[[127.98717,26.35949],[127.98722,26.35952],[127.98721,26.35949],[127.98717,26.35949]]],[[[127.99256,26.3597],[127.99258,26.35972],[127.99258,26.3597],[127.99256,26.3597]]],[[[127.99282,26.36014],[127.99289,26.36016],[127.99284,26.36011],[127.99282,26.36014]]],[[[127.99293,26.36021],[127.993,26.36022],[127.99294,26.36016],[127.99293,26.36021]]],[[[127.99353,26.36642],[127.99359,26.36649],[127.99361,26.3664],[127.99353,26.36642]]],[[[127.99346,26.36649],[127.9935,26.36651],[127.99351,26.36647],[127.99346,26.36649]]],[[[127.99297,26.36038],[127.99302,26.3604],[127.99297,26.36037],[127.99297,26.36038]]],[[[127.99417,26.3613],[127.99431,26.3613],[127.99422,26.36122],[127.99417,26.3613]]],[[[127.99555,26.36129],[127.9957,26.36132],[127.99567,26.36124],[127.99555,26.36129]]],[[[127.99484,26.36141],[127.99504,26.36133],[127.99483,26.36128],[127.99484,26.36141]]],[[[127.9943,26.36314],[127.99434,26.36319],[127.99435,26.36316],[127.9943,26.36314]]],[[[127.9944,26.36307],[127.99444,26.3631],[127.99444,26.36308],[127.9944,26.36307]]],[[[127.99476,26.36294],[127.99485,26.36298],[127.99483,26.36293],[127.99476,26.36294]]],[[[127.99464,26.36306],[127.99467,26.36308],[127.99467,26.36306],[127.99464,26.36306]]],[[[127.99583,26.36148],[127.996,26.36155],[127.99594,26.36142],[127.99583,26.36148]]],[[[127.9959,26.36224],[127.99598,26.36222],[127.99591,26.36219],[127.9959,26.36224]]],[[[127.9958,26.36244],[127.99598,26.36254],[127.99598,26.3624],[127.9958,26.36244]]],[[[127.99407,26.36589],[127.99416,26.36593],[127.99414,26.36587],[127.99407,26.36589]]],[[[127.99347,26.36661],[127.99354,26.36662],[127.99353,26.36658],[127.99347,26.36661]]],[[[127.99447,26.36401],[127.99465,26.36409],[127.9946,26.36398],[127.99447,26.36401]]],[[[127.9949,26.36485],[127.99496,26.36487],[127.99494,26.36483],[127.9949,26.36485]]],[[[127.99495,26.36511],[127.99498,26.36516],[127.995,26.36514],[127.99495,26.36511]]],[[[127.99417,26.36577],[127.99426,26.36582],[127.99428,26.36574],[127.99417,26.36577]]],[[[127.99524,26.36753],[127.99532,26.36755],[127.9953,26.3675],[127.99524,26.36753]]],[[[127.95195,26.31785],[127.952,26.31786],[127.95197,26.31784],[127.95195,26.31785]]],[[[127.95196,26.31795],[127.95199,26.31798],[127.952,26.31796],[127.95196,26.31795]]],[[[127.95196,26.31814],[127.95198,26.31809],[127.95194,26.31811],[127.95196,26.31814]]],[[[127.95198,26.31829],[127.95193,26.31832],[127.95196,26.31833],[127.95198,26.31829]]],[[[127.95194,26.31861],[127.95197,26.31863],[127.95196,26.3186],[127.95194,26.31861]]],[[[127.89869,26.30507],[127.89874,26.30509],[127.89873,26.30506],[127.89869,26.30507]]],[[[127.90728,26.29776],[127.90656,26.29558],[127.90602,26.29533],[127.90728,26.29776]]],[[[127.93398,26.24808],[127.93401,26.24813],[127.93403,26.24809],[127.93398,26.24808]]],[[[127.93402,26.24814],[127.93405,26.24816],[127.93405,26.24812],[127.93402,26.24814]]],[[[127.93351,26.24631],[127.93241,26.24587],[127.9324,26.2459],[127.93351,26.24631]]],[[[127.93389,26.2466],[127.93392,26.24662],[127.93393,26.24661],[127.93389,26.2466]]],[[[127.93397,26.24665],[127.93394,26.24667],[127.93397,26.24669],[127.93397,26.24665]]],[[[127.93391,26.24798],[127.93392,26.24801],[127.93393,26.248],[127.93391,26.24798]]],[[[127.93389,26.24807],[127.93394,26.24809],[127.93393,26.24803],[127.93389,26.24807]]],[[[127.93401,26.24819],[127.93405,26.24822],[127.93405,26.2482],[127.93401,26.24819]]],[[[127.93408,26.24817],[127.93414,26.24821],[127.93414,26.2482],[127.93408,26.24817]]],[[[127.93417,26.24823],[127.93415,26.24825],[127.93418,26.24825],[127.93417,26.24823]]],[[[127.93418,26.24871],[127.93431,26.24876],[127.93423,26.24863],[127.93418,26.24871]]],[[[127.9342,26.24882],[127.93423,26.24885],[127.93422,26.24881],[127.9342,26.24882]]],[[[127.93425,26.2488],[127.93426,26.24883],[127.93426,26.24879],[127.93425,26.2488]]],[[[127.93427,26.24884],[127.93427,26.24887],[127.93428,26.24885],[127.93427,26.24884]]],[[[127.93417,26.24896],[127.93426,26.24901],[127.93426,26.24897],[127.93417,26.24896]]],[[[127.93366,26.24929],[127.93363,26.24931],[127.93367,26.24931],[127.93366,26.24929]]],[[[127.9337,26.2494],[127.9337,26.24945],[127.93372,26.24944],[127.9337,26.2494]]],[[[127.93366,26.24947],[127.93366,26.24952],[127.93369,26.24951],[127.93366,26.24947]]],[[[127.93424,26.24903],[127.93426,26.24907],[127.93427,26.24903],[127.93424,26.24903]]],[[[127.93426,26.24912],[127.93425,26.24916],[127.93428,26.24914],[127.93426,26.24912]]],[[[127.93352,26.24966],[127.93355,26.24973],[127.93359,26.24967],[127.93352,26.24966]]],[[[127.93345,26.24978],[127.93353,26.24977],[127.93347,26.24973],[127.93345,26.24978]]],[[[127.93508,26.24984],[127.93513,26.2499],[127.93512,26.24987],[127.93508,26.24984]]],[[[127.93514,26.24982],[127.93511,26.24982],[127.93513,26.24985],[127.93514,26.24982]]],[[[127.93337,26.24968],[127.93318,26.24958],[127.93316,26.24967],[127.93337,26.24968]]],[[[127.93352,26.24952],[127.93356,26.2496],[127.93358,26.24957],[127.93352,26.24952]]],[[[127.93345,26.24968],[127.93348,26.24971],[127.93349,26.24966],[127.93345,26.24968]]],[[[127.93359,26.24977],[127.93358,26.24983],[127.9336,26.24982],[127.93359,26.24977]]],[[[127.93495,26.24984],[127.93503,26.24984],[127.93499,26.2498],[127.93495,26.24984]]],[[[127.93013,26.31362],[127.93019,26.31362],[127.93016,26.31358],[127.93013,26.31362]]],[[[127.9301,26.31482],[127.93016,26.31479],[127.93011,26.31477],[127.9301,26.31482]]],[[[127.93426,26.24893],[127.93429,26.24895],[127.9343,26.24893],[127.93426,26.24893]]],[[[127.93432,26.24862],[127.93435,26.24869],[127.93439,26.24863],[127.93432,26.24862]]],[[[127.85562,26.32618],[127.84313,26.33439],[127.86165,26.34371],[127.86838,26.33601],[127.86996,26.33],[127.86642,26.32728],[127.8584,26.33355],[127.85518,26.33097],[127.85798,26.32814],[127.85562,26.32618]]],[[[127.87496,26.35769],[127.87502,26.35765],[127.87499,26.35763],[127.87496,26.35769]]],[[[127.87503,26.35787],[127.87498,26.3579],[127.87504,26.3579],[127.87503,26.35787]]],[[[127.87482,26.35784],[127.87484,26.35786],[127.87484,26.35784],[127.87482,26.35784]]],[[[127.87486,26.35786],[127.87488,26.35789],[127.87489,26.35786],[127.87486,26.35786]]],[[[127.87491,26.35787],[127.87494,26.3579],[127.87495,26.35786],[127.87491,26.35787]]],[[[127.87466,26.35799],[127.87469,26.35799],[127.87468,26.35797],[127.87466,26.35799]]],[[[127.87478,26.35796],[127.87485,26.35794],[127.87481,26.35791],[127.87478,26.35796]]],[[[127.87502,26.35747],[127.87505,26.35749],[127.87505,26.35747],[127.87502,26.35747]]],[[[127.87501,26.35753],[127.87505,26.35755],[127.87504,26.35752],[127.87501,26.35753]]],[[[127.84408,26.40622],[127.84412,26.40627],[127.84412,26.40624],[127.84408,26.40622]]],[[[127.84447,26.40592],[127.84446,26.40596],[127.84448,26.40594],[127.84447,26.40592]]],[[[127.84432,26.40618],[127.84436,26.40619],[127.84435,26.40616],[127.84432,26.40618]]],[[[127.8444,26.40601],[127.84442,26.40603],[127.84443,26.406],[127.8444,26.40601]]],[[[127.84436,26.40609],[127.84438,26.40612],[127.84439,26.40608],[127.84436,26.40609]]],[[[127.84473,26.40556],[127.84477,26.40559],[127.84477,26.40556],[127.84473,26.40556]]],[[[127.84483,26.40551],[127.84489,26.40553],[127.84487,26.4055],[127.84483,26.40551]]],[[[127.84586,26.405],[127.84591,26.40502],[127.84589,26.40499],[127.84586,26.405]]],[[[127.84581,26.40502],[127.84582,26.40506],[127.84584,26.40505],[127.84581,26.40502]]],[[[127.84592,26.40511],[127.84596,26.40512],[127.84596,26.4051],[127.84592,26.40511]]],[[[127.84593,26.40503],[127.84597,26.40505],[127.84595,26.40502],[127.84593,26.40503]]],[[[127.84605,26.40507],[127.84608,26.4051],[127.84608,26.40508],[127.84605,26.40507]]],[[[127.84608,26.40503],[127.84611,26.40506],[127.84611,26.40503],[127.84608,26.40503]]],[[[127.84611,26.40512],[127.84617,26.40514],[127.84617,26.40511],[127.84611,26.40512]]],[[[127.84624,26.40513],[127.8463,26.40515],[127.84628,26.40512],[127.84624,26.40513]]],[[[127.84621,26.40519],[127.84625,26.40521],[127.84624,26.40518],[127.84621,26.40519]]],[[[127.84621,26.40524],[127.84626,26.40524],[127.84623,26.40523],[127.84621,26.40524]]],[[[127.84402,26.40629],[127.84408,26.40634],[127.84408,26.40629],[127.84402,26.40629]]],[[[127.8442,26.40632],[127.84426,26.40637],[127.84425,26.4063],[127.8442,26.40632]]],[[[127.84427,26.40625],[127.84431,26.40628],[127.84432,26.40624],[127.84427,26.40625]]],[[[127.875,26.31038],[127.87735,26.31201],[127.87226,26.30836],[127.875,26.31038]]],[[[127.89534,26.30744],[127.8954,26.30752],[127.89539,26.30742],[127.89534,26.30744]]],[[[127.89525,26.30752],[127.89528,26.3076],[127.89533,26.30759],[127.89525,26.30752]]],[[[127.89033,26.31129],[127.89037,26.31137],[127.8904,26.31133],[127.89033,26.31129]]],[[[127.88967,26.31186],[127.88973,26.31191],[127.88973,26.31186],[127.88967,26.31186]]],[[[127.89103,26.31095],[127.89108,26.31103],[127.89108,26.31094],[127.89103,26.31095]]],[[[127.89107,26.31107],[127.89109,26.31117],[127.89114,26.3111],[127.89107,26.31107]]],[[[127.89112,26.311],[127.89119,26.31103],[127.89117,26.31097],[127.89112,26.311]]],[[[127.89281,26.30868],[127.89292,26.30865],[127.89281,26.30863],[127.89281,26.30868]]],[[[127.89265,26.30912],[127.89277,26.30916],[127.89278,26.30908],[127.89265,26.30912]]],[[[127.89312,26.30869],[127.89319,26.30866],[127.89313,26.30865],[127.89312,26.30869]]],[[[127.89511,26.30768],[127.89513,26.30779],[127.89521,26.30772],[127.89511,26.30768]]],[[[127.89637,26.30678],[127.89643,26.30686],[127.89646,26.30681],[127.89637,26.30678]]],[[[127.89671,26.3066],[127.89674,26.30667],[127.89676,26.30663],[127.89671,26.3066]]],[[[127.87779,26.31229],[127.87851,26.31298],[127.87856,26.31293],[127.87779,26.31229]]],[[[127.88794,26.31422],[127.88791,26.31427],[127.88795,26.31428],[127.88794,26.31422]]],[[[127.88804,26.31419],[127.88806,26.31424],[127.88807,26.31421],[127.88804,26.31419]]],[[[127.88809,26.31435],[127.88801,26.31434],[127.88803,26.31439],[127.88809,26.31435]]],[[[127.88757,26.3156],[127.88753,26.31564],[127.88756,26.31565],[127.88757,26.3156]]],[[[127.87646,26.38176],[127.87647,26.38178],[127.87649,26.38176],[127.87646,26.38176]]],[[[127.84568,26.40498],[127.84572,26.40501],[127.84572,26.40499],[127.84568,26.40498]]],[[[127.87553,26.36965],[127.87613,26.36966],[127.87613,26.36963],[127.87553,26.36965]]],[[[127.87531,26.37121],[127.87568,26.37129],[127.87567,26.37119],[127.87531,26.37121]]],[[[127.83711,26.41315],[127.83714,26.41315],[127.83714,26.41314],[127.83711,26.41315]]],[[[127.83708,26.41342],[127.83714,26.41338],[127.8371,26.41336],[127.83708,26.41342]]],[[[127.83758,26.41349],[127.83765,26.4134],[127.83758,26.4134],[127.83758,26.41349]]],[[[127.83842,26.41057],[127.83848,26.41055],[127.83843,26.41053],[127.83842,26.41057]]],[[[127.83879,26.41036],[127.83886,26.41036],[127.83879,26.41032],[127.83879,26.41036]]],[[[127.83866,26.41044],[127.83875,26.41042],[127.83867,26.41041],[127.83866,26.41044]]],[[[127.83848,26.41077],[127.83852,26.41071],[127.83846,26.41072],[127.83848,26.41077]]],[[[127.83839,26.4109],[127.83853,26.41091],[127.83844,26.41084],[127.83839,26.4109]]],[[[127.83793,26.41166],[127.83797,26.41161],[127.83792,26.41162],[127.83793,26.41166]]],[[[127.83804,26.41195],[127.83807,26.41193],[127.83803,26.41194],[127.83804,26.41195]]],[[[127.83809,26.41203],[127.83815,26.41204],[127.83812,26.412],[127.83809,26.41203]]],[[[127.83892,26.41029],[127.83915,26.4103],[127.83897,26.41017],[127.83892,26.41029]]],[[[127.83888,26.41047],[127.83897,26.41045],[127.8389,26.41042],[127.83888,26.41047]]],[[[127.84019,26.40753],[127.84031,26.40759],[127.84033,26.40756],[127.84019,26.40753]]],[[[127.8399,26.40791],[127.83998,26.40795],[127.83992,26.40789],[127.8399,26.40791]]],[[[127.84047,26.40743],[127.84051,26.40748],[127.84051,26.40744],[127.84047,26.40743]]],[[[127.8405,26.40759],[127.84055,26.40763],[127.84055,26.40759],[127.8405,26.40759]]],[[[127.92036,26.31599],[127.92064,26.31621],[127.92083,26.31579],[127.92036,26.31599]]],[[[127.9201,26.31672],[127.91994,26.31679],[127.92009,26.31684],[127.9201,26.31672]]],[[[127.92936,26.31639],[127.92941,26.31639],[127.92938,26.31637],[127.92936,26.31639]]],[[[127.92843,26.31675],[127.92846,26.31676],[127.92846,26.31674],[127.92843,26.31675]]],[[[127.92842,26.31686],[127.92845,26.31686],[127.92844,26.31685],[127.92842,26.31686]]],[[[127.9284,26.31695],[127.92843,26.31694],[127.92842,26.31693],[127.9284,26.31695]]],[[[127.9284,26.31701],[127.92843,26.317],[127.92841,26.31699],[127.9284,26.31701]]],[[[127.92849,26.31696],[127.92852,26.31695],[127.92849,26.31694],[127.92849,26.31696]]],[[[127.92846,26.31698],[127.92849,26.31699],[127.92849,26.31698],[127.92846,26.31698]]],[[[127.9281,26.31769],[127.92813,26.31767],[127.92812,26.31766],[127.9281,26.31769]]],[[[127.92811,26.31763],[127.92815,26.31762],[127.92812,26.31761],[127.92811,26.31763]]],[[[127.92997,26.3146],[127.93004,26.31464],[127.93001,26.31457],[127.92997,26.3146]]],[[[127.93004,26.31488],[127.9301,26.31486],[127.93005,26.31483],[127.93004,26.31488]]],[[[127.87508,26.35709],[127.87509,26.3571],[127.87509,26.35708],[127.87508,26.35709]]],[[[127.87509,26.35726],[127.8751,26.35728],[127.87511,26.35726],[127.87509,26.35726]]],[[[127.87512,26.35719],[127.87514,26.3572],[127.87514,26.35718],[127.87512,26.35719]]],[[[127.87514,26.35724],[127.87517,26.35723],[127.87514,26.35722],[127.87514,26.35724]]],[[[127.87512,26.35729],[127.87515,26.35726],[127.87511,26.35725],[127.87512,26.35729]]],[[[127.92678,26.31979],[127.92679,26.31983],[127.92681,26.31981],[127.92678,26.31979]]],[[[127.92799,26.31785],[127.92803,26.31783],[127.928,26.31782],[127.92799,26.31785]]],[[[127.92788,26.31827],[127.92791,26.31829],[127.92791,26.31827],[127.92788,26.31827]]],[[[127.92783,26.31845],[127.92786,26.31846],[127.92785,26.31844],[127.92783,26.31845]]],[[[127.92776,26.31852],[127.92779,26.31853],[127.92779,26.31852],[127.92776,26.31852]]],[[[127.92779,26.3185],[127.92782,26.31851],[127.92781,26.3185],[127.92779,26.3185]]],[[[127.92786,26.31843],[127.92789,26.31844],[127.92788,26.31842],[127.92786,26.31843]]],[[[127.92475,26.31667],[127.91897,26.31815],[127.91754,26.32223],[127.92453,26.32458],[127.93008,26.31244],[127.92475,26.31667]]],[[[127.91719,26.32187],[127.91728,26.3219],[127.91723,26.32182],[127.91719,26.32187]]],[[[127.93579,26.33333],[127.93954,26.33557],[127.93522,26.33252],[127.92996,26.33103],[127.91742,26.33151],[127.93579,26.33333]]],[[[127.93022,26.31351],[127.93028,26.31357],[127.93026,26.3135],[127.93022,26.31351]]],[[[127.93025,26.31369],[127.93022,26.31373],[127.93025,26.31372],[127.93025,26.31369]]],[[[127.93509,26.32506],[127.93516,26.32513],[127.93515,26.32504],[127.93509,26.32506]]],[[[127.93509,26.32563],[127.93519,26.32562],[127.93511,26.32556],[127.93509,26.32563]]],[[[127.93596,26.32477],[127.93603,26.32481],[127.93603,26.32478],[127.93596,26.32477]]],[[[127.93603,26.32449],[127.93609,26.32457],[127.93607,26.32449],[127.93603,26.32449]]],[[[127.93615,26.32472],[127.93623,26.32473],[127.93621,26.32468],[127.93615,26.32472]]],[[[127.93556,26.3252],[127.93556,26.32526],[127.93559,26.32524],[127.93556,26.3252]]],[[[127.93556,26.32571],[127.93563,26.32572],[127.93559,26.32569],[127.93556,26.32571]]],[[[127.93553,26.32583],[127.93561,26.32585],[127.93558,26.3258],[127.93553,26.32583]]],[[[127.93583,26.32657],[127.93591,26.32652],[127.93584,26.3265],[127.93583,26.32657]]],[[[127.93624,26.32672],[127.93633,26.32677],[127.93629,26.32669],[127.93624,26.32672]]],[[[127.93429,26.24844],[127.93433,26.24849],[127.93432,26.24843],[127.93429,26.24844]]],[[[127.93425,26.2485],[127.93431,26.24852],[127.93427,26.24848],[127.93425,26.2485]]],[[[127.93429,26.24878],[127.9343,26.24882],[127.93434,26.24878],[127.93429,26.24878]]],[[[127.93428,26.24901],[127.93431,26.24902],[127.93431,26.24899],[127.93428,26.24901]]],[[[127.93435,26.2491],[127.9343,26.24913],[127.93432,26.24913],[127.93435,26.2491]]]]}},{"type":"Feature","properties":{"pref":"沖縄県","name":"与那原町","type":"町","code":"47348","region":"47"},"geometry":{"type":"Polygon","coordinates":[[[127.76255,26.1947],[127.74873,26.19766],[127.74686,26.19616],[127.74824,26.20257],[127.73911,26.21086],[127.74161,26.21488],[127.7446,26.21289],[127.75926,26.21258],[127.77003,26.20749],[127.77247,26.20359],[127.77296,26.20234],[127.7672,26.20749],[127.76552,26.20503],[127.77155,26.20288],[127.77037,26.20157],[127.76347,26.20282],[127.76095,26.20302],[127.76063,26.20235],[127.76924,26.20024],[127.77065,26.19261],[127.77534,26.19153],[127.77429,26.18953],[127.77679,26.19102],[127.77583,26.19162],[127.77569,26.19226],[127.77727,26.19079],[127.77379,26.18661],[127.76549,26.18626],[127.76255,26.1947]]]}},{"type":"Feature","properties":{"pref":"沖縄県","name":"与那国町","type":"町","code":"47382","region":"47"},"geometry":{"type":"MultiPolygon","coordinates":[[[[123.00128,24.4713],[122.99805,24.47493],[122.99733,24.4742],[122.99583,24.47502],[122.99802,24.47521],[123.00336,24.4727],[123.00128,24.4713]]],[[[123.00122,24.44092],[123.00125,24.44095],[123.00126,24.44093],[123.00122,24.44092]]],[[[123.00138,24.44106],[123.00141,24.44108],[123.00143,24.44105],[123.00138,24.44106]]],[[[123.0015,24.44106],[123.00153,24.44107],[123.00153,24.44106],[123.0015,24.44106]]],[[[123.00159,24.44095],[123.00163,24.44096],[123.00164,24.44095],[123.00159,24.44095]]],[[[123.00279,24.44098],[123.00283,24.44101],[123.00284,24.44097],[123.00279,24.44098]]],[[[123.00295,24.44096],[123.00298,24.44098],[123.003,24.44096],[123.00295,24.44096]]],[[[123.00764,24.47376],[123.00773,24.47382],[123.00776,24.47373],[123.00764,24.47376]]],[[[123.00454,24.44008],[123.00454,24.4401],[123.00456,24.44008],[123.00454,24.44008]]],[[[123.00451,24.44021],[123.00448,24.44022],[123.00447,24.44026],[123.00451,24.44021]]],[[[123.00491,24.43984],[123.00487,24.43985],[123.00487,24.43986],[123.00491,24.43984]]],[[[123.00487,24.43963],[123.00485,24.43961],[123.00485,24.43963],[123.00487,24.43963]]],[[[123.00493,24.43966],[123.00487,24.43966],[123.00488,24.43967],[123.00493,24.43966]]],[[[123.00483,24.43921],[123.00486,24.43927],[123.00487,24.43921],[123.00483,24.43921]]],[[[123.00489,24.4393],[123.00488,24.43932],[123.0049,24.43931],[123.00489,24.4393]]],[[[123.00483,24.43953],[123.00484,24.43946],[123.00481,24.43946],[123.00483,24.43953]]],[[[123.00487,24.43981],[123.00484,24.43981],[123.00485,24.43983],[123.00487,24.43981]]],[[[123.00495,24.43958],[123.00504,24.43956],[123.00495,24.43949],[123.00495,24.43958]]],[[[123.005,24.4397],[123.00496,24.43971],[123.00496,24.43973],[123.005,24.4397]]],[[[123.00023,24.44062],[123.00025,24.44065],[123.00026,24.44064],[123.00023,24.44062]]],[[[123.0004,24.44063],[123.00044,24.44066],[123.00045,24.44064],[123.0004,24.44063]]],[[[123.00059,24.44062],[123.00065,24.44065],[123.00067,24.44063],[123.00059,24.44062]]],[[[123.00069,24.44058],[123.00072,24.4406],[123.00072,24.44058],[123.00069,24.44058]]],[[[123.00071,24.44065],[123.00075,24.44069],[123.00079,24.44064],[123.00071,24.44065]]],[[[123.0008,24.44057],[123.0008,24.44059],[123.00082,24.44058],[123.0008,24.44057]]],[[[123.00323,24.44086],[123.00324,24.44089],[123.00326,24.44087],[123.00323,24.44086]]],[[[123.00354,24.44081],[123.00351,24.44084],[123.00355,24.44082],[123.00354,24.44081]]],[[[123.00393,24.44052],[123.00394,24.44056],[123.00395,24.44053],[123.00393,24.44052]]],[[[123.00396,24.44062],[123.00399,24.44064],[123.00398,24.44061],[123.00396,24.44062]]],[[[123.00657,24.4375],[123.00663,24.4373],[123.00654,24.43729],[123.00657,24.4375]]],[[[123.01301,24.43722],[123.01311,24.43706],[123.01291,24.43686],[123.01301,24.43722]]],[[[123.00502,24.43935],[123.00497,24.43933],[123.00498,24.43937],[123.00502,24.43935]]],[[[123.0051,24.43928],[123.00511,24.4393],[123.00512,24.43929],[123.0051,24.43928]]],[[[123.00504,24.43939],[123.005,24.43941],[123.00501,24.43943],[123.00504,24.43939]]],[[[123.00506,24.43933],[123.00508,24.43934],[123.00508,24.43933],[123.00506,24.43933]]],[[[123.00514,24.43938],[123.00509,24.43941],[123.00512,24.43942],[123.00514,24.43938]]],[[[123.00517,24.43934],[123.00521,24.43937],[123.00521,24.43935],[123.00517,24.43934]]],[[[123.00587,24.4388],[123.00588,24.43886],[123.00592,24.43882],[123.00587,24.4388]]],[[[123.00681,24.43777],[123.00692,24.43759],[123.00677,24.43757],[123.00681,24.43777]]],[[[123.00818,24.4378],[123.0082,24.43789],[123.00824,24.43786],[123.00818,24.4378]]],[[[123.00946,24.4381],[123.00949,24.43814],[123.0095,24.43811],[123.00946,24.4381]]],[[[123.00951,24.43801],[123.00955,24.43806],[123.00956,24.438],[123.00951,24.43801]]],[[[123.00956,24.4381],[123.0096,24.43813],[123.00961,24.43811],[123.00956,24.4381]]],[[[123.01269,24.43814],[123.0127,24.43821],[123.01274,24.43819],[123.01269,24.43814]]],[[[123.01294,24.43838],[123.01284,24.43839],[123.01287,24.43842],[123.01294,24.43838]]],[[[123.01303,24.43836],[123.01304,24.43841],[123.01307,24.43839],[123.01303,24.43836]]],[[[123.0131,24.43854],[123.01311,24.43857],[123.01312,24.43855],[123.0131,24.43854]]],[[[123.01345,24.43935],[123.01342,24.43934],[123.01342,24.43936],[123.01345,24.43935]]],[[[123.01352,24.43937],[123.01346,24.43938],[123.01346,24.43938],[123.01352,24.43937]]],[[[123.01506,24.4409],[123.01507,24.44097],[123.0151,24.44093],[123.01506,24.4409]]],[[[123.01513,24.44095],[123.01515,24.441],[123.01518,24.44098],[123.01513,24.44095]]],[[[123.01354,24.43689],[123.01361,24.43664],[123.01344,24.43663],[123.01354,24.43689]]],[[[123.01361,24.43945],[123.01357,24.43945],[123.0136,24.43947],[123.01361,24.43945]]],[[[123.01381,24.43964],[123.01374,24.43958],[123.0137,24.43966],[123.01381,24.43964]]],[[[123.01389,24.43978],[123.01392,24.43985],[123.01393,24.43979],[123.01389,24.43978]]],[[[123.01497,24.44081],[123.01498,24.44085],[123.015,24.44081],[123.01497,24.44081]]],[[[123.01506,24.44079],[123.01506,24.44083],[123.01508,24.44084],[123.01506,24.44079]]],[[[123.01534,24.44102],[123.01535,24.44105],[123.01537,24.44103],[123.01534,24.44102]]],[[[123.01546,24.44093],[123.01549,24.44095],[123.01549,24.44092],[123.01546,24.44093]]],[[[123.01544,24.44102],[123.01546,24.44104],[123.01547,24.44103],[123.01544,24.44102]]],[[[123.01552,24.44103],[123.01551,24.44107],[123.01555,24.44106],[123.01552,24.44103]]],[[[123.01581,24.44101],[123.01583,24.44103],[123.01584,24.44102],[123.01581,24.44101]]],[[[123.01578,24.44109],[123.01579,24.44111],[123.0158,24.4411],[123.01578,24.44109]]],[[[123.01585,24.44108],[123.01582,24.4411],[123.01583,24.44111],[123.01585,24.44108]]],[[[123.01584,24.44114],[123.01585,24.44116],[123.01586,24.44114],[123.01584,24.44114]]],[[[123.01598,24.44115],[123.01598,24.44118],[123.016,24.44117],[123.01598,24.44115]]],[[[123.01614,24.44119],[123.01614,24.44121],[123.01616,24.44121],[123.01614,24.44119]]],[[[123.01719,24.44143],[123.01717,24.4414],[123.01715,24.4414],[123.01719,24.44143]]],[[[123.01776,24.44202],[123.01778,24.44199],[123.01776,24.44198],[123.01776,24.44202]]],[[[123.00229,24.44126],[122.9882,24.4406],[122.98453,24.44297],[122.98175,24.44105],[122.98349,24.43917],[122.98204,24.43815],[122.97479,24.43861],[122.97378,24.44069],[122.97228,24.43905],[122.97376,24.43708],[122.96678,24.43759],[122.96111,24.44073],[122.95198,24.44105],[122.94807,24.4443],[122.94013,24.44415],[122.93382,24.44995],[122.93586,24.45084],[122.93883,24.44828],[122.94098,24.44874],[122.94017,24.44995],[122.94319,24.45174],[122.9413,24.45387],[122.93997,24.45103],[122.93976,24.45121],[122.93871,24.45098],[122.93825,24.45118],[122.94161,24.45678],[122.95426,24.46089],[122.95431,24.46619],[122.96261,24.47257],[122.97403,24.46723],[122.99483,24.47323],[123.00035,24.46989],[123.00494,24.47425],[123.01256,24.47374],[123.0163,24.47079],[123.02094,24.47086],[123.03782,24.46304],[123.04192,24.464],[123.04371,24.46267],[123.04325,24.46049],[123.03452,24.45692],[123.03406,24.45308],[123.03105,24.4505],[123.02135,24.44649],[123.01139,24.43703],[123.00229,24.44126]]],[[[123.04387,24.4616],[123.04388,24.46164],[123.04389,24.46161],[123.04387,24.4616]]],[[[123.0439,24.46162],[123.04393,24.46165],[123.04393,24.46162],[123.0439,24.46162]]],[[[123.04392,24.4618],[123.04394,24.46185],[123.04395,24.46181],[123.04392,24.4618]]],[[[123.04389,24.46193],[123.04393,24.46195],[123.04393,24.46191],[123.04389,24.46193]]],[[[123.04388,24.46198],[123.0439,24.46199],[123.04389,24.46197],[123.04388,24.46198]]],[[[123.04398,24.46177],[123.044,24.4618],[123.04401,24.46178],[123.04398,24.46177]]],[[[123.04399,24.462],[123.04394,24.46198],[123.04394,24.46201],[123.04399,24.462]]],[[[123.04402,24.46206],[123.044,24.46209],[123.04402,24.46207],[123.04402,24.46206]]],[[[123.04413,24.46199],[123.04417,24.46201],[123.04417,24.46197],[123.04413,24.46199]]],[[[123.04422,24.46228],[123.04432,24.4624],[123.04435,24.46224],[123.04422,24.46228]]],[[[123.0446,24.46254],[123.04467,24.46263],[123.04471,24.46258],[123.0446,24.46254]]],[[[123.04408,24.463],[123.04406,24.4632],[123.04423,24.46301],[123.04408,24.463]]],[[[123.0452,24.46206],[123.04535,24.46221],[123.04551,24.46208],[123.0452,24.46206]]],[[[123.04559,24.46197],[123.04564,24.46202],[123.04565,24.46196],[123.04559,24.46197]]],[[[122.93348,24.44973],[122.93361,24.44982],[122.9336,24.44965],[122.93348,24.44973]]],[[[122.93263,24.45151],[122.93261,24.45148],[122.93261,24.45148],[122.93263,24.45151]]],[[[122.93274,24.45144],[122.93272,24.45146],[122.93276,24.45147],[122.93274,24.45144]]],[[[122.93275,24.45158],[122.93269,24.45162],[122.93279,24.45165],[122.93275,24.45158]]],[[[122.93299,24.45171],[122.933,24.4517],[122.93299,24.4517],[122.93299,24.45171]]],[[[122.93308,24.45175],[122.93307,24.45177],[122.93308,24.45177],[122.93308,24.45175]]],[[[122.93342,24.45157],[122.93343,24.45151],[122.93338,24.45156],[122.93342,24.45157]]],[[[122.93344,24.45165],[122.93349,24.45163],[122.93341,24.45162],[122.93344,24.45165]]],[[[122.93368,24.44885],[122.93368,24.44893],[122.93372,24.44892],[122.93368,24.44885]]],[[[123.02528,24.44817],[123.02521,24.44813],[123.02521,24.44816],[123.02528,24.44817]]],[[[123.02527,24.44845],[123.02524,24.44842],[123.02523,24.44843],[123.02527,24.44845]]],[[[123.02534,24.44831],[123.02532,24.44828],[123.02532,24.4483],[123.02534,24.44831]]],[[[123.02539,24.44848],[123.02535,24.44848],[123.02539,24.44849],[123.02539,24.44848]]],[[[123.02546,24.44841],[123.02543,24.44839],[123.02544,24.44841],[123.02546,24.44841]]],[[[123.02576,24.44852],[123.0257,24.44849],[123.0257,24.44852],[123.02576,24.44852]]],[[[123.01494,24.4726],[123.01476,24.47248],[123.01475,24.47261],[123.01494,24.4726]]],[[[123.01579,24.47154],[123.01597,24.47154],[123.01587,24.47143],[123.01579,24.47154]]],[[[123.01778,24.47095],[123.01781,24.47103],[123.01782,24.47097],[123.01778,24.47095]]],[[[123.0178,24.47089],[123.01784,24.47093],[123.01787,24.4709],[123.0178,24.47089]]],[[[123.01857,24.47098],[123.01864,24.47092],[123.01855,24.47092],[123.01857,24.47098]]],[[[123.01889,24.47093],[123.01884,24.47103],[123.01895,24.47101],[123.01889,24.47093]]],[[[123.0232,24.46978],[123.02324,24.4698],[123.02323,24.46977],[123.0232,24.46978]]],[[[123.02344,24.46976],[123.02342,24.46984],[123.02348,24.46979],[123.02344,24.46976]]],[[[123.02423,24.4693],[123.0243,24.4694],[123.02436,24.46928],[123.02423,24.4693]]],[[[122.96574,24.47135],[122.96573,24.47144],[122.96578,24.47135],[122.96574,24.47135]]],[[[122.96592,24.4718],[122.96567,24.47184],[122.96577,24.47194],[122.96592,24.4718]]],[[[122.96681,24.47092],[122.96674,24.47094],[122.9668,24.47097],[122.96681,24.47092]]],[[[122.9908,24.44118],[122.9908,24.44115],[122.99078,24.44116],[122.9908,24.44118]]],[[[122.99116,24.44104],[122.99116,24.441],[122.99112,24.44103],[122.99116,24.44104]]],[[[122.99025,24.44147],[122.99027,24.44141],[122.99023,24.44142],[122.99025,24.44147]]],[[[122.98976,24.47175],[122.98981,24.47193],[122.98989,24.47189],[122.98976,24.47175]]],[[[122.99005,24.47172],[122.99003,24.4719],[122.99009,24.47189],[122.99005,24.47172]]],[[[122.99019,24.47249],[122.99023,24.47271],[122.99036,24.47246],[122.99019,24.47249]]],[[[123.04384,24.46169],[123.04388,24.46171],[123.04387,24.46167],[123.04384,24.46169]]],[[[123.04381,24.46174],[123.04385,24.46178],[123.04386,24.46176],[123.04381,24.46174]]],[[[123.04329,24.4635],[123.04328,24.46355],[123.0433,24.46351],[123.04329,24.4635]]],[[[123.0435,24.46292],[123.04356,24.46294],[123.04353,24.4629],[123.0435,24.46292]]],[[[123.018,24.44282],[123.01797,24.44284],[123.01801,24.44285],[123.018,24.44282]]],[[[123.01804,24.44278],[123.018,24.44281],[123.01804,24.44283],[123.01804,24.44278]]],[[[123.02013,24.44417],[123.02008,24.44416],[123.02012,24.44418],[123.02013,24.44417]]],[[[123.02006,24.44418],[123.02001,24.44426],[123.02013,24.44428],[123.02006,24.44418]]],[[[123.01782,24.44207],[123.0179,24.44217],[123.01791,24.44205],[123.01782,24.44207]]],[[[123.01792,24.44227],[123.01787,24.44223],[123.01786,24.44225],[123.01792,24.44227]]],[[[123.01793,24.44235],[123.01787,24.44228],[123.01786,24.44231],[123.01793,24.44235]]],[[[123.01803,24.44219],[123.01795,24.44224],[123.01799,24.44227],[123.01803,24.44219]]],[[[123.01794,24.44242],[123.01788,24.44243],[123.0179,24.44245],[123.01794,24.44242]]],[[[123.01801,24.44247],[123.01793,24.4425],[123.01797,24.44254],[123.01801,24.44247]]],[[[123.01867,24.44333],[123.01865,24.44336],[123.01869,24.44336],[123.01867,24.44333]]],[[[123.01882,24.44332],[123.01872,24.44329],[123.01873,24.44335],[123.01882,24.44332]]],[[[123.01859,24.44338],[123.01856,24.44341],[123.01861,24.4434],[123.01859,24.44338]]],[[[123.01887,24.4434],[123.01879,24.44338],[123.01879,24.44341],[123.01887,24.4434]]],[[[123.01916,24.4436],[123.01915,24.44366],[123.01919,24.44364],[123.01916,24.4436]]],[[[123.01998,24.44375],[123.01989,24.44375],[123.01998,24.44378],[123.01998,24.44375]]],[[[123.01986,24.44406],[123.01984,24.44402],[123.01982,24.44404],[123.01986,24.44406]]],[[[123.02003,24.44404],[123.01988,24.44404],[123.01998,24.44411],[123.02003,24.44404]]],[[[123.02,24.44417],[123.01996,24.44419],[123.01999,24.4442],[123.02,24.44417]]],[[[123.02006,24.44386],[123.01999,24.44389],[123.02005,24.44389],[123.02006,24.44386]]],[[[123.02003,24.4443],[123.01999,24.44427],[123.02,24.4443],[123.02003,24.4443]]],[[[123.02006,24.44444],[123.02002,24.44441],[123.02003,24.44444],[123.02006,24.44444]]],[[[123.02021,24.44463],[123.02017,24.44463],[123.0202,24.44466],[123.02021,24.44463]]],[[[123.02016,24.44468],[123.02013,24.44466],[123.02013,24.44467],[123.02016,24.44468]]],[[[123.02023,24.4447],[123.02019,24.44471],[123.0202,24.44473],[123.02023,24.4447]]],[[[123.02157,24.44635],[123.02151,24.44641],[123.02155,24.44643],[123.02157,24.44635]]],[[[123.02194,24.44654],[123.02189,24.44654],[123.02191,24.44656],[123.02194,24.44654]]],[[[123.02203,24.44653],[123.02198,24.44652],[123.022,24.44658],[123.02203,24.44653]]],[[[123.02227,24.44662],[123.02224,24.44661],[123.02226,24.44663],[123.02227,24.44662]]],[[[123.02258,24.44632],[123.02256,24.44628],[123.02255,24.44631],[123.02258,24.44632]]],[[[123.02264,24.44654],[123.02262,24.44651],[123.02261,24.44653],[123.02264,24.44654]]],[[[123.0227,24.44651],[123.02266,24.4465],[123.02269,24.44652],[123.0227,24.44651]]],[[[123.02265,24.44661],[123.0226,24.44657],[123.02261,24.4466],[123.02265,24.44661]]],[[[123.02276,24.44641],[123.02273,24.44638],[123.02273,24.44641],[123.02276,24.44641]]],[[[123.02277,24.44646],[123.02273,24.44645],[123.02276,24.44647],[123.02277,24.44646]]],[[[123.02332,24.44668],[123.02328,24.44667],[123.0233,24.44669],[123.02332,24.44668]]],[[[123.02342,24.44657],[123.02344,24.44664],[123.02346,24.44663],[123.02342,24.44657]]],[[[123.02355,24.44662],[123.02353,24.44667],[123.02356,24.44667],[123.02355,24.44662]]],[[[123.0235,24.44677],[123.02346,24.44674],[123.02345,24.44676],[123.0235,24.44677]]],[[[123.02367,24.44667],[123.02372,24.44659],[123.02361,24.4466],[123.02367,24.44667]]],[[[123.02359,24.44701],[123.02356,24.44697],[123.02355,24.44698],[123.02359,24.44701]]],[[[123.02364,24.44705],[123.0236,24.44703],[123.0236,24.44705],[123.02364,24.44705]]],[[[123.02367,24.44724],[123.02364,24.44721],[123.02362,24.44723],[123.02367,24.44724]]],[[[123.02369,24.4473],[123.02368,24.44724],[123.02366,24.44725],[123.02369,24.4473]]],[[[123.02336,24.44675],[123.02334,24.44678],[123.02337,24.44678],[123.02336,24.44675]]],[[[123.02365,24.44679],[123.0236,24.4468],[123.02364,24.44681],[123.02365,24.44679]]],[[[123.02368,24.44696],[123.02364,24.44695],[123.02366,24.44698],[123.02368,24.44696]]],[[[123.02361,24.44713],[123.02357,24.44711],[123.02358,24.44713],[123.02361,24.44713]]],[[[123.02365,24.44717],[123.0236,24.44718],[123.02363,24.4472],[123.02365,24.44717]]],[[[123.02375,24.44694],[123.0237,24.44696],[123.02371,24.44696],[123.02375,24.44694]]],[[[123.0237,24.44701],[123.02366,24.44702],[123.02369,24.44705],[123.0237,24.44701]]],[[[123.02372,24.44721],[123.02369,24.44717],[123.02369,24.44719],[123.02372,24.44721]]],[[[123.02442,24.44781],[123.02439,24.4478],[123.0244,24.44783],[123.02442,24.44781]]],[[[123.02451,24.44791],[123.02447,24.4479],[123.0245,24.44793],[123.02451,24.44791]]],[[[123.02468,24.44807],[123.02461,24.44803],[123.02461,24.44805],[123.02468,24.44807]]],[[[123.02475,24.4478],[123.02472,24.44784],[123.02477,24.44782],[123.02475,24.4478]]],[[[123.02475,24.44805],[123.02472,24.44805],[123.02472,24.44809],[123.02475,24.44805]]],[[[123.0251,24.44806],[123.02507,24.44804],[123.02507,24.44806],[123.0251,24.44806]]],[[[123.0252,24.44806],[123.02515,24.44803],[123.02516,24.44807],[123.0252,24.44806]]],[[[123.02534,24.448],[123.02544,24.44809],[123.02544,24.44801],[123.02534,24.448]]],[[[123.02606,24.44832],[123.02622,24.44797],[123.02584,24.4481],[123.02606,24.44832]]],[[[123.02627,24.44793],[123.02643,24.4478],[123.02626,24.44776],[123.02627,24.44793]]],[[[123.02633,24.44761],[123.02626,24.44773],[123.02639,24.44772],[123.02633,24.44761]]],[[[123.02595,24.4484],[123.02591,24.44837],[123.0259,24.44838],[123.02595,24.4484]]],[[[123.02602,24.4486],[123.02601,24.44856],[123.02599,24.44857],[123.02602,24.4486]]],[[[123.02603,24.44866],[123.02599,24.44863],[123.02599,24.44866],[123.02603,24.44866]]],[[[123.02613,24.44887],[123.02607,24.44882],[123.02605,24.44885],[123.02613,24.44887]]],[[[123.0262,24.44876],[123.02619,24.44874],[123.02619,24.44875],[123.0262,24.44876]]],[[[123.02629,24.44878],[123.02625,24.44876],[123.02626,24.44878],[123.02629,24.44878]]],[[[123.02641,24.44888],[123.02638,24.44885],[123.02637,24.44887],[123.02641,24.44888]]],[[[123.02641,24.4489],[123.02639,24.44893],[123.02642,24.44894],[123.02641,24.4489]]],[[[123.02654,24.44892],[123.0265,24.4489],[123.0265,24.44892],[123.02654,24.44892]]],[[[123.02656,24.44896],[123.02655,24.44893],[123.02654,24.44894],[123.02656,24.44896]]],[[[123.02654,24.44905],[123.02651,24.44901],[123.02651,24.44904],[123.02654,24.44905]]],[[[123.02768,24.44891],[123.02778,24.44886],[123.02772,24.4488],[123.02768,24.44891]]],[[[123.02782,24.44885],[123.02785,24.4488],[123.02782,24.44879],[123.02782,24.44885]]],[[[123.02838,24.44964],[123.02841,24.44962],[123.02839,24.4496],[123.02838,24.44964]]],[[[123.0286,24.44962],[123.02872,24.44952],[123.02859,24.44939],[123.0286,24.44962]]],[[[123.02967,24.45006],[123.02965,24.44997],[123.02958,24.44997],[123.02967,24.45006]]],[[[123.02975,24.45009],[123.02979,24.45005],[123.02973,24.45002],[123.02975,24.45009]]],[[[123.03532,24.45726],[123.03526,24.45723],[123.03529,24.45728],[123.03532,24.45726]]],[[[123.03519,24.45739],[123.03519,24.45731],[123.03517,24.45733],[123.03519,24.45739]]],[[[123.03528,24.4573],[123.03524,24.45731],[123.03528,24.45733],[123.03528,24.4573]]],[[[123.03552,24.45737],[123.03549,24.45737],[123.0355,24.45738],[123.03552,24.45737]]],[[[123.03557,24.45735],[123.03553,24.4573],[123.03551,24.45732],[123.03557,24.45735]]],[[[123.02962,24.4501],[123.02964,24.45005],[123.0296,24.45006],[123.02962,24.4501]]],[[[123.03151,24.45155],[123.03154,24.45148],[123.03149,24.45153],[123.03151,24.45155]]],[[[123.03217,24.45148],[123.03219,24.45157],[123.03222,24.45155],[123.03217,24.45148]]],[[[123.03444,24.45449],[123.03447,24.45455],[123.0345,24.45453],[123.03444,24.45449]]],[[[123.03458,24.45523],[123.03452,24.45526],[123.03454,24.45527],[123.03458,24.45523]]],[[[123.03445,24.45537],[123.03442,24.45536],[123.03443,24.45538],[123.03445,24.45537]]],[[[123.03434,24.45644],[123.0343,24.45642],[123.03431,24.45645],[123.03434,24.45644]]],[[[123.03477,24.45692],[123.0347,24.4569],[123.03473,24.45694],[123.03477,24.45692]]],[[[123.03491,24.45695],[123.03485,24.45694],[123.03488,24.45699],[123.03491,24.45695]]],[[[123.03495,24.4572],[123.03491,24.45714],[123.03489,24.45716],[123.03495,24.4572]]],[[[123.03495,24.45724],[123.03491,24.4572],[123.0349,24.45721],[123.03495,24.45724]]],[[[123.03552,24.45741],[123.03549,24.45739],[123.0355,24.45741],[123.03552,24.45741]]],[[[123.03562,24.45743],[123.03558,24.45738],[123.03556,24.45742],[123.03562,24.45743]]],[[[123.03665,24.4569],[123.03688,24.45723],[123.03696,24.45719],[123.03665,24.4569]]],[[[123.03705,24.45716],[123.03704,24.45722],[123.03708,24.45718],[123.03705,24.45716]]],[[[123.03776,24.45827],[123.0377,24.45824],[123.03772,24.45827],[123.03776,24.45827]]],[[[123.03778,24.45835],[123.03782,24.45826],[123.03775,24.4583],[123.03778,24.45835]]],[[[123.03569,24.45744],[123.03565,24.45743],[123.03567,24.45745],[123.03569,24.45744]]],[[[123.03615,24.45745],[123.0362,24.45739],[123.03611,24.45739],[123.03615,24.45745]]],[[[123.03624,24.45749],[123.03624,24.45746],[123.03621,24.45747],[123.03624,24.45749]]],[[[123.03673,24.45759],[123.0367,24.45753],[123.03668,24.45759],[123.03673,24.45759]]],[[[123.03702,24.45755],[123.03714,24.4578],[123.03706,24.45753],[123.03702,24.45755]]],[[[123.03744,24.45767],[123.03751,24.45784],[123.0376,24.45773],[123.03744,24.45767]]],[[[123.03796,24.45835],[123.03803,24.45839],[123.03804,24.45837],[123.03796,24.45835]]],[[[123.03802,24.45859],[123.03807,24.45859],[123.03803,24.45857],[123.03802,24.45859]]],[[[123.03813,24.45858],[123.03811,24.4586],[123.03814,24.4586],[123.03813,24.45858]]],[[[123.03812,24.45862],[123.0381,24.45865],[123.03813,24.45864],[123.03812,24.45862]]],[[[123.03821,24.45865],[123.03825,24.45867],[123.03821,24.45864],[123.03821,24.45865]]],[[[123.0332,24.46515],[123.03317,24.46519],[123.0332,24.46519],[123.0332,24.46515]]],[[[123.03407,24.46502],[123.03408,24.46506],[123.03411,24.46504],[123.03407,24.46502]]],[[[123.03422,24.46492],[123.03422,24.46498],[123.03423,24.46492],[123.03422,24.46492]]],[[[123.03449,24.4649],[123.03451,24.46495],[123.03454,24.46492],[123.03449,24.4649]]],[[[123.03735,24.46333],[123.03736,24.46337],[123.03737,24.46333],[123.03735,24.46333]]],[[[123.03743,24.46328],[123.03746,24.46335],[123.03749,24.46331],[123.03743,24.46328]]],[[[123.03755,24.46322],[123.03751,24.46329],[123.0376,24.46325],[123.03755,24.46322]]],[[[123.04195,24.46007],[123.04192,24.46008],[123.04195,24.46009],[123.04195,24.46007]]],[[[123.04196,24.46014],[123.04195,24.46017],[123.04197,24.46016],[123.04196,24.46014]]],[[[123.04212,24.46019],[123.04209,24.4602],[123.04212,24.46021],[123.04212,24.46019]]],[[[123.04219,24.46018],[123.04216,24.4602],[123.0422,24.46019],[123.04219,24.46018]]],[[[123.04224,24.46015],[123.04224,24.46018],[123.04225,24.46016],[123.04224,24.46015]]],[[[123.04229,24.46017],[123.04233,24.46022],[123.04233,24.46017],[123.04229,24.46017]]],[[[123.04235,24.46015],[123.04239,24.46016],[123.04236,24.46014],[123.04235,24.46015]]],[[[123.04239,24.46019],[123.04241,24.46021],[123.04241,24.46019],[123.04239,24.46019]]],[[[123.04226,24.4602],[123.04226,24.46022],[123.04227,24.4602],[123.04226,24.4602]]],[[[123.04252,24.4601],[123.04245,24.46013],[123.04253,24.46015],[123.04252,24.4601]]],[[[123.04248,24.46019],[123.04252,24.46021],[123.04253,24.4602],[123.04248,24.46019]]],[[[123.04251,24.46024],[123.04248,24.46025],[123.0425,24.46026],[123.04251,24.46024]]],[[[123.04258,24.46021],[123.04261,24.46027],[123.04262,24.46024],[123.04258,24.46021]]],[[[123.0427,24.46024],[123.04274,24.46023],[123.04272,24.46022],[123.0427,24.46024]]],[[[123.0428,24.46027],[123.04278,24.46028],[123.0428,24.46029],[123.0428,24.46027]]],[[[123.04285,24.4603],[123.04286,24.46033],[123.04287,24.46032],[123.04285,24.4603]]],[[[123.04289,24.46028],[123.04288,24.4603],[123.0429,24.46029],[123.04289,24.46028]]],[[[123.04301,24.46037],[123.04302,24.46039],[123.04303,24.46037],[123.04301,24.46037]]],[[[123.04303,24.46035],[123.04308,24.46035],[123.04304,24.46034],[123.04303,24.46035]]],[[[123.04311,24.46042],[123.04315,24.46043],[123.04314,24.46041],[123.04311,24.46042]]],[[[123.03825,24.4586],[123.03829,24.4586],[123.03826,24.45859],[123.03825,24.4586]]],[[[123.03828,24.45867],[123.03831,24.45869],[123.0383,24.45865],[123.03828,24.45867]]],[[[123.03843,24.4587],[123.03841,24.45871],[123.03843,24.45872],[123.03843,24.4587]]],[[[123.03859,24.45882],[123.03863,24.45882],[123.03859,24.4588],[123.03859,24.45882]]],[[[123.03945,24.45937],[123.03948,24.45936],[123.03945,24.45935],[123.03945,24.45937]]],[[[123.03972,24.45945],[123.03974,24.45951],[123.03974,24.45946],[123.03972,24.45945]]],[[[123.04047,24.45943],[123.04051,24.45944],[123.04049,24.45942],[123.04047,24.45943]]],[[[123.04018,24.45951],[123.04011,24.45963],[123.0402,24.45957],[123.04018,24.45951]]],[[[123.04024,24.45963],[123.04028,24.45964],[123.04027,24.45962],[123.04024,24.45963]]],[[[123.04044,24.4595],[123.04048,24.45952],[123.04045,24.45948],[123.04044,24.4595]]],[[[123.04051,24.45963],[123.04051,24.45967],[123.04053,24.45964],[123.04051,24.45963]]],[[[123.04062,24.45938],[123.04066,24.4594],[123.04066,24.45938],[123.04062,24.45938]]],[[[123.04056,24.45987],[123.04061,24.45989],[123.04058,24.45985],[123.04056,24.45987]]],[[[123.04071,24.45992],[123.04074,24.45994],[123.04075,24.45992],[123.04071,24.45992]]],[[[123.0408,24.45966],[123.04086,24.45964],[123.04081,24.45963],[123.0408,24.45966]]],[[[123.04119,24.459],[123.04103,24.45881],[123.04102,24.45904],[123.04119,24.459]]],[[[123.04132,24.45914],[123.04129,24.45934],[123.04143,24.45939],[123.04132,24.45914]]],[[[123.04187,24.46004],[123.04183,24.46004],[123.04186,24.46006],[123.04187,24.46004]]],[[[123.04193,24.4601],[123.04191,24.46012],[123.04194,24.46012],[123.04193,24.4601]]],[[[123.04078,24.46369],[123.04081,24.46371],[123.04084,24.46368],[123.04078,24.46369]]],[[[123.04335,24.46055],[123.04335,24.46058],[123.04337,24.46055],[123.04335,24.46055]]],[[[123.04341,24.46048],[123.04339,24.46053],[123.04345,24.46049],[123.04341,24.46048]]],[[[123.04351,24.46058],[123.04356,24.4606],[123.04355,24.46057],[123.04351,24.46058]]],[[[123.0436,24.4606],[123.04364,24.46061],[123.04364,24.46059],[123.0436,24.4606]]],[[[123.04363,24.46075],[123.04361,24.46078],[123.04362,24.46078],[123.04363,24.46075]]],[[[123.04365,24.46077],[123.04365,24.4608],[123.04366,24.46078],[123.04365,24.46077]]],[[[123.04379,24.4613],[123.04376,24.46132],[123.04377,24.46133],[123.04379,24.4613]]],[[[123.04382,24.46118],[123.04385,24.4612],[123.04385,24.46118],[123.04382,24.46118]]],[[[123.04383,24.46139],[123.04386,24.46142],[123.04386,24.4614],[123.04383,24.46139]]],[[[123.04381,24.46146],[123.04379,24.46148],[123.04381,24.46147],[123.04381,24.46146]]],[[[123.04381,24.46153],[123.04382,24.46155],[123.04383,24.46154],[123.04381,24.46153]]],[[[123.04383,24.46157],[123.0438,24.4616],[123.04381,24.46161],[123.04383,24.46157]]],[[[123.02484,24.4481],[123.02481,24.44806],[123.02481,24.4481],[123.02484,24.4481]]],[[[123.02505,24.44808],[123.02496,24.44807],[123.02502,24.44813],[123.02505,24.44808]]],[[[123.02508,24.44813],[123.02505,24.44811],[123.02506,24.44814],[123.02508,24.44813]]],[[[123.02594,24.44831],[123.02591,24.44829],[123.0259,24.44831],[123.02594,24.44831]]],[[[123.04396,24.46167],[123.04399,24.46169],[123.04399,24.46166],[123.04396,24.46167]]],[[[122.93403,24.44813],[122.93407,24.44816],[122.93406,24.44812],[122.93403,24.44813]]],[[[122.9343,24.44802],[122.93433,24.44806],[122.93435,24.44801],[122.9343,24.44802]]],[[[122.93447,24.44804],[122.93451,24.44809],[122.9345,24.44805],[122.93447,24.44804]]],[[[122.93488,24.44765],[122.93495,24.44771],[122.93497,24.44765],[122.93488,24.44765]]],[[[122.93472,24.44785],[122.93472,24.44787],[122.93472,24.44787],[122.93472,24.44785]]],[[[122.93466,24.44802],[122.93469,24.44805],[122.93469,24.44801],[122.93466,24.44802]]],[[[122.93457,24.44816],[122.93468,24.44819],[122.93463,24.44812],[122.93457,24.44816]]],[[[122.93488,24.44775],[122.93489,24.44778],[122.9349,24.44775],[122.93488,24.44775]]],[[[122.93504,24.44749],[122.93512,24.44751],[122.93512,24.44746],[122.93504,24.44749]]],[[[122.93537,24.44734],[122.93539,24.44737],[122.9354,24.44733],[122.93537,24.44734]]],[[[122.93554,24.44726],[122.9356,24.44736],[122.93562,24.44728],[122.93554,24.44726]]],[[[122.93542,24.44745],[122.93544,24.44746],[122.93544,24.44744],[122.93542,24.44745]]],[[[122.93926,24.44434],[122.93934,24.4443],[122.93927,24.44429],[122.93926,24.44434]]],[[[122.93919,24.44516],[122.9392,24.44513],[122.93918,24.44514],[122.93919,24.44516]]],[[[122.93935,24.44489],[122.9394,24.44498],[122.93941,24.44489],[122.93935,24.44489]]],[[[122.93928,24.44505],[122.93935,24.44515],[122.93935,24.44505],[122.93928,24.44505]]],[[[122.93926,24.44528],[122.93932,24.44529],[122.93932,24.44526],[122.93926,24.44528]]],[[[122.93974,24.4443],[122.9399,24.44435],[122.93987,24.44427],[122.93974,24.4443]]],[[[122.94003,24.44409],[122.94004,24.44413],[122.94005,24.44411],[122.94003,24.44409]]],[[[122.94026,24.444],[122.94016,24.44404],[122.94026,24.44405],[122.94026,24.444]]],[[[122.93397,24.4482],[122.93397,24.44821],[122.93398,24.4482],[122.93397,24.4482]]],[[[122.93393,24.44827],[122.93397,24.44829],[122.93397,24.44827],[122.93393,24.44827]]],[[[122.93395,24.44833],[122.93397,24.44838],[122.93397,24.44834],[122.93395,24.44833]]],[[[122.93403,24.44835],[122.93405,24.44842],[122.93408,24.44838],[122.93403,24.44835]]],[[[122.93385,24.45027],[122.93388,24.45038],[122.93392,24.45035],[122.93385,24.45027]]],[[[122.93399,24.45032],[122.93404,24.45033],[122.934,24.4503],[122.93399,24.45032]]],[[[122.93419,24.45063],[122.93428,24.45068],[122.9343,24.45058],[122.93419,24.45063]]],[[[122.93465,24.45102],[122.93468,24.45106],[122.93468,24.45102],[122.93465,24.45102]]],[[[122.93669,24.45275],[122.93846,24.45252],[122.93844,24.45239],[122.93669,24.45275]]],[[[122.94081,24.45527],[122.94086,24.45531],[122.94086,24.45527],[122.94081,24.45527]]],[[[122.94077,24.45546],[122.94085,24.4555],[122.94087,24.45534],[122.94077,24.45546]]],[[[122.94079,24.44382],[122.94085,24.44395],[122.94091,24.44389],[122.94079,24.44382]]],[[[122.9412,24.44397],[122.94149,24.44398],[122.94125,24.44384],[122.9412,24.44397]]],[[[122.94182,24.44396],[122.94187,24.44391],[122.94184,24.44391],[122.94182,24.44396]]],[[[122.94197,24.44404],[122.94202,24.44405],[122.94199,24.44402],[122.94197,24.44404]]],[[[122.94213,24.44394],[122.94214,24.44396],[122.94215,24.44395],[122.94213,24.44394]]],[[[122.9422,24.44395],[122.94223,24.44394],[122.9422,24.44394],[122.9422,24.44395]]],[[[122.9423,24.44405],[122.94229,24.44407],[122.94231,24.44407],[122.9423,24.44405]]],[[[122.94233,24.44402],[122.94235,24.44405],[122.94237,24.44404],[122.94233,24.44402]]],[[[122.94245,24.44399],[122.94245,24.44402],[122.94247,24.44401],[122.94245,24.44399]]],[[[122.94259,24.4439],[122.94263,24.44394],[122.94265,24.44392],[122.94259,24.4439]]],[[[122.94271,24.44395],[122.94276,24.44394],[122.94275,24.44392],[122.94271,24.44395]]],[[[122.9426,24.444],[122.94264,24.44398],[122.9426,24.44398],[122.9426,24.444]]],[[[122.94339,24.44393],[122.94339,24.44395],[122.94341,24.44394],[122.94339,24.44393]]],[[[122.94793,24.44414],[122.94798,24.44418],[122.94798,24.44414],[122.94793,24.44414]]],[[[122.94827,24.4441],[122.94833,24.44413],[122.94833,24.4441],[122.94827,24.4441]]],[[[122.94851,24.44401],[122.94859,24.44403],[122.94858,24.44399],[122.94851,24.44401]]],[[[122.94103,24.45495],[122.9411,24.45502],[122.94113,24.4549],[122.94103,24.45495]]],[[[122.94088,24.45559],[122.94084,24.45563],[122.94091,24.45563],[122.94088,24.45559]]],[[[122.94092,24.4557],[122.94087,24.45574],[122.9409,24.45575],[122.94092,24.4557]]],[[[122.94091,24.45509],[122.94094,24.45513],[122.94096,24.45511],[122.94091,24.45509]]],[[[122.94116,24.44369],[122.94121,24.44381],[122.94122,24.44371],[122.94116,24.44369]]],[[[122.94283,24.44379],[122.94285,24.44381],[122.94286,24.44378],[122.94283,24.44379]]],[[[122.94276,24.44386],[122.94281,24.44386],[122.94281,24.44384],[122.94276,24.44386]]],[[[122.94287,24.44385],[122.94285,24.44387],[122.94287,24.44386],[122.94287,24.44385]]],[[[122.94348,24.44386],[122.94349,24.44383],[122.94347,24.44384],[122.94348,24.44386]]],[[[122.949,24.44357],[122.94904,24.44361],[122.94904,24.44357],[122.949,24.44357]]],[[[122.94909,24.44362],[122.94913,24.44369],[122.94916,24.44366],[122.94909,24.44362]]],[[[122.95088,24.44253],[122.95093,24.44255],[122.95094,24.44252],[122.95088,24.44253]]],[[[122.95379,24.4412],[122.95389,24.44125],[122.95385,24.44113],[122.95379,24.4412]]],[[[122.95542,24.44186],[122.95547,24.44185],[122.95544,24.44182],[122.95542,24.44186]]],[[[122.95943,24.4405],[122.95969,24.44055],[122.95959,24.4404],[122.95943,24.4405]]],[[[122.96054,24.44047],[122.96074,24.44047],[122.96066,24.44032],[122.96054,24.44047]]],[[[122.96078,24.44043],[122.96081,24.44049],[122.96087,24.4405],[122.96078,24.44043]]],[[[122.96101,24.44052],[122.96116,24.44055],[122.9611,24.44046],[122.96101,24.44052]]],[[[122.96369,24.43919],[122.96381,24.43927],[122.9638,24.43919],[122.96369,24.43919]]],[[[122.9639,24.43929],[122.96395,24.43931],[122.96393,24.43928],[122.9639,24.43929]]],[[[122.96291,24.43984],[122.96297,24.43992],[122.96299,24.43983],[122.96291,24.43984]]],[[[122.96318,24.43962],[122.96328,24.43966],[122.96327,24.43962],[122.96318,24.43962]]],[[[122.96301,24.43996],[122.9631,24.44002],[122.96313,24.44],[122.96301,24.43996]]],[[[122.96315,24.43994],[122.96322,24.44],[122.96322,24.43994],[122.96315,24.43994]]],[[[122.95537,24.46682],[122.95522,24.46688],[122.95538,24.46691],[122.95537,24.46682]]],[[[122.9554,24.46685],[122.95542,24.46695],[122.95546,24.4669],[122.9554,24.46685]]],[[[122.94117,24.45683],[122.94105,24.45675],[122.94101,24.45676],[122.94117,24.45683]]],[[[122.94132,24.45681],[122.94122,24.45683],[122.94132,24.45685],[122.94132,24.45681]]],[[[122.94142,24.4569],[122.9415,24.45694],[122.94145,24.45689],[122.94142,24.4569]]],[[[122.94174,24.45692],[122.94172,24.45695],[122.94174,24.45696],[122.94174,24.45692]]],[[[122.94195,24.45709],[122.94186,24.45714],[122.94195,24.45714],[122.94195,24.45709]]],[[[122.94232,24.45731],[122.94227,24.45736],[122.94235,24.45734],[122.94232,24.45731]]],[[[122.94293,24.45813],[122.94305,24.45814],[122.94303,24.4581],[122.94293,24.45813]]],[[[122.95372,24.461],[122.95374,24.46103],[122.95379,24.461],[122.95372,24.461]]],[[[122.95389,24.46098],[122.95392,24.46101],[122.95393,24.46099],[122.95389,24.46098]]],[[[122.95448,24.46301],[122.95444,24.46309],[122.95447,24.46308],[122.95448,24.46301]]],[[[122.95476,24.46662],[122.95472,24.46666],[122.95475,24.46666],[122.95476,24.46662]]],[[[122.95518,24.46658],[122.95509,24.46662],[122.95512,24.46664],[122.95518,24.46658]]],[[[122.95572,24.46726],[122.95559,24.46741],[122.95576,24.46738],[122.95572,24.46726]]],[[[122.9571,24.4687],[122.95724,24.46864],[122.9571,24.4686],[122.9571,24.4687]]],[[[122.95712,24.46889],[122.9573,24.46886],[122.95722,24.46881],[122.95712,24.46889]]],[[[122.95896,24.47007],[122.95892,24.47012],[122.95896,24.47013],[122.95896,24.47007]]],[[[122.96019,24.47133],[122.96013,24.4713],[122.96013,24.47133],[122.96019,24.47133]]],[[[122.96032,24.47142],[122.96025,24.47137],[122.96025,24.47141],[122.96032,24.47142]]],[[[122.99962,24.44024],[122.99959,24.44029],[122.99962,24.44029],[122.99962,24.44024]]],[[[122.99963,24.44022],[122.99965,24.44024],[122.99967,24.44024],[122.99963,24.44022]]],[[[122.98428,24.43949],[122.98601,24.44034],[122.98614,24.44027],[122.98428,24.43949]]],[[[122.99372,24.44041],[122.99375,24.44039],[122.99374,24.44038],[122.99372,24.44041]]],[[[122.99378,24.44044],[122.99381,24.44043],[122.99381,24.44042],[122.99378,24.44044]]],[[[122.99421,24.44034],[122.99423,24.44033],[122.99422,24.44033],[122.99421,24.44034]]],[[[122.99432,24.44036],[122.99433,24.44033],[122.99431,24.44034],[122.99432,24.44036]]],[[[122.99483,24.44017],[122.99482,24.44014],[122.99481,24.44016],[122.99483,24.44017]]],[[[122.99503,24.44018],[122.99503,24.44016],[122.99501,24.44018],[122.99503,24.44018]]],[[[122.99581,24.44004],[122.99576,24.44],[122.99575,24.44003],[122.99581,24.44004]]],[[[122.99801,24.43981],[122.99801,24.43984],[122.99802,24.43982],[122.99801,24.43981]]],[[[122.99824,24.43985],[122.99826,24.43987],[122.99827,24.43986],[122.99824,24.43985]]],[[[122.99857,24.43985],[122.99855,24.43986],[122.99858,24.43986],[122.99857,24.43985]]],[[[122.99867,24.43982],[122.99866,24.43988],[122.99869,24.43986],[122.99867,24.43982]]],[[[122.99876,24.43985],[122.99877,24.43987],[122.99878,24.43986],[122.99876,24.43985]]],[[[122.99894,24.43989],[122.99894,24.43991],[122.99895,24.4399],[122.99894,24.43989]]],[[[122.99928,24.43998],[122.99926,24.44003],[122.99931,24.44002],[122.99928,24.43998]]],[[[122.98719,24.43959],[122.98802,24.44005],[122.98814,24.43999],[122.98719,24.43959]]],[[[122.99749,24.43965],[122.99749,24.4397],[122.99752,24.43968],[122.99749,24.43965]]],[[[122.99753,24.43973],[122.99753,24.43976],[122.99756,24.43976],[122.99753,24.43973]]],[[[122.99777,24.43981],[122.99779,24.43983],[122.99779,24.43981],[122.99777,24.43981]]],[[[122.99793,24.4398],[122.99793,24.43982],[122.99794,24.43981],[122.99793,24.4398]]],[[[122.99809,24.43978],[122.9981,24.4398],[122.99811,24.43979],[122.99809,24.43978]]],[[[122.99828,24.43975],[122.9984,24.43978],[122.99834,24.43969],[122.99828,24.43975]]],[[[122.9985,24.43982],[122.99851,24.43984],[122.99852,24.43982],[122.9985,24.43982]]],[[[122.99853,24.43979],[122.99855,24.4398],[122.99855,24.43979],[122.99853,24.43979]]],[[[122.99865,24.43976],[122.99867,24.43979],[122.99868,24.43976],[122.99865,24.43976]]],[[[122.99879,24.43976],[122.9988,24.43978],[122.9988,24.43976],[122.99879,24.43976]]],[[[122.99881,24.43981],[122.99882,24.43984],[122.99882,24.43981],[122.99881,24.43981]]],[[[122.99113,24.44092],[122.99118,24.44087],[122.99112,24.44089],[122.99113,24.44092]]],[[[122.99166,24.4409],[122.99159,24.44084],[122.99154,24.44096],[122.99166,24.4409]]],[[[122.99169,24.44069],[122.99172,24.44076],[122.99174,24.44072],[122.99169,24.44069]]],[[[122.99244,24.44069],[122.99245,24.44067],[122.99243,24.44068],[122.99244,24.44069]]],[[[122.99271,24.44068],[122.99273,24.44066],[122.99272,24.44066],[122.99271,24.44068]]],[[[122.99269,24.44076],[122.99269,24.44073],[122.99268,24.44074],[122.99269,24.44076]]],[[[122.99279,24.44075],[122.99279,24.44072],[122.99278,24.44074],[122.99279,24.44075]]],[[[122.99385,24.44054],[122.99387,24.44052],[122.99384,24.44052],[122.99385,24.44054]]],[[[122.99399,24.44051],[122.99401,24.44052],[122.99401,24.44051],[122.99399,24.44051]]],[[[122.99413,24.44047],[122.99415,24.44044],[122.99412,24.44044],[122.99413,24.44047]]]]}},{"type":"Feature","properties":{"pref":"沖縄県","name":"中城村","type":"村","code":"47328","region":"47"},"geometry":{"type":"MultiPolygon","coordinates":[[[[127.81683,26.27944],[127.81692,26.27965],[127.817,26.27951],[127.81683,26.27944]]],[[[127.81688,26.28025],[127.81699,26.28036],[127.81697,26.28023],[127.81688,26.28025]]],[[[127.81663,26.28032],[127.81651,26.28015],[127.8165,26.28028],[127.81663,26.28032]]],[[[127.81669,26.27992],[127.81702,26.27997],[127.81689,26.27983],[127.81669,26.27992]]],[[[127.81677,26.28074],[127.81672,26.28054],[127.81668,26.2807],[127.81677,26.28074]]],[[[127.81683,26.28092],[127.81663,26.28103],[127.81675,26.28109],[127.81683,26.28092]]],[[[127.79573,26.25149],[127.79581,26.25139],[127.79571,26.25144],[127.79573,26.25149]]],[[[127.76641,26.25],[127.76943,26.25268],[127.7673,26.25866],[127.77127,26.26204],[127.77393,26.26939],[127.78708,26.28751],[127.79064,26.28851],[127.80212,26.28482],[127.81682,26.28968],[127.81494,26.27893],[127.8162,26.27737],[127.81145,26.27365],[127.80906,26.27519],[127.7981,26.2658],[127.79655,26.2587],[127.79319,26.2551],[127.79492,26.25445],[127.79534,26.25247],[127.7937,26.25478],[127.79329,26.25233],[127.79479,26.2525],[127.79207,26.25213],[127.78953,26.24862],[127.78929,26.23597],[127.78751,26.23192],[127.77795,26.23694],[127.76702,26.23864],[127.76621,26.24002],[127.76811,26.24104],[127.76488,26.24361],[127.76641,26.25]]],[[[127.81621,26.27984],[127.81649,26.27987],[127.8164,26.27968],[127.81621,26.27984]]],[[[127.8176,26.28006],[127.81778,26.28021],[127.81775,26.28004],[127.8176,26.28006]]],[[[127.81729,26.2803],[127.81754,26.28044],[127.81748,26.28017],[127.81729,26.2803]]],[[[127.81703,26.28449],[127.81737,26.28436],[127.81711,26.28426],[127.81703,26.28449]]],[[[127.81727,26.28496],[127.81745,26.28511],[127.81742,26.28476],[127.81727,26.28496]]],[[[127.81757,26.28508],[127.81793,26.2851],[127.81778,26.28486],[127.81757,26.28508]]],[[[127.8174,26.28554],[127.81762,26.28579],[127.81761,26.28553],[127.8174,26.28554]]],[[[127.81804,26.28448],[127.81811,26.28487],[127.81825,26.2846],[127.81804,26.28448]]],[[[127.81719,26.28163],[127.81735,26.28155],[127.81725,26.2815],[127.81719,26.28163]]],[[[127.81743,26.28128],[127.81765,26.28137],[127.81761,26.28115],[127.81743,26.28128]]],[[[127.81707,26.27982],[127.81723,26.27969],[127.81711,26.27969],[127.81707,26.27982]]]]}},{"type":"Feature","properties":{"pref":"沖縄県","name":"久米島町","type":"町","code":"47361","region":"47"},"geometry":{"type":"MultiPolygon","coordinates":[[[[126.81208,26.29148],[126.81218,26.29126],[126.81202,26.29125],[126.81208,26.29148]]],[[[126.81334,26.291],[126.81298,26.29101],[126.8129,26.29117],[126.81334,26.291]]],[[[126.81275,26.29659],[126.81279,26.29702],[126.81307,26.29678],[126.81275,26.29659]]],[[[128.22308,27.86642],[128.22306,27.86634],[128.22304,27.86641],[128.22308,27.86642]]],[[[128.22322,27.8663],[128.22322,27.86622],[128.22318,27.86627],[128.22322,27.8663]]],[[[128.22377,27.86573],[128.22387,27.86576],[128.22379,27.8657],[128.22377,27.86573]]],[[[128.22435,27.86575],[128.22434,27.86566],[128.2243,27.8657],[128.22435,27.86575]]],[[[128.22449,27.86568],[128.22454,27.86563],[128.22448,27.86563],[128.22449,27.86568]]],[[[128.2248,27.86548],[128.22489,27.86542],[128.2248,27.86543],[128.2248,27.86548]]],[[[128.2246,27.86555],[128.22462,27.86545],[128.22457,27.8655],[128.2246,27.86555]]],[[[128.22283,27.86889],[128.22282,27.86882],[128.2228,27.86888],[128.22283,27.86889]]],[[[128.23464,27.8689],[128.23469,27.86882],[128.23464,27.86883],[128.23464,27.8689]]],[[[128.23131,27.86165],[128.23136,27.86159],[128.23128,27.86162],[128.23131,27.86165]]],[[[128.23139,27.86145],[128.23151,27.8615],[128.23149,27.86145],[128.23139,27.86145]]],[[[128.23145,27.86165],[128.23151,27.8616],[128.23144,27.86162],[128.23145,27.86165]]],[[[128.23177,27.86155],[128.23185,27.86159],[128.23185,27.86154],[128.23177,27.86155]]],[[[128.2338,27.86032],[128.23395,27.86025],[128.23382,27.86022],[128.2338,27.86032]]],[[[128.23494,27.86012],[128.23444,27.86031],[128.235,27.86027],[128.23494,27.86012]]],[[[128.2358,27.86244],[128.23586,27.86255],[128.23589,27.86248],[128.2358,27.86244]]],[[[128.23614,27.86249],[128.23624,27.86242],[128.23612,27.86243],[128.23614,27.86249]]],[[[128.2181,27.87649],[128.2181,27.87643],[128.21806,27.87646],[128.2181,27.87649]]],[[[128.21784,27.8769],[128.21791,27.87683],[128.21785,27.87683],[128.21784,27.8769]]],[[[128.21797,27.87674],[128.21803,27.87668],[128.21798,27.87668],[128.21797,27.87674]]],[[[128.218,27.87658],[128.21805,27.8765],[128.21799,27.87651],[128.218,27.87658]]],[[[128.21761,27.87725],[128.21761,27.87719],[128.21757,27.87725],[128.21761,27.87725]]],[[[128.21743,27.87746],[128.2175,27.87751],[128.2175,27.87746],[128.21743,27.87746]]],[[[128.21784,27.88033],[128.21789,27.88026],[128.21783,27.88028],[128.21784,27.88033]]],[[[128.23346,27.8732],[128.23355,27.87313],[128.23347,27.8731],[128.23346,27.8732]]],[[[128.22938,27.8763],[128.22946,27.87627],[128.22941,27.87625],[128.22938,27.8763]]],[[[128.22997,27.87594],[128.23006,27.87591],[128.23,27.87588],[128.22997,27.87594]]],[[[128.22968,27.87625],[128.22976,27.87623],[128.2297,27.8762],[128.22968,27.87625]]],[[[128.22795,27.87941],[128.22827,27.87961],[128.2282,27.87933],[128.22795,27.87941]]],[[[128.22697,27.88167],[128.22704,27.88164],[128.22697,27.88163],[128.22697,27.88167]]],[[[128.22692,27.88188],[128.22697,27.88183],[128.22693,27.88181],[128.22692,27.88188]]],[[[126.73476,26.33883],[126.73514,26.33833],[126.73448,26.33868],[126.73476,26.33883]]],[[[126.73558,26.33829],[126.73545,26.33816],[126.7353,26.33825],[126.73558,26.33829]]],[[[126.73602,26.33799],[126.73585,26.33786],[126.73573,26.33796],[126.73602,26.33799]]],[[[126.73648,26.33766],[126.73648,26.33794],[126.73664,26.33781],[126.73648,26.33766]]],[[[126.73806,26.33727],[126.73877,26.33633],[126.73706,26.33746],[126.73806,26.33727]]],[[[126.73916,26.33618],[126.73983,26.33593],[126.74014,26.33583],[126.73983,26.33572],[126.73916,26.33618]]],[[[126.73931,26.34566],[126.7392,26.34559],[126.73927,26.34567],[126.73931,26.34566]]],[[[126.73997,26.34589],[126.73986,26.34586],[126.73989,26.34595],[126.73997,26.34589]]],[[[126.73069,26.34021],[126.73206,26.34035],[126.73425,26.33882],[126.73403,26.33873],[126.73069,26.34021]]],[[[126.74622,26.33329],[126.7443,26.33373],[126.74658,26.33357],[126.74622,26.33329]]],[[[126.74071,26.3352],[126.74086,26.33556],[126.74182,26.33466],[126.74071,26.3352]]],[[[126.74218,26.33446],[126.74241,26.33463],[126.74257,26.33432],[126.74218,26.33446]]],[[[126.74389,26.33411],[126.7437,26.33389],[126.74353,26.3341],[126.74389,26.33411]]],[[[126.74078,26.34647],[126.74077,26.3463],[126.74069,26.34634],[126.74078,26.34647]]],[[[126.70787,26.35848],[126.70791,26.35819],[126.7078,26.35841],[126.70787,26.35848]]],[[[126.70783,26.35872],[126.7088,26.35965],[126.70861,26.35814],[126.70783,26.35872]]],[[[126.70866,26.35546],[126.7089,26.35552],[126.70882,26.35524],[126.70866,26.35546]]],[[[126.70909,26.35799],[126.70928,26.35807],[126.70928,26.35796],[126.70909,26.35799]]],[[[126.72942,26.34415],[126.72946,26.34393],[126.72935,26.34396],[126.72942,26.34415]]],[[[126.72914,26.34426],[126.72879,26.34505],[126.72956,26.34449],[126.72914,26.34426]]],[[[126.72942,26.34524],[126.72929,26.34515],[126.7294,26.34531],[126.72942,26.34524]]],[[[126.73058,26.34388],[126.72966,26.34385],[126.72978,26.34427],[126.73058,26.34388]]],[[[126.72701,26.34802],[126.72675,26.3478],[126.7269,26.34809],[126.72701,26.34802]]],[[[128.22517,27.86451],[128.22524,27.86447],[128.22517,27.86446],[128.22517,27.86451]]],[[[128.22528,27.86489],[128.22535,27.86484],[128.22527,27.86485],[128.22528,27.86489]]],[[[128.22625,27.86415],[128.22634,27.86415],[128.2263,27.8641],[128.22625,27.86415]]],[[[128.22561,27.86439],[128.22567,27.86435],[128.22561,27.86435],[128.22561,27.86439]]],[[[128.22984,27.86273],[128.22993,27.86265],[128.22984,27.86266],[128.22984,27.86273]]],[[[128.22952,27.86303],[128.22958,27.86297],[128.2295,27.86299],[128.22952,27.86303]]],[[[128.22688,27.86376],[128.22693,27.8637],[128.22686,27.86373],[128.22688,27.86376]]],[[[128.2306,27.86209],[128.23067,27.86203],[128.2306,27.86203],[128.2306,27.86209]]],[[[128.23119,27.86176],[128.23124,27.86169],[128.23116,27.86172],[128.23119,27.86176]]],[[[128.22185,27.87016],[128.22194,27.8702],[128.22193,27.87015],[128.22185,27.87016]]],[[[128.21925,27.87496],[128.21938,27.87496],[128.21934,27.87489],[128.21925,27.87496]]],[[[128.22174,27.8715],[128.2218,27.87154],[128.2218,27.87149],[128.22174,27.8715]]],[[[128.21821,27.8763],[128.21829,27.87631],[128.21828,27.87626],[128.21821,27.8763]]],[[[128.21838,27.87615],[128.21836,27.87608],[128.21832,27.87614],[128.21838,27.87615]]],[[[128.2182,27.88114],[128.21826,27.88106],[128.2182,27.88106],[128.2182,27.88114]]],[[[128.21899,27.87541],[128.21908,27.87543],[128.21905,27.87538],[128.21899,27.87541]]],[[[128.21916,27.87534],[128.21921,27.87524],[128.21913,27.87528],[128.21916,27.87534]]],[[[128.21883,27.87558],[128.21888,27.87548],[128.2188,27.87554],[128.21883,27.87558]]],[[[128.22077,27.88549],[128.22082,27.88545],[128.22079,27.88545],[128.22077,27.88549]]],[[[128.22077,27.88567],[128.22105,27.88537],[128.22085,27.88521],[128.22077,27.88567]]],[[[128.21922,27.88235],[128.21931,27.88233],[128.21923,27.8823],[128.21922,27.88235]]],[[[128.21931,27.88344],[128.21937,27.88336],[128.2193,27.88338],[128.21931,27.88344]]],[[[128.21952,27.88336],[128.21955,27.88327],[128.2195,27.88329],[128.21952,27.88336]]],[[[128.22013,27.88364],[128.2202,27.88365],[128.22016,27.8836],[128.22013,27.88364]]],[[[128.221,27.88433],[128.22106,27.88438],[128.22105,27.88432],[128.221,27.88433]]],[[[126.76264,26.33333],[126.76175,26.33416],[126.76343,26.33442],[126.76076,26.33654],[126.75521,26.33856],[126.76022,26.34228],[126.75315,26.33998],[126.75124,26.34328],[126.75022,26.34073],[126.75788,26.33286],[126.75013,26.34072],[126.75108,26.34308],[126.74903,26.34452],[126.74589,26.34521],[126.74721,26.34413],[126.74817,26.34301],[126.74579,26.34519],[126.74617,26.3458],[126.74503,26.34447],[126.74546,26.34587],[126.72489,26.34875],[126.72751,26.34606],[126.72994,26.34663],[126.72823,26.34475],[126.71649,26.35398],[126.71314,26.35969],[126.71071,26.35408],[126.71195,26.35204],[126.73024,26.34063],[126.71414,26.3486],[126.70776,26.35764],[126.70961,26.35591],[126.71152,26.36442],[126.71353,26.36503],[126.71635,26.37156],[126.71307,26.36565],[126.71078,26.36678],[126.70913,26.36093],[126.7079,26.36083],[126.71097,26.37008],[126.71721,26.3746],[126.72677,26.37438],[126.74253,26.37899],[126.75294,26.38719],[126.75655,26.38698],[126.75894,26.38924],[126.77792,26.39126],[126.78631,26.38586],[126.79774,26.36862],[126.80583,26.37004],[126.81069,26.36312],[126.80896,26.36279],[126.80777,26.36059],[126.80807,26.36013],[126.81078,26.35886],[126.81199,26.36025],[126.81744,26.35276],[126.82096,26.35291],[126.82593,26.35211],[126.81749,26.3527],[126.81758,26.351],[126.82312,26.35118],[126.82292,26.34779],[126.82618,26.34603],[126.81932,26.34176],[126.82009,26.34062],[126.81908,26.34174],[126.8166,26.33952],[126.81666,26.34124],[126.81417,26.33928],[126.81515,26.33689],[126.81449,26.33899],[126.81625,26.3387],[126.81596,26.33569],[126.80974,26.33146],[126.80544,26.3246],[126.80703,26.31963],[126.80586,26.30974],[126.80397,26.30726],[126.81016,26.3025],[126.81035,26.29793],[126.81356,26.29363],[126.8115,26.29119],[126.80124,26.2927],[126.79355,26.29978],[126.77884,26.30628],[126.77629,26.30938],[126.77595,26.31472],[126.76792,26.32239],[126.76975,26.3242],[126.76935,26.32759],[126.76546,26.32976],[126.76739,26.32984],[126.76594,26.33118],[126.76478,26.32985],[126.76007,26.33396],[126.76264,26.33333]]],[[[126.75839,26.33637],[126.75757,26.33541],[126.75751,26.33546],[126.75839,26.33637]]],[[[126.82188,26.3394],[126.82148,26.33988],[126.82201,26.33955],[126.82188,26.3394]]],[[[126.8222,26.33941],[126.82811,26.34275],[126.83085,26.34223],[126.83508,26.336],[126.8248,26.33527],[126.82006,26.3369],[126.82251,26.33724],[126.8222,26.33941]]],[[[128.225,27.86548],[128.2175,27.87779],[128.22196,27.88545],[128.22619,27.88416],[128.22749,27.87817],[128.23291,27.87372],[128.23353,27.86925],[128.23641,27.86641],[128.23407,27.86034],[128.225,27.86548]]],[[[126.83263,26.3399],[126.83251,26.33939],[126.83246,26.33982],[126.83263,26.3399]]],[[[126.8328,26.33909],[126.83342,26.33922],[126.83292,26.33884],[126.8328,26.33909]]],[[[126.83598,26.34608],[126.8366,26.34526],[126.83646,26.34517],[126.83598,26.34608]]],[[[126.83583,26.3472],[126.83728,26.34738],[126.83689,26.34602],[126.83583,26.3472]]],[[[126.83595,26.33477],[126.83626,26.33446],[126.83588,26.33419],[126.83595,26.33477]]],[[[126.82938,26.35257],[126.82991,26.35125],[126.82931,26.35255],[126.82938,26.35257]]],[[[126.8369,26.34449],[126.83655,26.34421],[126.83644,26.34426],[126.8369,26.34449]]],[[[126.875,26.34549],[126.87141,26.34414],[126.87226,26.34586],[126.88406,26.34536],[126.89151,26.35083],[126.8977,26.35095],[126.89807,26.35012],[126.89015,26.34859],[126.88712,26.34395],[126.875,26.34549]]],[[[126.83679,26.3459],[126.8369,26.3457],[126.83672,26.34572],[126.83679,26.3459]]],[[[126.83895,26.34664],[126.83977,26.34674],[126.83876,26.3462],[126.83895,26.34664]]],[[[126.85158,26.33676],[126.8545,26.33957],[126.85534,26.33928],[126.85158,26.33676]]],[[[126.8643,26.34094],[126.86508,26.33954],[126.85887,26.33969],[126.8643,26.34094]]],[[[126.89871,26.35093],[126.89889,26.35234],[126.90367,26.35176],[126.90245,26.35105],[126.89871,26.35093]]],[[[126.93024,26.35793],[126.93037,26.35721],[126.92936,26.35786],[126.93024,26.35793]]],[[[126.83707,26.33645],[126.83799,26.34382],[126.84214,26.34225],[126.84291,26.33706],[126.83707,26.33645]]],[[[128.22122,27.88575],[128.22118,27.88565],[128.22116,27.88573],[128.22122,27.88575]]],[[[128.22119,27.88596],[128.22117,27.88588],[128.22115,27.88595],[128.22119,27.88596]]],[[[128.21744,27.87825],[128.21749,27.87831],[128.21747,27.87825],[128.21744,27.87825]]],[[[128.21736,27.87922],[128.2174,27.87916],[128.21736,27.87916],[128.21736,27.87922]]],[[[128.22242,27.86989],[128.22246,27.86979],[128.2224,27.8698],[128.22242,27.86989]]],[[[128.22274,27.86899],[128.2228,27.86903],[128.22277,27.86896],[128.22274,27.86899]]],[[[128.23311,27.87105],[128.23316,27.87097],[128.2331,27.871],[128.23311,27.87105]]],[[[128.23318,27.87128],[128.23324,27.87119],[128.23318,27.87121],[128.23318,27.87128]]],[[[128.23364,27.872],[128.23369,27.87193],[128.23363,27.87193],[128.23364,27.872]]],[[[128.23342,27.87294],[128.23349,27.87288],[128.23342,27.87289],[128.23342,27.87294]]],[[[128.23406,27.86026],[128.23422,27.86024],[128.23408,27.86019],[128.23406,27.86026]]],[[[126.8169,26.29325],[126.81655,26.29355],[126.81698,26.29337],[126.8169,26.29325]]],[[[126.81733,26.29367],[126.81704,26.29349],[126.81697,26.29369],[126.81733,26.29367]]],[[[126.8105,26.29084],[126.8102,26.29075],[126.81012,26.29084],[126.8105,26.29084]]],[[[126.82101,26.26909],[126.81982,26.26876],[126.82001,26.26941],[126.82101,26.26909]]],[[[126.81697,26.29178],[126.81691,26.29222],[126.81709,26.29181],[126.81697,26.29178]]],[[[126.816,26.29308],[126.81448,26.29204],[126.81452,26.29479],[126.816,26.29308]]],[[[126.77548,26.31083],[126.77562,26.31071],[126.77546,26.31067],[126.77548,26.31083]]],[[[126.79601,26.29637],[126.79541,26.29642],[126.79542,26.29676],[126.79601,26.29637]]],[[[126.79313,26.29972],[126.79289,26.29965],[126.79294,26.29977],[126.79313,26.29972]]],[[[126.79792,26.29563],[126.79791,26.29592],[126.79804,26.29572],[126.79792,26.29563]]],[[[126.76537,26.32879],[126.76454,26.32904],[126.76539,26.32886],[126.76537,26.32879]]],[[[126.80604,26.32587],[126.80613,26.32586],[126.80612,26.32584],[126.80604,26.32587]]],[[[126.70786,26.36019],[126.70807,26.36014],[126.70805,26.36007],[126.70786,26.36019]]],[[[126.70812,26.36051],[126.70781,26.36042],[126.70774,26.36057],[126.70812,26.36051]]],[[[126.71125,26.36038],[126.71112,26.36031],[126.71121,26.36039],[126.71125,26.36038]]],[[[126.7113,26.36497],[126.71139,26.36517],[126.71153,26.36493],[126.7113,26.36497]]],[[[126.82749,26.59198],[126.82674,26.59201],[126.82751,26.59209],[126.82749,26.59198]]],[[[126.82947,26.59294],[126.83019,26.59506],[126.83283,26.59557],[126.82947,26.59294]]],[[[128.21718,27.8785],[128.21728,27.87847],[128.21721,27.87845],[128.21718,27.8785]]]]}},{"type":"Feature","properties":{"pref":"沖縄県","name":"今帰仁村","type":"村","code":"47306","region":"47"},"geometry":{"type":"MultiPolygon","coordinates":[[[[127.92207,26.70286],[127.92198,26.70291],[127.92208,26.70292],[127.92207,26.70286]]],[[[127.92225,26.70292],[127.92217,26.7028],[127.92214,26.70289],[127.92225,26.70292]]],[[[127.92705,26.70461],[127.92692,26.70455],[127.92701,26.70464],[127.92705,26.70461]]],[[[127.93802,26.70483],[127.9379,26.70477],[127.9379,26.70488],[127.93802,26.70483]]],[[[127.98582,26.64965],[127.9867,26.64917],[127.98557,26.64942],[127.98582,26.64965]]],[[[127.98691,26.64908],[127.98732,26.64914],[127.9871,26.64895],[127.98691,26.64908]]],[[[127.94371,26.70629],[127.94382,26.70639],[127.94387,26.70627],[127.94371,26.70629]]],[[[127.9484,26.70786],[127.94845,26.70789],[127.94844,26.70785],[127.9484,26.70786]]],[[[127.94859,26.70831],[127.94866,26.70823],[127.94857,26.70825],[127.94859,26.70831]]],[[[127.95131,26.70818],[127.9515,26.70828],[127.95145,26.70816],[127.95131,26.70818]]],[[[127.95167,26.70836],[127.95177,26.70824],[127.95168,26.70822],[127.95167,26.70836]]],[[[127.95218,26.70825],[127.95225,26.70823],[127.95218,26.70823],[127.95218,26.70825]]],[[[127.98598,26.69468],[127.98592,26.69483],[127.98602,26.69479],[127.98598,26.69468]]],[[[127.98793,26.69307],[127.98799,26.69323],[127.98803,26.69308],[127.98793,26.69307]]],[[[127.98856,26.69263],[127.9887,26.69271],[127.98867,26.69261],[127.98856,26.69263]]],[[[128.01463,26.69634],[128.01471,26.69636],[128.01467,26.69631],[128.01463,26.69634]]],[[[128.01912,26.71433],[128.0193,26.71427],[128.01914,26.71425],[128.01912,26.71433]]],[[[128.02674,26.71121],[128.02667,26.71156],[128.02692,26.7112],[128.02674,26.71121]]],[[[127.98737,26.64922],[127.98746,26.64913],[127.98739,26.64912],[127.98737,26.64922]]],[[[127.99222,26.64929],[127.99233,26.6515],[127.99353,26.65029],[127.99222,26.64929]]],[[[127.94261,26.70608],[127.94267,26.70614],[127.94271,26.70608],[127.94261,26.70608]]],[[[127.93828,26.70553],[127.93875,26.70569],[127.93855,26.70535],[127.93828,26.70553]]],[[[127.95902,26.63925],[127.96285,26.64695],[127.95957,26.65379],[127.95825,26.66944],[127.95538,26.67036],[127.94954,26.66649],[127.94508,26.67137],[127.9358,26.66981],[127.92965,26.67228],[127.92311,26.68222],[127.91736,26.68304],[127.92003,26.68842],[127.91825,26.70207],[127.92554,26.70254],[127.9272,26.70451],[127.93512,26.703],[127.94297,26.70636],[127.94772,26.70613],[127.94956,26.7085],[127.95739,26.70748],[127.97028,26.70271],[127.9662,26.69801],[127.97039,26.69405],[127.97259,26.69458],[127.97205,26.6974],[127.97839,26.69768],[127.98428,26.69342],[127.99594,26.69137],[127.99798,26.69285],[128.00052,26.6921],[127.99747,26.69138],[128.00838,26.68552],[128.00821,26.68314],[127.99991,26.6778],[127.99676,26.6762],[127.99669,26.67682],[127.99594,26.67777],[127.99599,26.67432],[127.99282,26.67102],[127.99426,26.66793],[127.99253,26.66644],[127.99331,26.66368],[127.99094,26.66205],[127.98873,26.6554],[127.9908,26.65164],[127.98465,26.65071],[127.98345,26.65234],[127.98217,26.65249],[127.9838,26.64808],[127.98865,26.64667],[127.9857,26.63962],[127.97736,26.63707],[127.97483,26.64138],[127.96974,26.63574],[127.96457,26.64046],[127.95902,26.63925]]],[[[128.00833,26.70809],[128.01237,26.71404],[128.01839,26.71437],[128.02642,26.7114],[128.02795,26.70931],[128.02727,26.69996],[128.02366,26.69528],[128.01995,26.69398],[128.01987,26.69569],[128.01516,26.6964],[128.01552,26.69411],[128.01072,26.70024],[128.00833,26.70809]]],[[[128.01674,26.69415],[128.01805,26.6942],[128.01833,26.69411],[128.01805,26.69417],[128.01674,26.69415]]],[[[128.00123,26.6911],[128.00127,26.69059],[128.00121,26.6911],[128.00123,26.6911]]],[[[128.00434,26.68858],[128.00442,26.68867],[128.00439,26.68857],[128.00434,26.68858]]],[[[127.92265,26.70254],[127.92261,26.70243],[127.92254,26.7025],[127.92265,26.70254]]]]}},{"type":"Feature","properties":{"pref":"沖縄県","name":"伊平屋村","type":"村","code":"47359","region":"47"},"geometry":{"type":"MultiPolygon","coordinates":[[[[127.91247,26.99267],[127.91246,26.9943],[127.9129,26.99269],[127.91247,26.99267]]],[[[127.92574,26.9944],[127.92777,26.9943],[127.92777,26.99426],[127.92574,26.9944]]],[[[127.92839,26.99399],[127.92694,26.99633],[127.92841,26.995],[127.92839,26.99399]]],[[[127.9369,27.0],[127.9378,27.00731],[127.93252,27.01375],[127.93223,27.0193],[127.93333,27.02233],[127.94649,27.03437],[127.95061,27.04456],[127.95922,27.04955],[127.96703,27.05717],[127.97321,27.0663],[127.97054,27.06669],[127.97522,27.06662],[127.98732,27.07476],[127.99605,27.08925],[128.0088,27.0902],[128.02032,27.09513],[128.0219,27.0902],[128.01518,27.08848],[128.00822,27.08013],[128.00374,27.07838],[127.99942,27.06871],[127.99698,27.0684],[127.9968,27.06335],[127.99888,27.06135],[127.99136,27.04423],[127.98353,27.04025],[127.97602,27.0411],[127.97138,27.03984],[127.9685,27.03606],[127.96717,27.03705],[127.96319,27.03175],[127.96496,27.02848],[127.96806,27.03037],[127.96674,27.02536],[127.9635,27.02192],[127.95523,27.02238],[127.94488,27.01898],[127.94629,27.01708],[127.94616,27.0155],[127.9452,27.01799],[127.94342,27.01615],[127.94526,27.01563],[127.9419,27.01565],[127.94025,27.00454],[127.93465,26.99486],[127.93253,26.99815],[127.9369,27.0]]],[[[127.94558,27.01424],[127.94711,27.01491],[127.94714,27.01485],[127.94558,27.01424]]],[[[127.94106,27.02899],[127.94127,27.02907],[127.94119,27.02885],[127.94106,27.02899]]],[[[127.94174,27.02946],[127.94155,27.02926],[127.94157,27.02951],[127.94174,27.02946]]],[[[127.95784,27.01833],[127.95814,27.01854],[127.95819,27.01824],[127.95784,27.01833]]],[[[127.9595,27.02073],[127.95991,27.02077],[127.95952,27.02061],[127.9595,27.02073]]],[[[127.98992,27.08168],[127.99023,27.08188],[127.98997,27.0815],[127.98992,27.08168]]],[[[128.00368,27.07765],[128.00382,27.07765],[128.00381,27.07757],[128.00368,27.07765]]],[[[128.00368,27.07772],[128.00378,27.07781],[128.00379,27.07777],[128.00368,27.07772]]],[[[128.00848,27.08061],[128.00868,27.08082],[128.00871,27.08075],[128.00848,27.08061]]],[[[128.00863,27.08041],[128.00873,27.08058],[128.00882,27.08044],[128.00863,27.08041]]],[[[128.0121,27.0845],[128.01227,27.08465],[128.01236,27.08451],[128.0121,27.0845]]],[[[128.01247,27.08488],[128.01258,27.08509],[128.01271,27.08496],[128.01247,27.08488]]],[[[128.01288,27.08539],[128.01304,27.08538],[128.01292,27.08531],[128.01288,27.08539]]],[[[128.01309,27.08553],[128.01326,27.08572],[128.01334,27.08555],[128.01309,27.08553]]],[[[128.01178,27.09239],[128.01197,27.09266],[128.01203,27.09246],[128.01178,27.09239]]],[[[128.01214,27.0921],[128.01231,27.09236],[128.01243,27.09222],[128.01214,27.0921]]],[[[128.01238,27.09281],[128.01259,27.0931],[128.01271,27.09302],[128.01238,27.09281]]],[[[128.01764,27.09424],[128.01782,27.09446],[128.01782,27.09421],[128.01764,27.09424]]],[[[127.97185,27.03552],[127.97203,27.0336],[127.97178,27.03553],[127.97267,27.03775],[127.97166,27.03773],[127.97263,27.03882],[127.97276,27.03698],[127.97185,27.03552]]],[[[127.97443,27.03152],[127.97332,27.03232],[127.97276,27.03297],[127.97443,27.03152]]],[[[127.97257,27.03914],[127.97255,27.04001],[127.97261,27.03914],[127.97257,27.03914]]],[[[128.0067,27.09033],[128.00656,27.09051],[128.00668,27.09055],[128.0067,27.09033]]],[[[127.9225,27.0],[127.92297,27.00218],[127.92974,26.99873],[127.92633,26.99719],[127.92088,26.98927],[127.91429,26.99251],[127.91356,26.99743],[127.9225,27.0]]],[[[127.90957,26.99314],[127.90983,26.99345],[127.90964,26.9931],[127.90957,26.99314]]],[[[127.91079,26.99296],[127.911,26.99321],[127.91108,26.99303],[127.91079,26.99296]]],[[[127.90895,26.99361],[127.90909,26.99385],[127.90908,26.99352],[127.90895,26.99361]]],[[[127.90926,26.9936],[127.90945,26.9939],[127.90935,26.99354],[127.90926,26.9936]]],[[[127.91183,26.99376],[127.91065,26.99514],[127.91175,26.99576],[127.91183,26.99376]]],[[[128.02439,27.0932],[128.02437,27.09366],[128.02466,27.09351],[128.02439,27.0932]]],[[[128.03031,27.09514],[128.03051,27.09512],[128.03038,27.09504],[128.03031,27.09514]]],[[[128.03033,27.10122],[128.03016,27.10135],[128.03047,27.10144],[128.03033,27.10122]]],[[[127.99588,27.08974],[127.99612,27.08996],[127.99609,27.08972],[127.99588,27.08974]]],[[[127.99526,27.0915],[127.99608,27.09071],[127.99511,27.09083],[127.99526,27.0915]]],[[[127.90849,26.99328],[127.90815,26.99324],[127.9082,26.99345],[127.90849,26.99328]]],[[[127.9243,27.00306],[127.92442,27.00177],[127.92375,27.00292],[127.9243,27.00306]]],[[[127.92225,27.00063],[127.92239,27.00046],[127.92229,27.00042],[127.92225,27.00063]]],[[[127.92566,27.02751],[127.92592,27.02752],[127.9259,27.02736],[127.92566,27.02751]]],[[[128.00818,27.09027],[128.00811,27.09048],[128.00829,27.0904],[128.00818,27.09027]]],[[[128.00839,27.09051],[128.00825,27.09054],[128.0083,27.09059],[128.00839,27.09051]]],[[[128.00922,27.09058],[128.00943,27.09049],[128.00924,27.09045],[128.00922,27.09058]]],[[[127.96488,27.03083],[127.96484,27.03077],[127.96407,27.03096],[127.96488,27.03083]]],[[[127.9665,27.02918],[127.9656,27.03002],[127.96656,27.02922],[127.9665,27.02918]]],[[[127.96825,27.03054],[127.9705,27.03265],[127.97056,27.0326],[127.96825,27.03054]]]]}},{"type":"Feature","properties":{"pref":"沖縄県","name":"伊是名村","type":"村","code":"47360","region":"47"},"geometry":{"type":"MultiPolygon","coordinates":[[[[127.92059,26.89591],[127.92036,26.8955],[127.92017,26.89606],[127.92059,26.89591]]],[[[127.92121,26.89513],[127.9211,26.89493],[127.92099,26.89515],[127.92121,26.89513]]],[[[127.91983,26.92066],[127.91951,26.92043],[127.91945,26.92055],[127.91983,26.92066]]],[[[127.91902,26.92319],[127.91894,26.92339],[127.91917,26.92328],[127.91902,26.92319]]],[[[127.95412,26.92574],[127.95385,26.92559],[127.95382,26.92568],[127.95412,26.92574]]],[[[127.95554,26.93117],[127.95661,26.9243],[127.95468,26.92581],[127.95554,26.93117]]],[[[127.94641,26.95212],[127.94684,26.95263],[127.94737,26.95257],[127.94641,26.95212]]],[[[127.94218,26.95384],[127.9417,26.95441],[127.94229,26.95383],[127.94218,26.95384]]],[[[127.94291,26.95363],[127.94319,26.95331],[127.94288,26.9536],[127.94291,26.95363]]],[[[127.94713,26.95407],[127.9461,26.95614],[127.94716,26.95409],[127.94713,26.95407]]],[[[127.95871,26.97321],[127.959,26.9733],[127.95899,26.97314],[127.95871,26.97321]]],[[[127.95912,26.97358],[127.95937,26.97356],[127.95928,26.97339],[127.95912,26.97358]]],[[[127.95902,26.97374],[127.95921,26.97394],[127.95947,26.97386],[127.95902,26.97374]]],[[[127.95508,26.97756],[127.95543,26.97783],[127.95535,26.97756],[127.95508,26.97756]]],[[[127.9212,26.91879],[127.92119,26.91845],[127.92099,26.91861],[127.9212,26.91879]]],[[[127.9389,26.91061],[127.93883,26.91038],[127.93874,26.91041],[127.9389,26.91061]]],[[[127.92981,26.8914],[127.92103,26.89454],[127.92032,26.90196],[127.93019,26.90165],[127.92676,26.90028],[127.92663,26.89708],[127.92789,26.89529],[127.93378,26.89427],[127.92981,26.8914]]],[[[127.94167,26.97611],[127.94204,26.97751],[127.9476,26.97727],[127.94773,26.97884],[127.94829,26.97881],[127.94777,26.97724],[127.95956,26.97492],[127.94853,26.9734],[127.94457,26.97664],[127.94167,26.97611]]],[[[127.92779,26.91667],[127.92236,26.91794],[127.91956,26.92094],[127.92049,26.9221],[127.91864,26.92239],[127.92207,26.93063],[127.92028,26.9344],[127.92175,26.93556],[127.91478,26.93428],[127.91183,26.93713],[127.91656,26.94578],[127.91969,26.9479],[127.93456,26.95251],[127.93746,26.95574],[127.94044,26.95362],[127.94064,26.95387],[127.94143,26.95455],[127.94474,26.95489],[127.94068,26.95386],[127.94403,26.95208],[127.9442,26.95394],[127.9456,26.95062],[127.94823,26.95104],[127.95671,26.94329],[127.95733,26.93486],[127.95428,26.93299],[127.95437,26.92988],[127.95035,26.92757],[127.95045,26.92588],[127.95168,26.92706],[127.95019,26.92381],[127.95133,26.91836],[127.95399,26.91441],[127.94441,26.91335],[127.93909,26.91061],[127.93678,26.91184],[127.93883,26.91106],[127.93722,26.91403],[127.93538,26.91416],[127.93618,26.91258],[127.93466,26.91443],[127.92987,26.91337],[127.92779,26.91667]]],[[[127.93926,26.91005],[127.93942,26.91014],[127.93959,26.90993],[127.93926,26.91005]]],[[[127.95743,26.91826],[127.95805,26.91939],[127.95935,26.91917],[127.95883,26.91859],[127.95743,26.91826]]],[[[127.91467,26.90369],[127.91451,26.90385],[127.91471,26.90376],[127.91467,26.90369]]],[[[127.9511,26.98125],[127.95141,26.98192],[127.95183,26.98166],[127.9511,26.98125]]],[[[127.95256,26.98063],[127.953,26.98077],[127.95254,26.9805],[127.95256,26.98063]]],[[[127.95911,26.97295],[127.95923,26.97318],[127.95919,26.97293],[127.95911,26.97295]]],[[[127.9514,26.98351],[127.95131,26.98325],[127.95118,26.98334],[127.9514,26.98351]]],[[[127.95249,26.98424],[127.95289,26.98392],[127.95243,26.98401],[127.95249,26.98424]]],[[[127.95022,26.98545],[127.95004,26.9859],[127.95075,26.98574],[127.95022,26.98545]]],[[[127.95891,26.9386],[127.95881,26.9383],[127.95867,26.9385],[127.95891,26.9386]]],[[[127.97229,26.94126],[127.97215,26.94102],[127.97209,26.94121],[127.97229,26.94126]]],[[[127.9169,26.90822],[127.91665,26.90841],[127.91685,26.90853],[127.9169,26.90822]]],[[[127.91767,26.90952],[127.91731,26.90896],[127.91709,26.90933],[127.91767,26.90952]]],[[[127.91738,26.91054],[127.91744,26.91015],[127.91712,26.91055],[127.91738,26.91054]]],[[[127.93895,26.90968],[127.93936,26.90981],[127.9394,26.90967],[127.93895,26.90968]]],[[[127.9139,26.90301],[127.91353,26.90259],[127.91326,26.90274],[127.9139,26.90301]]],[[[127.91428,26.90354],[127.91373,26.90375],[127.91382,26.90402],[127.91428,26.90354]]],[[[127.91618,26.90015],[127.91602,26.8999],[127.91593,26.90008],[127.91618,26.90015]]],[[[127.91795,26.90155],[127.91775,26.90092],[127.91752,26.90137],[127.91795,26.90155]]],[[[127.91081,26.90406],[127.91072,26.90387],[127.9107,26.90403],[127.91081,26.90406]]],[[[127.91116,26.90478],[127.91096,26.90484],[127.91119,26.9049],[127.91116,26.90478]]],[[[127.91162,26.90453],[127.91165,26.90472],[127.91178,26.90455],[127.91162,26.90453]]],[[[127.91214,26.90493],[127.9122,26.9051],[127.91224,26.90494],[127.91214,26.90493]]],[[[127.95896,26.97533],[127.95894,26.97565],[127.95919,26.97554],[127.95896,26.97533]]],[[[127.95954,26.97559],[127.95959,26.97577],[127.95966,26.97573],[127.95954,26.97559]]],[[[127.95934,26.97597],[127.95965,26.976],[127.95943,26.97581],[127.95934,26.97597]]],[[[127.94022,26.91098],[127.93988,26.91073],[127.93978,26.91096],[127.94022,26.91098]]],[[[127.91566,26.94361],[127.91489,26.94372],[127.91565,26.94373],[127.91566,26.94361]]],[[[127.91862,26.94822],[127.91829,26.94789],[127.91817,26.94833],[127.91862,26.94822]]],[[[127.91844,26.94758],[127.91881,26.94736],[127.91857,26.94725],[127.91844,26.94758]]]]}},{"type":"Feature","properties":{"pref":"沖縄県","name":"伊江村","type":"村","code":"47315","region":"47"},"geometry":{"type":"MultiPolygon","coordinates":[[[[127.76366,26.70594],[127.76362,26.70596],[127.76388,26.70624],[127.76366,26.70594]]],[[[127.76358,26.70641],[127.76356,26.70642],[127.76389,26.70684],[127.76358,26.70641]]],[[[127.79016,26.708],[127.79416,26.70743],[127.79417,26.7074],[127.79016,26.708]]],[[[127.8,26.70551],[127.79649,26.70633],[127.80058,26.70542],[127.8,26.70551]]],[[[127.80606,26.70528],[127.80706,26.70526],[127.80606,26.70526],[127.80606,26.70528]]],[[[127.80777,26.70512],[127.80578,26.70505],[127.80576,26.70513],[127.80777,26.70512]]],[[[127.8124,26.70374],[127.8123,26.7037],[127.81293,26.70474],[127.8124,26.70374]]],[[[127.75,26.71729],[127.74904,26.72292],[127.75236,26.73298],[127.75912,26.73745],[127.76908,26.73701],[127.77652,26.73388],[127.78945,26.73336],[127.80786,26.73923],[127.82879,26.72427],[127.83135,26.71897],[127.82822,26.71015],[127.81098,26.70692],[127.81097,26.70511],[127.80545,26.7063],[127.80526,26.70463],[127.80338,26.70706],[127.797,26.70712],[127.79641,26.70929],[127.78844,26.7099],[127.76161,26.7084],[127.76294,26.70685],[127.75428,26.71086],[127.75,26.71729]]],[[[127.80856,26.70453],[127.80717,26.70459],[127.8111,26.70453],[127.80856,26.70453]]],[[[127.80482,26.70379],[127.80581,26.70413],[127.80736,26.70407],[127.80482,26.70379]]],[[[127.80311,26.70287],[127.80245,26.70386],[127.80325,26.70298],[127.80311,26.70287]]]]}},{"type":"Feature","properties":{"pref":"沖縄県","name":"八重瀬町","type":"町","code":"47362","region":"47"},"geometry":{"type":"MultiPolygon","coordinates":[[[[127.73492,26.1008],[127.73498,26.10084],[127.73498,26.1008],[127.73492,26.1008]]],[[[127.73495,26.10129],[127.73498,26.10126],[127.73494,26.10125],[127.73495,26.10129]]],[[[127.73486,26.10137],[127.73492,26.10134],[127.73486,26.10131],[127.73486,26.10137]]],[[[127.73491,26.10143],[127.73494,26.10145],[127.73494,26.10143],[127.73491,26.10143]]],[[[127.73484,26.10178],[127.73482,26.10181],[127.73485,26.1018],[127.73484,26.10178]]],[[[127.73486,26.10161],[127.73488,26.10163],[127.73487,26.1016],[127.73486,26.10161]]],[[[127.73494,26.10168],[127.73496,26.10171],[127.73497,26.10169],[127.73494,26.10168]]],[[[127.73529,26.1018],[127.73538,26.10178],[127.7353,26.10176],[127.73529,26.1018]]],[[[127.73497,26.10184],[127.735,26.10186],[127.735,26.10184],[127.73497,26.10184]]],[[[127.73687,26.10337],[127.73689,26.10334],[127.73687,26.10333],[127.73687,26.10337]]],[[[127.73737,26.10365],[127.73752,26.1036],[127.73742,26.10355],[127.73737,26.10365]]],[[[127.73759,26.10383],[127.73764,26.1038],[127.73759,26.1038],[127.73759,26.10383]]],[[[127.73802,26.10634],[127.73805,26.10635],[127.73804,26.10633],[127.73802,26.10634]]],[[[127.73805,26.10637],[127.73811,26.10637],[127.73809,26.10635],[127.73805,26.10637]]],[[[127.73774,26.1054],[127.73778,26.10548],[127.73781,26.10544],[127.73774,26.1054]]],[[[127.73779,26.10575],[127.73783,26.10574],[127.73777,26.10573],[127.73779,26.10575]]],[[[127.73807,26.10644],[127.7381,26.10644],[127.7381,26.10642],[127.73807,26.10644]]],[[[127.73809,26.10647],[127.73811,26.10649],[127.7381,26.10646],[127.73809,26.10647]]],[[[127.73802,26.10641],[127.73805,26.10642],[127.73804,26.10639],[127.73802,26.10641]]],[[[127.73917,26.10861],[127.73932,26.10859],[127.7392,26.10853],[127.73917,26.10861]]],[[[127.73939,26.10923],[127.73952,26.10923],[127.73942,26.10917],[127.73939,26.10923]]],[[[127.74188,26.11066],[127.74189,26.11071],[127.74193,26.11069],[127.74188,26.11066]]],[[[127.74202,26.11068],[127.74201,26.11074],[127.74204,26.11069],[127.74202,26.11068]]],[[[127.74202,26.11075],[127.74202,26.11079],[127.74203,26.11078],[127.74202,26.11075]]],[[[127.74224,26.11071],[127.74228,26.11072],[127.74227,26.11069],[127.74224,26.11071]]],[[[127.74301,26.11056],[127.74313,26.11062],[127.74302,26.11049],[127.74301,26.11056]]],[[[127.74321,26.11086],[127.7432,26.11091],[127.74323,26.11089],[127.74321,26.11086]]],[[[127.74304,26.11161],[127.74309,26.11166],[127.74307,26.11158],[127.74304,26.11161]]],[[[127.7431,26.11194],[127.74316,26.11197],[127.74314,26.11193],[127.7431,26.11194]]],[[[127.74533,26.11604],[127.7453,26.11591],[127.74524,26.116],[127.74533,26.11604]]],[[[127.74664,26.11709],[127.74658,26.11715],[127.74663,26.11714],[127.74664,26.11709]]],[[[127.74703,26.11793],[127.74711,26.11795],[127.74711,26.11786],[127.74703,26.11793]]],[[[127.74737,26.1182],[127.74757,26.1182],[127.74735,26.11811],[127.74737,26.1182]]],[[[127.74812,26.11889],[127.74819,26.11886],[127.74811,26.11884],[127.74812,26.11889]]],[[[127.74923,26.11941],[127.74942,26.11945],[127.74924,26.11931],[127.74923,26.11941]]],[[[127.74954,26.11952],[127.74957,26.11954],[127.74956,26.11951],[127.74954,26.11952]]],[[[127.74963,26.11973],[127.74971,26.11974],[127.7497,26.1197],[127.74963,26.11973]]],[[[127.75019,26.11957],[127.75028,26.11959],[127.75026,26.11952],[127.75019,26.11957]]],[[[127.76242,26.12256],[127.76444,26.12317],[127.76447,26.12301],[127.76242,26.12256]]],[[[127.73362,26.09842],[127.73364,26.0985],[127.73368,26.09845],[127.73362,26.09842]]],[[[127.73398,26.09876],[127.73394,26.09881],[127.73398,26.09883],[127.73398,26.09876]]],[[[127.73431,26.09894],[127.73428,26.09904],[127.73436,26.09905],[127.73431,26.09894]]],[[[127.73498,26.09966],[127.73507,26.09971],[127.73506,26.09965],[127.73498,26.09966]]],[[[127.73761,26.10539],[127.7377,26.1054],[127.73766,26.10535],[127.73761,26.10539]]],[[[127.73774,26.10535],[127.73778,26.10539],[127.73779,26.10538],[127.73774,26.10535]]],[[[127.73769,26.10505],[127.73777,26.10505],[127.73772,26.10499],[127.73769,26.10505]]],[[[127.738,26.10538],[127.73817,26.10526],[127.73802,26.10524],[127.738,26.10538]]],[[[127.73057,26.1528],[127.73417,26.15104],[127.73938,26.15179],[127.74209,26.14447],[127.74962,26.13878],[127.75316,26.13317],[127.7571,26.1316],[127.75942,26.13271],[127.76232,26.125],[127.75997,26.12404],[127.76256,26.12347],[127.75902,26.12422],[127.75584,26.11979],[127.75182,26.12075],[127.74718,26.11826],[127.74283,26.11099],[127.73941,26.10953],[127.73441,26.09912],[127.73163,26.09822],[127.7241,26.10649],[127.71973,26.10564],[127.71805,26.11297],[127.71319,26.11937],[127.7118,26.11844],[127.7125,26.1233],[127.70837,26.1265],[127.70605,26.13189],[127.70593,26.13345],[127.70982,26.13466],[127.71392,26.14469],[127.71035,26.148],[127.7071,26.14837],[127.70247,26.14489],[127.69653,26.15156],[127.70231,26.15833],[127.70298,26.162],[127.70708,26.16537],[127.70337,26.17006],[127.70427,26.17239],[127.71443,26.18072],[127.72076,26.17572],[127.72569,26.1761],[127.72431,26.17308],[127.72564,26.17187],[127.7239,26.17128],[127.73167,26.16618],[127.72998,26.16197],[127.73057,26.1528]]]]}},{"type":"Feature","properties":{"pref":"沖縄県","name":"北中城村","type":"村","code":"47327","region":"47"},"geometry":{"type":"MultiPolygon","coordinates":[[[[127.81667,26.29229],[127.81447,26.29139],[127.81693,26.29241],[127.81667,26.29229]]],[[[127.8256,26.30237],[127.82594,26.30221],[127.82556,26.30227],[127.8256,26.30237]]],[[[127.78479,26.31777],[127.7946,26.3176],[127.79588,26.31897],[127.79289,26.32067],[127.79542,26.3228],[127.79774,26.3211],[127.80062,26.32572],[127.80724,26.32605],[127.80852,26.32295],[127.80651,26.31805],[127.80738,26.31086],[127.8107,26.30509],[127.82539,26.30661],[127.82873,26.30413],[127.82411,26.30285],[127.81623,26.30515],[127.8111,26.29849],[127.81452,26.2984],[127.81509,26.29355],[127.81443,26.29771],[127.81294,26.29753],[127.81321,26.29482],[127.81056,26.2946],[127.81442,26.29008],[127.80439,26.28505],[127.79889,26.28489],[127.79019,26.28859],[127.78591,26.28754],[127.78395,26.29315],[127.78177,26.29508],[127.77947,26.29429],[127.77578,26.30824],[127.78554,26.31421],[127.78479,26.31777]]]]}},{"type":"Feature","properties":{"pref":"沖縄県","name":"北大東村","type":"村","code":"47358","region":"47"},"geometry":{"type":"MultiPolygon","coordinates":[[[[131.18252,24.4674],[131.1826,24.46738],[131.18255,24.46735],[131.18252,24.4674]]],[[[131.1824,24.46771],[131.18243,24.46763],[131.18238,24.46767],[131.1824,24.46771]]],[[[131.18216,24.46791],[131.18225,24.46791],[131.1822,24.46786],[131.18216,24.46791]]],[[[131.18212,24.4681],[131.18216,24.46803],[131.1821,24.46806],[131.18212,24.4681]]],[[[131.18489,24.46226],[131.18484,24.4623],[131.18489,24.46229],[131.18489,24.46226]]],[[[131.18448,24.46328],[131.18456,24.46331],[131.18454,24.46326],[131.18448,24.46328]]],[[[131.18418,24.46371],[131.18424,24.46364],[131.18418,24.46364],[131.18418,24.46371]]],[[[131.18465,24.46311],[131.18472,24.4631],[131.1847,24.46307],[131.18465,24.46311]]],[[[131.18497,24.46262],[131.18507,24.46255],[131.18496,24.46257],[131.18497,24.46262]]],[[[131.18491,24.46269],[131.18494,24.46278],[131.18498,24.46272],[131.18491,24.46269]]],[[[131.18533,24.46235],[131.18543,24.46239],[131.18539,24.4623],[131.18533,24.46235]]],[[[131.1862,24.46186],[131.18629,24.46177],[131.18618,24.46182],[131.1862,24.46186]]],[[[131.18679,24.46156],[131.187,24.46157],[131.18703,24.46153],[131.18679,24.46156]]],[[[131.18753,24.46135],[131.18759,24.46131],[131.18753,24.4613],[131.18753,24.46135]]],[[[131.18226,24.4724],[131.18233,24.47234],[131.18225,24.47235],[131.18226,24.4724]]],[[[131.18137,24.46956],[131.18145,24.46953],[131.18138,24.46952],[131.18137,24.46956]]],[[[131.18064,24.47092],[131.18072,24.47092],[131.18066,24.47088],[131.18064,24.47092]]],[[[131.18064,24.4711],[131.18074,24.47109],[131.18067,24.47106],[131.18064,24.4711]]],[[[131.18805,24.47139],[131.18815,24.47144],[131.18816,24.47137],[131.18805,24.47139]]],[[[131.18063,24.47157],[131.18073,24.47159],[131.18071,24.47155],[131.18063,24.47157]]],[[[131.18135,24.47236],[131.18144,24.47232],[131.18134,24.47233],[131.18135,24.47236]]],[[[131.18252,24.47232],[131.18261,24.47228],[131.18258,24.47224],[131.18252,24.47232]]],[[[131.18752,24.47153],[131.1876,24.47144],[131.18749,24.47145],[131.18752,24.47153]]],[[[131.1884,24.46126],[131.18852,24.46135],[131.18856,24.46132],[131.1884,24.46126]]],[[[131.18871,24.46129],[131.18943,24.46146],[131.1895,24.46142],[131.18871,24.46129]]],[[[131.18961,24.46148],[131.18971,24.46154],[131.18971,24.46149],[131.18961,24.46148]]],[[[131.19,24.46166],[131.19013,24.46152],[131.19,24.46154],[131.19,24.46166]]],[[[131.1904,24.46188],[131.19045,24.46181],[131.19039,24.46184],[131.1904,24.46188]]],[[[131.1907,24.46198],[131.19091,24.46194],[131.19061,24.4619],[131.1907,24.46198]]],[[[131.19102,24.462],[131.19111,24.46201],[131.19104,24.46197],[131.19102,24.462]]],[[[131.19125,24.46221],[131.19133,24.46219],[131.19129,24.46217],[131.19125,24.46221]]],[[[131.19177,24.46255],[131.19196,24.46264],[131.19194,24.46253],[131.19177,24.46255]]],[[[131.19216,24.46284],[131.19214,24.46276],[131.1921,24.46282],[131.19216,24.46284]]],[[[131.19228,24.46292],[131.19238,24.46322],[131.19245,24.46325],[131.19228,24.46292]]],[[[131.19267,24.46343],[131.19273,24.46333],[131.19265,24.46336],[131.19267,24.46343]]],[[[131.19278,24.46368],[131.19293,24.46368],[131.19279,24.46365],[131.19278,24.46368]]],[[[131.19288,24.46394],[131.19301,24.46399],[131.19293,24.46388],[131.19288,24.46394]]],[[[131.19321,24.46422],[131.19317,24.46431],[131.19323,24.4643],[131.19321,24.46422]]],[[[131.1933,24.46441],[131.19345,24.46452],[131.19338,24.46439],[131.1933,24.46441]]],[[[131.19422,24.46593],[131.19436,24.46591],[131.19425,24.46589],[131.19422,24.46593]]],[[[131.1945,24.46609],[131.19457,24.46617],[131.19458,24.4661],[131.1945,24.46609]]],[[[131.1946,24.46641],[131.19468,24.4663],[131.19465,24.4663],[131.1946,24.46641]]],[[[131.19482,24.46682],[131.19484,24.46671],[131.1948,24.46673],[131.19482,24.46682]]],[[[131.19495,24.46698],[131.195,24.46692],[131.19493,24.46695],[131.19495,24.46698]]],[[[131.19461,24.47018],[131.19475,24.47025],[131.19476,24.47019],[131.19461,24.47018]]],[[[131.19494,24.46994],[131.19502,24.46993],[131.19497,24.4699],[131.19494,24.46994]]],[[[131.19484,24.47],[131.19485,24.47014],[131.19491,24.47004],[131.19484,24.47]]],[[[131.1951,24.4697],[131.19516,24.46983],[131.19515,24.46965],[131.1951,24.4697]]],[[[131.18508,24.46275],[131.18073,24.47228],[131.19245,24.47108],[131.19508,24.46927],[131.19245,24.46352],[131.18923,24.46147],[131.18508,24.46275]]],[[[131.18159,24.47241],[131.18169,24.47243],[131.18165,24.47238],[131.18159,24.47241]]],[[[131.18195,24.47246],[131.18202,24.4724],[131.18192,24.4724],[131.18195,24.47246]]],[[[131.28999,25.93916],[131.28502,25.9486],[131.2839,25.95666],[131.28558,25.961],[131.30622,25.95558],[131.32243,25.95612],[131.33205,25.95177],[131.32311,25.93184],[131.31907,25.92905],[131.30829,25.92808],[131.29947,25.9302],[131.28999,25.93916]]],[[[131.19534,24.46792],[131.19545,24.468],[131.19541,24.4679],[131.19534,24.46792]]],[[[131.19552,24.46837],[131.1956,24.46833],[131.19554,24.46829],[131.19552,24.46837]]],[[[131.19542,24.46926],[131.19524,24.46944],[131.19528,24.46953],[131.19542,24.46926]]],[[[131.18771,24.46128],[131.18777,24.4613],[131.18777,24.46124],[131.18771,24.46128]]],[[[131.1881,24.46121],[131.18819,24.46119],[131.18818,24.46117],[131.1881,24.46121]]],[[[131.1939,24.46513],[131.19387,24.46527],[131.19391,24.46525],[131.1939,24.46513]]],[[[131.19412,24.46557],[131.19419,24.4655],[131.19409,24.46554],[131.19412,24.46557]]],[[[131.19426,24.46575],[131.19432,24.46565],[131.19423,24.46565],[131.19426,24.46575]]]]}},{"type":"Feature","properties":{"pref":"沖縄県","name":"北谷町","type":"町","code":"47326","region":"47"},"geometry":{"type":"MultiPolygon","coordinates":[[[[127.755,26.30124],[127.75495,26.30124],[127.75496,26.30129],[127.755,26.30124]]],[[[127.7558,26.30121],[127.75579,26.30124],[127.75586,26.30124],[127.7558,26.30121]]],[[[127.7573,26.30324],[127.75736,26.30315],[127.7573,26.30308],[127.7573,26.30324]]],[[[127.7578,26.30446],[127.7579,26.30456],[127.75783,26.30437],[127.7578,26.30446]]],[[[127.7581,26.30572],[127.75823,26.30582],[127.75813,26.30568],[127.7581,26.30572]]],[[[127.75133,26.31737],[127.74992,26.31981],[127.75142,26.31742],[127.75133,26.31737]]],[[[127.75506,26.31359],[127.75519,26.31334],[127.75517,26.31332],[127.75506,26.31359]]],[[[127.75667,26.30123],[127.75518,26.2988],[127.75581,26.3012],[127.75667,26.30123]]],[[[127.77893,26.3],[127.77935,26.29619],[127.76717,26.29787],[127.76192,26.29319],[127.75833,26.29383],[127.757,26.29503],[127.75693,26.30194],[127.76008,26.30987],[127.75551,26.31084],[127.75387,26.31427],[127.75245,26.31855],[127.75311,26.32093],[127.75627,26.32211],[127.75482,26.32385],[127.75549,26.32283],[127.75385,26.32208],[127.75356,26.32216],[127.75488,26.32265],[127.75368,26.32412],[127.74913,26.3203],[127.74607,26.32283],[127.74251,26.33117],[127.74277,26.3343],[127.74528,26.33486],[127.74721,26.33956],[127.74586,26.34263],[127.75031,26.34362],[127.75799,26.34007],[127.7642,26.34248],[127.76948,26.34118],[127.77415,26.34617],[127.77785,26.34297],[127.77216,26.33928],[127.77843,26.32994],[127.77769,26.32533],[127.782,26.32181],[127.77868,26.31752],[127.78436,26.318],[127.78589,26.31512],[127.78019,26.3096],[127.77581,26.3084],[127.77582,26.30391],[127.77893,26.3]]]]}},{"type":"Feature","properties":{"pref":"沖縄県","name":"南城市","type":"市","code":"47215","region":"47"},"geometry":{"type":"MultiPolygon","coordinates":[[[[127.76982,26.1324],[127.76984,26.13232],[127.76976,26.13238],[127.76982,26.1324]]],[[[127.77082,26.13131],[127.7709,26.13126],[127.77083,26.13122],[127.77082,26.13131]]],[[[127.77063,26.1323],[127.77056,26.13224],[127.77052,26.13229],[127.77063,26.1323]]],[[[127.77075,26.13222],[127.77071,26.13226],[127.77077,26.13223],[127.77075,26.13222]]],[[[127.7708,26.13229],[127.77078,26.13233],[127.77081,26.13233],[127.7708,26.13229]]],[[[127.77593,26.12908],[127.77591,26.12905],[127.7759,26.12906],[127.77593,26.12908]]],[[[127.78684,26.13239],[127.78679,26.13234],[127.78677,26.13237],[127.78684,26.13239]]],[[[127.78754,26.13281],[127.78756,26.13277],[127.78753,26.13277],[127.78754,26.13281]]],[[[127.78785,26.13249],[127.78773,26.13247],[127.78774,26.13249],[127.78785,26.13249]]],[[[127.78859,26.13262],[127.78856,26.13254],[127.78851,26.13258],[127.78859,26.13262]]],[[[127.7886,26.13277],[127.78878,26.13279],[127.78877,26.13272],[127.7886,26.13277]]],[[[127.78399,26.13366],[127.78396,26.13365],[127.78397,26.13367],[127.78399,26.13366]]],[[[127.78403,26.13361],[127.78407,26.13359],[127.78403,26.13359],[127.78403,26.13361]]],[[[127.78469,26.13302],[127.78469,26.13295],[127.78465,26.13296],[127.78469,26.13302]]],[[[127.78829,26.13292],[127.78833,26.13276],[127.78825,26.13276],[127.78829,26.13292]]],[[[127.78884,26.13287],[127.78893,26.13281],[127.7888,26.13283],[127.78884,26.13287]]],[[[127.78886,26.13293],[127.78886,26.133],[127.78892,26.13295],[127.78886,26.13293]]],[[[127.81987,26.14747],[127.82,26.14751],[127.81993,26.14744],[127.81987,26.14747]]],[[[127.81982,26.14765],[127.81988,26.14763],[127.81985,26.14761],[127.81982,26.14765]]],[[[127.81992,26.14768],[127.81999,26.14767],[127.81992,26.14764],[127.81992,26.14768]]],[[[127.81981,26.14782],[127.81986,26.1478],[127.81979,26.14779],[127.81981,26.14782]]],[[[127.82001,26.14785],[127.82003,26.14785],[127.82001,26.14784],[127.82001,26.14785]]],[[[127.82029,26.14771],[127.82032,26.14768],[127.82029,26.14768],[127.82029,26.14771]]],[[[127.82184,26.14836],[127.82214,26.1484],[127.82181,26.14828],[127.82184,26.14836]]],[[[127.82182,26.14848],[127.82187,26.14848],[127.82187,26.14847],[127.82182,26.14848]]],[[[127.82162,26.14814],[127.82168,26.14817],[127.82165,26.14812],[127.82162,26.14814]]],[[[127.82172,26.14808],[127.82174,26.14813],[127.82177,26.14808],[127.82172,26.14808]]],[[[127.82202,26.14825],[127.82206,26.14824],[127.82203,26.14824],[127.82202,26.14825]]],[[[127.82199,26.14856],[127.82207,26.14852],[127.82198,26.14853],[127.82199,26.14856]]],[[[127.82007,26.14787],[127.82009,26.14786],[127.82008,26.14785],[127.82007,26.14787]]],[[[127.82034,26.148],[127.82026,26.14792],[127.82024,26.148],[127.82034,26.148]]],[[[127.82032,26.14808],[127.82027,26.14804],[127.82028,26.14807],[127.82032,26.14808]]],[[[127.8204,26.14795],[127.82045,26.14795],[127.8204,26.14793],[127.8204,26.14795]]],[[[127.82159,26.14834],[127.8216,26.14827],[127.82158,26.14833],[127.82159,26.14834]]],[[[127.819,26.15765],[127.81903,26.15764],[127.819,26.15764],[127.819,26.15765]]],[[[127.81635,26.15667],[127.8164,26.15673],[127.81648,26.15669],[127.81635,26.15667]]],[[[127.81638,26.15682],[127.81656,26.15693],[127.8165,26.15676],[127.81638,26.15682]]],[[[127.81586,26.15663],[127.81594,26.15673],[127.81594,26.15665],[127.81586,26.15663]]],[[[127.81612,26.15673],[127.8163,26.15674],[127.81614,26.15664],[127.81612,26.15673]]],[[[127.81752,26.15666],[127.81754,26.15665],[127.81753,26.15665],[127.81752,26.15666]]],[[[127.81772,26.15687],[127.81777,26.1569],[127.81778,26.15687],[127.81772,26.15687]]],[[[127.8222,26.14827],[127.82223,26.14829],[127.82221,26.14826],[127.8222,26.14827]]],[[[127.8222,26.14833],[127.82221,26.14835],[127.82222,26.14834],[127.8222,26.14833]]],[[[127.8221,26.14843],[127.82215,26.14852],[127.8222,26.14851],[127.8221,26.14843]]],[[[127.83081,26.16587],[127.83084,26.16583],[127.83081,26.16586],[127.83081,26.16587]]],[[[127.83091,26.17266],[127.83073,26.17278],[127.83079,26.17281],[127.83091,26.17266]]],[[[127.8099,26.19106],[127.80979,26.19085],[127.8098,26.19107],[127.8099,26.19106]]],[[[127.81194,26.19228],[127.8113,26.19158],[127.81191,26.19242],[127.81194,26.19228]]],[[[127.81625,26.15687],[127.81629,26.15691],[127.8163,26.15688],[127.81625,26.15687]]],[[[127.81769,26.15699],[127.8177,26.15706],[127.81773,26.15704],[127.81769,26.15699]]],[[[127.81782,26.15709],[127.81774,26.15711],[127.81779,26.15715],[127.81782,26.15709]]],[[[127.81811,26.15708],[127.81819,26.15716],[127.81821,26.15713],[127.81811,26.15708]]],[[[127.77247,26.13317],[127.77245,26.13325],[127.77248,26.13324],[127.77247,26.13317]]],[[[127.77568,26.1342],[127.77562,26.13418],[127.77563,26.1342],[127.77568,26.1342]]],[[[127.77588,26.13417],[127.77583,26.13424],[127.77586,26.13427],[127.77588,26.13417]]],[[[127.77644,26.1338],[127.77649,26.13375],[127.77644,26.13378],[127.77644,26.1338]]],[[[127.77715,26.13383],[127.77712,26.13373],[127.7771,26.13386],[127.77715,26.13383]]],[[[127.78365,26.13412],[127.78364,26.13405],[127.78361,26.1341],[127.78365,26.13412]]],[[[127.77635,26.13437],[127.77617,26.13441],[127.77615,26.13463],[127.77635,26.13437]]],[[[127.77683,26.13421],[127.77662,26.13409],[127.77671,26.13459],[127.77683,26.13421]]],[[[127.77745,26.13407],[127.77695,26.13429],[127.77725,26.13474],[127.77745,26.13407]]],[[[127.77763,26.13467],[127.77754,26.13458],[127.77754,26.13474],[127.77763,26.13467]]],[[[127.77785,26.13474],[127.77778,26.13477],[127.77781,26.13479],[127.77785,26.13474]]],[[[127.79989,26.14196],[127.79986,26.14192],[127.79984,26.14194],[127.79989,26.14196]]],[[[127.79996,26.14201],[127.79998,26.14194],[127.79994,26.14195],[127.79996,26.14201]]],[[[127.80004,26.142],[127.80002,26.14205],[127.80006,26.14203],[127.80004,26.142]]],[[[127.79997,26.14192],[127.79996,26.14186],[127.79992,26.14188],[127.79997,26.14192]]],[[[127.80057,26.14313],[127.80059,26.14305],[127.80053,26.14306],[127.80057,26.14313]]],[[[127.80543,26.14589],[127.80628,26.14459],[127.8052,26.14568],[127.80543,26.14589]]],[[[127.80673,26.14761],[127.80672,26.14771],[127.80678,26.14759],[127.80673,26.14761]]],[[[127.77093,26.13139],[127.77088,26.13137],[127.7709,26.13141],[127.77093,26.13139]]],[[[127.77093,26.1323],[127.77088,26.13236],[127.77094,26.13235],[127.77093,26.1323]]],[[[127.77097,26.13232],[127.77099,26.13235],[127.77103,26.13233],[127.77097,26.13232]]],[[[127.7753,26.12834],[127.77535,26.12824],[127.77526,26.12833],[127.7753,26.12834]]],[[[127.77587,26.12879],[127.77585,26.12882],[127.77588,26.12882],[127.77587,26.12879]]],[[[127.76925,26.12898],[127.77517,26.13266],[127.77683,26.12929],[127.77352,26.12664],[127.77027,26.12758],[127.76925,26.12898]]],[[[127.81234,26.15504],[127.81236,26.15503],[127.81235,26.15502],[127.81234,26.15504]]],[[[127.81248,26.15513],[127.81252,26.15514],[127.81252,26.15511],[127.81248,26.15513]]],[[[127.81554,26.15521],[127.81559,26.1552],[127.81554,26.1552],[127.81554,26.15521]]],[[[127.8154,26.15595],[127.81561,26.15601],[127.81559,26.15589],[127.8154,26.15595]]],[[[127.81574,26.15578],[127.81585,26.15579],[127.81585,26.15572],[127.81574,26.15578]]],[[[127.81031,26.14543],[127.80776,26.14521],[127.80939,26.14601],[127.81031,26.14543]]],[[[127.75734,26.13159],[127.74209,26.14447],[127.73938,26.15179],[127.73417,26.15104],[127.73048,26.15309],[127.72998,26.16197],[127.73167,26.16618],[127.72954,26.16891],[127.73148,26.16866],[127.73436,26.17258],[127.73302,26.1776],[127.7341,26.18207],[127.73966,26.1891],[127.74087,26.19752],[127.74628,26.19858],[127.74703,26.19602],[127.74873,26.19766],[127.76255,26.1947],[127.76549,26.18626],[127.77379,26.18661],[127.77607,26.18862],[127.77945,26.18358],[127.77958,26.18062],[127.77711,26.18249],[127.77603,26.1801],[127.77871,26.17963],[127.7772,26.17832],[127.7795,26.17583],[127.77781,26.1725],[127.78459,26.1721],[127.7854,26.17372],[127.78764,26.17058],[127.79051,26.17123],[127.79219,26.17559],[127.79086,26.17574],[127.79115,26.18102],[127.79502,26.18559],[127.79212,26.18491],[127.8103,26.18986],[127.80976,26.1916],[127.81223,26.19014],[127.81568,26.19074],[127.81267,26.19196],[127.82123,26.19158],[127.82255,26.18041],[127.82758,26.17944],[127.82583,26.18104],[127.83148,26.17708],[127.82978,26.17498],[127.83062,26.16576],[127.82871,26.16463],[127.82644,26.16638],[127.81957,26.15757],[127.81165,26.15519],[127.80792,26.15149],[127.81033,26.14875],[127.80665,26.14577],[127.80855,26.14764],[127.80654,26.14777],[127.80692,26.1494],[127.80513,26.1486],[127.80658,26.14672],[127.80558,26.14794],[127.80508,26.14637],[127.80256,26.14664],[127.80073,26.14231],[127.79856,26.14266],[127.79562,26.13751],[127.78878,26.13308],[127.77535,26.135],[127.76791,26.13129],[127.76747,26.12624],[127.76292,26.12513],[127.75928,26.13285],[127.75734,26.13159]]],[[[127.76589,26.12438],[127.76552,26.12355],[127.76546,26.12357],[127.76589,26.12438]]],[[[127.88951,26.16252],[127.8895,26.16265],[127.88959,26.16259],[127.88951,26.16252]]],[[[127.88404,26.16016],[127.91059,26.17157],[127.89949,26.16198],[127.88519,26.15196],[127.88432,26.15233],[127.88232,26.15579],[127.88504,26.1522],[127.88585,26.15487],[127.88379,26.15486],[127.88323,26.15638],[127.88427,26.15967],[127.88459,26.15734],[127.88619,26.16001],[127.88404,26.16016]]],[[[127.92793,26.18229],[127.92842,26.18224],[127.92831,26.18207],[127.92793,26.18229]]],[[[127.85047,26.14911],[127.84941,26.15049],[127.85007,26.15076],[127.85047,26.14911]]],[[[127.77791,26.18123],[127.77898,26.18095],[127.7779,26.18119],[127.77791,26.18123]]],[[[127.79128,26.17523],[127.78992,26.17324],[127.78977,26.17272],[127.7897,26.17332],[127.79073,26.17491],[127.79128,26.17523]]]]}},{"type":"Feature","properties":{"pref":"沖縄県","name":"南大東村","type":"村","code":"47357","region":"47"},"geometry":{"type":"Polygon","coordinates":[[[131.21754,25.83333],[131.21688,25.84553],[131.22112,25.85948],[131.21986,25.86501],[131.22551,25.87024],[131.22707,25.86836],[131.23055,25.86931],[131.22705,25.87006],[131.23584,25.87216],[131.25618,25.87119],[131.2655,25.86666],[131.27319,25.85478],[131.26738,25.83868],[131.26645,25.8275],[131.25555,25.81671],[131.23444,25.81258],[131.22495,25.81515],[131.21347,25.82289],[131.21754,25.83333]]]}},{"type":"Feature","properties":{"pref":"沖縄県","name":"南風原町","type":"町","code":"47350","region":"47"},"geometry":{"type":"Polygon","coordinates":[[[127.70774,26.19032],[127.71318,26.1959],[127.71766,26.19549],[127.72088,26.19761],[127.72262,26.21005],[127.73356,26.21817],[127.74011,26.21655],[127.74161,26.21488],[127.73925,26.21044],[127.74491,26.20707],[127.74861,26.20159],[127.74628,26.19858],[127.74078,26.19739],[127.73966,26.1891],[127.7341,26.18207],[127.73302,26.1776],[127.73436,26.17258],[127.73082,26.16835],[127.72486,26.16977],[127.72569,26.1761],[127.72099,26.17564],[127.71645,26.1801],[127.71366,26.18033],[127.70947,26.18492],[127.70774,26.19032]]]}},{"type":"Feature","properties":{"pref":"沖縄県","name":"名護市","type":"市","code":"47209","region":"47"},"geometry":{"type":"MultiPolygon","coordinates":[[[[128.02628,26.64055],[128.02635,26.64063],[128.02639,26.64055],[128.02628,26.64055]]],[[[128.01786,26.64512],[128.01781,26.64499],[128.01774,26.6451],[128.01786,26.64512]]],[[[128.02573,26.64081],[128.02628,26.64026],[128.02558,26.64027],[128.02573,26.64081]]],[[[128.00357,26.65626],[127.99958,26.65726],[127.99702,26.6562],[127.9935,26.66014],[127.99616,26.6684],[127.99485,26.67096],[127.99865,26.67113],[127.99881,26.67529],[128.00311,26.67656],[128.00374,26.67418],[128.00628,26.67401],[128.00608,26.67574],[128.00854,26.67513],[128.00983,26.67924],[128.01733,26.67846],[128.01991,26.68075],[128.02288,26.66859],[128.02835,26.66119],[128.0335,26.65936],[128.03259,26.65699],[128.03548,26.65066],[128.03371,26.64983],[128.03323,26.64522],[128.03061,26.6438],[128.03263,26.64832],[128.02102,26.65314],[128.0166,26.65699],[128.01132,26.65617],[128.00951,26.65415],[128.01022,26.65084],[128.00978,26.65037],[128.00433,26.65298],[128.00357,26.65626]]],[[[128.02639,26.64088],[128.02665,26.64063],[128.02641,26.64067],[128.02639,26.64088]]],[[[128.005,26.50547],[128.00508,26.50539],[128.00498,26.50542],[128.005,26.50547]]],[[[128.00653,26.50599],[128.00668,26.50608],[128.0066,26.50597],[128.00653,26.50599]]],[[[128.00674,26.50757],[128.00679,26.50766],[128.00682,26.50763],[128.00674,26.50757]]],[[[128.00697,26.50622],[128.00707,26.50631],[128.00712,26.50621],[128.00697,26.50622]]],[[[128.00701,26.5066],[128.00726,26.50657],[128.00702,26.50652],[128.00701,26.5066]]],[[[128.02054,26.50782],[128.02138,26.50742],[128.02138,26.50737],[128.02054,26.50782]]],[[[128.02657,26.6313],[128.02558,26.63115],[128.02656,26.63132],[128.02657,26.6313]]],[[[128.02561,26.64],[128.02567,26.64008],[128.02572,26.64002],[128.02561,26.64]]],[[[128.02737,26.63984],[128.02727,26.63989],[128.02735,26.6399],[128.02737,26.63984]]],[[[128.03083,26.63344],[128.03075,26.63348],[128.03081,26.63351],[128.03083,26.63344]]],[[[128.03024,26.63366],[128.03071,26.63343],[128.02989,26.63355],[128.03024,26.63366]]],[[[128.03135,26.63435],[128.03207,26.64269],[128.03542,26.64069],[128.03457,26.6371],[128.03231,26.63696],[128.03135,26.63435]]],[[[128.03413,26.64251],[128.03401,26.64245],[128.03401,26.64251],[128.03413,26.64251]]],[[[128.03499,26.64396],[128.03487,26.64391],[128.03488,26.64399],[128.03499,26.64396]]],[[[128.0,26.51141],[127.99766,26.50969],[127.99703,26.51417],[127.99377,26.5153],[127.99215,26.51847],[127.97972,26.52043],[127.97707,26.52398],[127.97934,26.52496],[127.979,26.52702],[127.9741,26.52983],[127.97364,26.52297],[127.96529,26.52244],[127.96234,26.51851],[127.95849,26.51749],[127.95925,26.51411],[127.95681,26.51234],[127.94085,26.51037],[127.93698,26.51688],[127.93685,26.52417],[127.93378,26.52891],[127.9284,26.53245],[127.93435,26.53859],[127.93205,26.54248],[127.93633,26.54291],[127.93669,26.53807],[127.94155,26.53579],[127.94829,26.53914],[127.95153,26.54516],[127.95817,26.54685],[127.96088,26.54435],[127.95988,26.54142],[127.9643,26.54156],[127.9672,26.55125],[127.97597,26.55897],[127.97991,26.56553],[127.98107,26.57191],[127.98403,26.5756],[127.98342,26.58083],[127.98528,26.58096],[127.98313,26.58095],[127.98361,26.58565],[127.98166,26.58421],[127.98276,26.58569],[127.98024,26.58632],[127.98118,26.58716],[127.97993,26.58834],[127.97904,26.58692],[127.98076,26.58335],[127.97844,26.5881],[127.97958,26.58958],[127.97815,26.58816],[127.96697,26.59158],[127.96522,26.59009],[127.95234,26.59654],[127.95295,26.60012],[127.95044,26.60074],[127.95231,26.59765],[127.95149,26.59718],[127.94542,26.60217],[127.93661,26.60276],[127.92679,26.60926],[127.9201,26.6091],[127.91678,26.60342],[127.91304,26.60105],[127.90017,26.60562],[127.90079,26.60787],[127.89845,26.61],[127.90007,26.61433],[127.90899,26.61916],[127.90855,26.62282],[127.91077,26.62641],[127.91234,26.62813],[127.91664,26.62808],[127.91675,26.63098],[127.92031,26.63392],[127.9342,26.63452],[127.93769,26.63103],[127.94534,26.63063],[127.95096,26.63706],[127.95685,26.63924],[127.96457,26.64046],[127.96974,26.63574],[127.97483,26.64138],[127.97736,26.63707],[127.9857,26.63962],[127.99004,26.64701],[128.00131,26.6411],[128.00388,26.63747],[128.0027,26.63344],[128.00683,26.63052],[128.0134,26.63245],[128.02537,26.62684],[128.02521,26.62962],[128.02616,26.63037],[128.0257,26.62828],[128.0272,26.6279],[128.02668,26.63073],[128.02739,26.62864],[128.03474,26.63343],[128.03349,26.63621],[128.05133,26.63475],[128.07134,26.64427],[128.07926,26.6443],[128.08039,26.64587],[128.08502,26.63623],[128.08531,26.62912],[128.09626,26.62017],[128.09968,26.61363],[128.09567,26.60925],[128.10049,26.60657],[128.10306,26.60214],[128.11241,26.59966],[128.11293,26.59508],[128.11692,26.59348],[128.11748,26.59071],[128.1242,26.59006],[128.12859,26.59264],[128.13595,26.5884],[128.14377,26.57327],[128.15109,26.5685],[128.14094,26.56811],[128.1376,26.56602],[128.13976,26.55636],[128.13849,26.55348],[128.13443,26.55565],[128.12637,26.55531],[128.10796,26.54971],[128.1005,26.54343],[128.10171,26.539],[128.09574,26.54174],[128.09312,26.54027],[128.09242,26.53716],[128.09478,26.53429],[128.08768,26.53659],[128.07721,26.5463],[128.07292,26.54893],[128.0687,26.54884],[128.06509,26.55198],[128.06346,26.54954],[128.062,26.54928],[128.06175,26.55045],[128.06326,26.55004],[128.06366,26.55157],[128.06062,26.55169],[128.05652,26.55132],[128.05142,26.54742],[128.04923,26.549],[128.04392,26.54786],[128.04164,26.55064],[128.04361,26.55687],[128.04168,26.5592],[128.04217,26.55561],[128.03923,26.55226],[128.03591,26.55156],[128.03461,26.5537],[128.03324,26.55305],[128.04518,26.53572],[128.04633,26.52904],[128.04914,26.5255],[128.05066,26.52589],[128.05311,26.52044],[128.03927,26.52078],[128.0349,26.51951],[128.03565,26.51762],[128.03476,26.51661],[128.03481,26.51927],[128.03447,26.51708],[128.03109,26.51991],[128.03316,26.51679],[128.03274,26.51328],[128.02557,26.51058],[128.00971,26.51467],[128.00508,26.51113],[128.00679,26.50645],[128.00372,26.50525],[128.0,26.51141]]],[[[128.03449,26.65359],[128.03442,26.65374],[128.03454,26.6537],[128.03449,26.65359]]],[[[128.03427,26.65597],[128.03401,26.65659],[128.03432,26.65595],[128.03427,26.65597]]],[[[128.0343,26.65927],[128.03399,26.65904],[128.034,26.65931],[128.0343,26.65927]]],[[[128.03382,26.65978],[128.03422,26.65981],[128.03404,26.65951],[128.03382,26.65978]]],[[[128.00855,26.65086],[128.00863,26.65089],[128.00862,26.65083],[128.00855,26.65086]]],[[[128.01159,26.65033],[128.01176,26.6503],[128.01174,26.65017],[128.01159,26.65033]]],[[[128.01131,26.65036],[128.01125,26.65044],[128.01134,26.65042],[128.01131,26.65036]]],[[[128.01203,26.6494],[128.01227,26.64935],[128.01224,26.64927],[128.01203,26.6494]]],[[[128.01191,26.64979],[128.01203,26.6498],[128.01199,26.64974],[128.01191,26.64979]]],[[[128.01915,26.64592],[128.01926,26.64596],[128.01926,26.64592],[128.01915,26.64592]]],[[[128.01941,26.64651],[128.01948,26.64658],[128.01951,26.64653],[128.01941,26.64651]]],[[[128.01873,26.64783],[128.01916,26.64713],[128.01906,26.64707],[128.01873,26.64783]]],[[[128.0202,26.64637],[128.02028,26.64633],[128.02022,26.64631],[128.0202,26.64637]]],[[[128.02023,26.64618],[128.02033,26.64616],[128.02028,26.64613],[128.02023,26.64618]]],[[[128.0197,26.64659],[128.01983,26.64659],[128.0198,26.64655],[128.0197,26.64659]]],[[[128.02152,26.64678],[128.02129,26.64699],[128.02151,26.64695],[128.02152,26.64678]]],[[[128.02216,26.64641],[128.02217,26.64618],[128.02203,26.64633],[128.02216,26.64641]]],[[[128.02161,26.64674],[128.02176,26.64692],[128.02178,26.64673],[128.02161,26.64674]]],[[[128.02385,26.65222],[128.02378,26.65231],[128.02387,26.65228],[128.02385,26.65222]]],[[[128.00031,26.65481],[128.00094,26.65512],[128.00125,26.65474],[128.00031,26.65481]]],[[[128.00209,26.65413],[128.00215,26.65431],[128.00218,26.65418],[128.00209,26.65413]]],[[[128.15609,26.56586],[128.15595,26.56626],[128.1561,26.56627],[128.15609,26.56586]]],[[[128.03792,26.65967],[128.0381,26.65971],[128.03811,26.65964],[128.03792,26.65967]]],[[[128.03886,26.66022],[128.03923,26.66041],[128.03936,26.66015],[128.03886,26.66022]]],[[[127.99143,26.64756],[127.99166,26.64755],[127.99147,26.64745],[127.99143,26.64756]]],[[[127.92807,26.53343],[127.92798,26.53326],[127.92792,26.53328],[127.92807,26.53343]]],[[[128.13826,26.5842],[128.13832,26.58428],[128.13834,26.58423],[128.13826,26.5842]]],[[[128.13921,26.58247],[128.13944,26.58258],[128.13923,26.58239],[128.13921,26.58247]]],[[[128.1406,26.56716],[128.1407,26.56733],[128.14073,26.56725],[128.1406,26.56716]]],[[[128.14573,26.56826],[128.14574,26.56839],[128.14582,26.56833],[128.14573,26.56826]]],[[[128.15243,26.56714],[128.15212,26.56648],[128.15218,26.56721],[128.15243,26.56714]]],[[[128.15261,26.56729],[128.15262,26.56695],[128.15248,26.56723],[128.15261,26.56729]]],[[[128.15145,26.56815],[128.15105,26.56723],[128.15133,26.56818],[128.15145,26.56815]]],[[[128.15169,26.56709],[128.15191,26.56733],[128.15198,26.56726],[128.15169,26.56709]]],[[[128.15127,26.56849],[128.15132,26.56869],[128.15139,26.56866],[128.15127,26.56849]]],[[[128.06411,26.64134],[128.06413,26.64128],[128.06409,26.6413],[128.06411,26.64134]]],[[[128.06468,26.64152],[128.06473,26.64146],[128.06469,26.64144],[128.06468,26.64152]]],[[[128.06686,26.64257],[128.06696,26.64245],[128.06686,26.6424],[128.06686,26.64257]]],[[[128.06728,26.64273],[128.06728,26.64268],[128.06726,26.64271],[128.06728,26.64273]]],[[[128.06735,26.64282],[128.06741,26.64279],[128.06739,26.64277],[128.06735,26.64282]]],[[[128.06734,26.64307],[128.06745,26.64292],[128.06734,26.64289],[128.06734,26.64307]]],[[[128.07054,26.64421],[128.07051,26.64402],[128.07027,26.64422],[128.07054,26.64421]]],[[[128.07132,26.64432],[128.07136,26.64431],[128.07134,26.64429],[128.07132,26.64432]]],[[[128.07171,26.64445],[128.07175,26.6444],[128.07173,26.64439],[128.07171,26.64445]]],[[[128.07296,26.64445],[128.07298,26.64441],[128.07295,26.64442],[128.07296,26.64445]]],[[[128.07049,26.64461],[128.07058,26.64459],[128.07054,26.64453],[128.07049,26.64461]]],[[[128.07529,26.64437],[128.07535,26.64436],[128.07531,26.64434],[128.07529,26.64437]]],[[[128.07568,26.64437],[128.07574,26.64438],[128.07571,26.64435],[128.07568,26.64437]]],[[[128.07824,26.64449],[128.07829,26.64444],[128.07822,26.64446],[128.07824,26.64449]]],[[[128.06002,26.65217],[128.06035,26.65205],[128.06015,26.65193],[128.06002,26.65217]]],[[[128.04472,26.65764],[128.04459,26.65781],[128.04481,26.65786],[128.04472,26.65764]]],[[[128.04475,26.658],[128.04483,26.65812],[128.04483,26.658],[128.04475,26.658]]],[[[127.96441,26.59096],[127.96444,26.59101],[127.96446,26.59099],[127.96441,26.59096]]],[[[127.9644,26.59106],[127.96443,26.59103],[127.96439,26.59104],[127.9644,26.59106]]],[[[127.94213,26.60096],[127.94223,26.60085],[127.94189,26.60074],[127.94213,26.60096]]],[[[127.94235,26.60069],[127.94254,26.60062],[127.9425,26.60054],[127.94235,26.60069]]],[[[127.98282,26.58333],[127.98293,26.58342],[127.98296,26.58341],[127.98282,26.58333]]],[[[127.95616,26.5463],[127.95633,26.54635],[127.95635,26.5463],[127.95616,26.5463]]],[[[127.95633,26.54624],[127.95645,26.54641],[127.95651,26.5464],[127.95643,26.54626],[127.95633,26.54624]]],[[[127.95632,26.54642],[127.9564,26.54649],[127.95641,26.54645],[127.95632,26.54642]]],[[[127.95893,26.54548],[127.95894,26.5454],[127.95889,26.54542],[127.95893,26.54548]]],[[[127.95842,26.54599],[127.95851,26.54593],[127.95845,26.54592],[127.95842,26.54599]]],[[[127.9602,26.54483],[127.9602,26.54477],[127.96014,26.54478],[127.9602,26.54483]]],[[[127.95914,26.54533],[127.95924,26.54534],[127.95919,26.54529],[127.95914,26.54533]]],[[[127.9595,26.54635],[127.95956,26.54639],[127.95955,26.54633],[127.9595,26.54635]]],[[[127.96439,26.54347],[127.96445,26.54365],[127.96462,26.54358],[127.96439,26.54347]]],[[[127.99546,26.6556],[127.9954,26.65568],[127.99549,26.65565],[127.99546,26.6556]]],[[[127.99587,26.65581],[127.99593,26.65617],[127.99607,26.65591],[127.99587,26.65581]]],[[[127.997,26.65596],[127.99712,26.65607],[127.99715,26.65599],[127.997,26.65596]]],[[[127.9978,26.65567],[127.99837,26.65499],[127.99742,26.6554],[127.9978,26.65567]]],[[[127.99813,26.65578],[127.99831,26.65606],[127.99838,26.65576],[127.99813,26.65578]]],[[[127.9951,26.65633],[127.99494,26.65654],[127.99506,26.6565],[127.9951,26.65633]]],[[[127.99562,26.65757],[127.99533,26.65694],[127.9947,26.65737],[127.99562,26.65757]]],[[[128.01286,26.68025],[128.01322,26.68048],[128.01293,26.6801],[128.01286,26.68025]]],[[[128.01751,26.67919],[128.0176,26.67917],[128.01753,26.67908],[128.01751,26.67919]]],[[[128.01755,26.67927],[128.01759,26.67934],[128.0176,26.67929],[128.01755,26.67927]]],[[[127.99661,26.65473],[127.99653,26.65493],[127.9966,26.65492],[127.99661,26.65473]]],[[[127.99606,26.65528],[127.99608,26.65545],[127.99621,26.65538],[127.99606,26.65528]]],[[[127.9966,26.65513],[127.99659,26.6555],[127.99667,26.6555],[127.9966,26.65513]]],[[[127.99835,26.65492],[127.99831,26.65498],[127.99837,26.65496],[127.99835,26.65492]]],[[[128.06096,26.51429],[128.0612,26.51413],[128.06092,26.5142],[128.06096,26.51429]]],[[[128.06152,26.51431],[128.06166,26.51409],[128.06151,26.51405],[128.06152,26.51431]]],[[[128.05896,26.52066],[128.0585,26.52144],[128.05928,26.52064],[128.05896,26.52066]]],[[[128.05923,26.52045],[128.05935,26.52057],[128.05936,26.5205],[128.05923,26.52045]]],[[[128.05962,26.52055],[128.05966,26.52061],[128.05968,26.52057],[128.05962,26.52055]]],[[[128.07691,26.54557],[128.07705,26.54553],[128.07704,26.54545],[128.07691,26.54557]]],[[[128.07632,26.54675],[128.07638,26.54671],[128.07632,26.54673],[128.07632,26.54675]]],[[[128.07746,26.54528],[128.07755,26.54521],[128.07751,26.54519],[128.07746,26.54528]]],[[[128.07716,26.54541],[128.07728,26.5454],[128.07722,26.54537],[128.07716,26.54541]]],[[[128.07762,26.54503],[128.07773,26.54498],[128.07765,26.54493],[128.07762,26.54503]]],[[[128.07807,26.54531],[128.07811,26.54524],[128.07806,26.54525],[128.07807,26.54531]]],[[[128.07936,26.5428],[128.07945,26.54278],[128.07932,26.5427],[128.07936,26.5428]]],[[[128.07907,26.54442],[128.07905,26.54432],[128.079,26.54433],[128.07907,26.54442]]],[[[128.07866,26.54463],[128.0787,26.54458],[128.07864,26.5446],[128.07866,26.54463]]],[[[128.0788,26.54456],[128.07883,26.5445],[128.07877,26.54453],[128.0788,26.54456]]],[[[128.07963,26.54312],[128.07972,26.54309],[128.07963,26.54308],[128.07963,26.54312]]],[[[128.06134,26.52006],[128.06072,26.51917],[128.05947,26.52042],[128.06134,26.52006]]],[[[127.95091,26.54412],[127.95114,26.54408],[127.95094,26.54394],[127.95091,26.54412]]],[[[127.95112,26.54397],[127.95122,26.54399],[127.95112,26.54396],[127.95112,26.54397]]],[[[127.9511,26.54449],[127.95113,26.54456],[127.95114,26.54451],[127.9511,26.54449]]],[[[127.95102,26.54455],[127.95109,26.54457],[127.95105,26.54453],[127.95102,26.54455]]],[[[127.95114,26.54416],[127.95131,26.54414],[127.95128,26.54408],[127.95114,26.54416]]],[[[127.95129,26.54425],[127.95133,26.5442],[127.95129,26.54421],[127.95129,26.54425]]],[[[127.93984,26.5377],[127.93998,26.53766],[127.93997,26.53762],[127.93984,26.5377]]],[[[127.94022,26.53717],[127.94008,26.53731],[127.94049,26.53719],[127.94022,26.53717]]],[[[127.94607,26.53864],[127.94631,26.53878],[127.9461,26.53855],[127.94607,26.53864]]],[[[127.94624,26.53893],[127.94631,26.53897],[127.94628,26.5389],[127.94624,26.53893]]],[[[127.94639,26.53863],[127.94643,26.53866],[127.9464,26.53862],[127.94639,26.53863]]],[[[127.94949,26.5416],[127.94965,26.54155],[127.94946,26.54151],[127.94949,26.5416]]],[[[127.95109,26.54485],[127.95104,26.5449],[127.95109,26.5449],[127.95109,26.54485]]],[[[127.95107,26.54512],[127.95109,26.54517],[127.95111,26.54515],[127.95107,26.54512]]],[[[127.95114,26.54514],[127.95118,26.54517],[127.95117,26.54515],[127.95114,26.54514]]],[[[127.95101,26.54527],[127.95106,26.54527],[127.95102,26.54525],[127.95101,26.54527]]],[[[127.95116,26.54488],[127.95121,26.54488],[127.95117,26.54484],[127.95116,26.54488]]],[[[127.95126,26.54483],[127.95128,26.54487],[127.95129,26.54485],[127.95126,26.54483]]],[[[127.95122,26.54514],[127.9513,26.54512],[127.95125,26.54507],[127.95122,26.54514]]],[[[127.95119,26.54531],[127.95119,26.54538],[127.95123,26.54538],[127.95119,26.54531]]],[[[127.953,26.545],[127.95298,26.54506],[127.95303,26.54504],[127.953,26.545]]],[[[127.95293,26.54504],[127.95294,26.5451],[127.95298,26.54509],[127.95293,26.54504]]],[[[127.95395,26.54531],[127.95402,26.54535],[127.95403,26.54533],[127.95395,26.54531]]],[[[127.95402,26.54538],[127.95409,26.54539],[127.95407,26.54535],[127.95402,26.54538]]],[[[127.95132,26.54433],[127.95137,26.54433],[127.95135,26.5443],[127.95132,26.54433]]],[[[127.95119,26.54451],[127.95143,26.54446],[127.95125,26.54442],[127.95119,26.54451]]],[[[127.95185,26.54484],[127.9518,26.54485],[127.95185,26.54485],[127.95185,26.54484]]],[[[127.95281,26.54492],[127.95285,26.5449],[127.95281,26.54489],[127.95281,26.54492]]],[[[127.95133,26.5449],[127.95135,26.54504],[127.9514,26.54505],[127.95133,26.5449]]],[[[127.95135,26.54515],[127.95143,26.54515],[127.95133,26.54507],[127.95135,26.54515]]],[[[127.95297,26.54511],[127.95303,26.54515],[127.95302,26.54512],[127.95297,26.54511]]],[[[127.95322,26.54521],[127.95324,26.5453],[127.95331,26.54527],[127.95322,26.54521]]],[[[127.95329,26.54533],[127.95333,26.54537],[127.95335,26.54534],[127.95329,26.54533]]],[[[127.95337,26.54529],[127.95341,26.54524],[127.95337,26.54523],[127.95337,26.54529]]],[[[127.95392,26.54529],[127.95389,26.54538],[127.95392,26.54537],[127.95392,26.54529]]],[[[127.9551,26.54581],[127.95515,26.54579],[127.9551,26.54579],[127.9551,26.54581]]],[[[127.9551,26.54586],[127.95518,26.54588],[127.95518,26.54587],[127.9551,26.54586]]],[[[127.95524,26.54586],[127.95524,26.54591],[127.95526,26.54589],[127.95524,26.54586]]],[[[127.95509,26.54602],[127.95525,26.54602],[127.95519,26.54593],[127.95509,26.54602]]],[[[127.95577,26.54618],[127.95588,26.54609],[127.95582,26.54608],[127.95577,26.54618]]],[[[127.95579,26.54673],[127.95602,26.54684],[127.95579,26.54664],[127.95579,26.54673]]],[[[127.95575,26.54692],[127.95601,26.5469],[127.95571,26.54685],[127.95575,26.54692]]],[[[127.95958,26.54709],[127.95957,26.54701],[127.95951,26.54702],[127.95958,26.54709]]],[[[127.95957,26.54692],[127.95965,26.54705],[127.95968,26.54704],[127.95957,26.54692]]],[[[127.95522,26.54657],[127.95528,26.54656],[127.95524,26.54654],[127.95522,26.54657]]],[[[127.95604,26.54663],[127.95609,26.5466],[127.95603,26.5466],[127.95604,26.54663]]],[[[127.95603,26.54667],[127.95612,26.54672],[127.95614,26.54671],[127.95603,26.54667]]],[[[127.95621,26.54675],[127.95628,26.54683],[127.9563,26.54681],[127.95621,26.54675]]],[[[127.95764,26.54654],[127.95769,26.54653],[127.95765,26.54651],[127.95764,26.54654]]],[[[127.95745,26.54671],[127.95762,26.54664],[127.95749,26.54658],[127.95745,26.54671]]],[[[127.95952,26.54656],[127.9596,26.54664],[127.95962,26.54661],[127.95952,26.54656]]],[[[127.95953,26.54676],[127.95961,26.54677],[127.95954,26.54673],[127.95953,26.54676]]],[[[127.95976,26.54671],[127.95983,26.54669],[127.95976,26.54668],[127.95976,26.54671]]],[[[127.9597,26.54681],[127.95991,26.54693],[127.9597,26.54675],[127.9597,26.54681]]],[[[127.96547,26.54659],[127.96539,26.54664],[127.96547,26.54663],[127.96547,26.54659]]],[[[127.95613,26.54688],[127.95624,26.54697],[127.95627,26.54696],[127.95613,26.54688]]],[[[127.95749,26.54689],[127.95756,26.54685],[127.9575,26.54684],[127.95749,26.54689]]],[[[127.95793,26.54734],[127.95775,26.54721],[127.95774,26.54733],[127.95793,26.54734]]],[[[127.95774,26.54753],[127.9578,26.54744],[127.95771,26.54747],[127.95774,26.54753]]],[[[127.96677,26.55107],[127.96684,26.55106],[127.96682,26.55103],[127.96677,26.55107]]],[[[127.92837,26.53408],[127.92828,26.53401],[127.92834,26.5341],[127.92837,26.53408]]],[[[127.92891,26.53484],[127.92897,26.53487],[127.92892,26.53482],[127.92891,26.53484]]],[[[127.92812,26.53512],[127.92818,26.53537],[127.92824,26.53536],[127.92812,26.53512]]],[[[127.92848,26.53519],[127.92847,26.53524],[127.92849,26.53524],[127.92848,26.53519]]],[[[127.9281,26.53425],[127.92899,26.53481],[127.92916,26.53379],[127.9281,26.53425]]],[[[127.92837,26.53234],[127.92822,26.5324],[127.92834,26.53242],[127.92837,26.53234]]],[[[127.93233,26.53602],[127.93237,26.536],[127.93234,26.53598],[127.93233,26.53602]]],[[[127.93235,26.53609],[127.93231,26.5361],[127.93234,26.53611],[127.93235,26.53609]]],[[[127.93284,26.54116],[127.93288,26.54123],[127.93291,26.54122],[127.93284,26.54116]]],[[[127.93227,26.5432],[127.93231,26.54315],[127.93219,26.54316],[127.93227,26.5432]]],[[[127.93249,26.54321],[127.93253,26.54313],[127.93245,26.54311],[127.93249,26.54321]]],[[[127.93265,26.5434],[127.93263,26.54339],[127.93265,26.54341],[127.93265,26.5434]]],[[[127.93278,26.54352],[127.93278,26.54348],[127.93275,26.54348],[127.93278,26.54352]]],[[[127.93286,26.54362],[127.933,26.54377],[127.93285,26.5436],[127.93286,26.54362]]],[[[127.93354,26.54386],[127.9336,26.54384],[127.93354,26.54381],[127.93354,26.54386]]],[[[127.93279,26.54402],[127.9327,26.54399],[127.93279,26.54404],[127.93279,26.54402]]],[[[127.93539,26.54281],[127.93544,26.54286],[127.93545,26.54283],[127.93539,26.54281]]],[[[127.93429,26.54329],[127.9343,26.54325],[127.93428,26.54325],[127.93429,26.54329]]],[[[127.93484,26.54309],[127.93479,26.54293],[127.93478,26.54307],[127.93484,26.54309]]],[[[127.93812,26.60043],[127.93815,26.60045],[127.93814,26.60043],[127.93812,26.60043]]],[[[127.93813,26.60052],[127.9383,26.60051],[127.93822,26.6004],[127.93813,26.60052]]],[[[127.91389,26.60121],[127.91377,26.60114],[127.91386,26.60126],[127.91389,26.60121]]],[[[127.91394,26.60116],[127.91391,26.60117],[127.91393,26.60119],[127.91394,26.60116]]],[[[127.91391,26.60148],[127.91396,26.60136],[127.91387,26.60136],[127.91391,26.60148]]],[[[127.91402,26.60147],[127.91403,26.60149],[127.91403,26.60147],[127.91402,26.60147]]],[[[127.91403,26.60144],[127.9141,26.60144],[127.91407,26.6014],[127.91403,26.60144]]],[[[127.93167,26.60005],[127.93169,26.59996],[127.93159,26.6],[127.93167,26.60005]]],[[[127.93227,26.60045],[127.93226,26.6001],[127.9321,26.60009],[127.93227,26.60045]]],[[[127.93248,26.60094],[127.93258,26.60092],[127.93249,26.60089],[127.93248,26.60094]]],[[[127.93271,26.60133],[127.9329,26.6014],[127.93284,26.60127],[127.93271,26.60133]]],[[[127.93108,26.60152],[127.9309,26.6016],[127.93111,26.60165],[127.93108,26.60152]]],[[[127.93128,26.60163],[127.93133,26.60159],[127.93128,26.60157],[127.93128,26.60163]]],[[[127.93131,26.60193],[127.93164,26.60198],[127.93154,26.60179],[127.93131,26.60193]]],[[[127.93815,26.6003],[127.93817,26.60032],[127.93817,26.6003],[127.93815,26.6003]]],[[[127.93842,26.60034],[127.93847,26.60042],[127.93851,26.60032],[127.93842,26.60034]]],[[[127.93803,26.60077],[127.938,26.60082],[127.93804,26.6008],[127.93803,26.60077]]],[[[127.93814,26.60062],[127.93815,26.60066],[127.93817,26.60064],[127.93814,26.60062]]],[[[127.9396,26.60052],[127.9395,26.60052],[127.93944,26.60059],[127.9396,26.60052]]],[[[127.93976,26.60037],[127.94007,26.60054],[127.9401,26.60035],[127.93976,26.60037]]],[[[127.93708,26.53918],[127.93714,26.53919],[127.93709,26.53916],[127.93708,26.53918]]],[[[127.93705,26.53938],[127.93707,26.53933],[127.93704,26.53931],[127.93705,26.53938]]],[[[127.9373,26.53923],[127.93736,26.53923],[127.9373,26.5392],[127.9373,26.53923]]],[[[127.9372,26.53974],[127.93722,26.53969],[127.9372,26.53966],[127.9372,26.53974]]],[[[127.93727,26.5396],[127.93731,26.5396],[127.93728,26.53958],[127.93727,26.5396]]],[[[127.9374,26.54013],[127.93735,26.54004],[127.93732,26.5401],[127.9374,26.54013]]],[[[127.93558,26.54289],[127.93565,26.5429],[127.93559,26.54286],[127.93558,26.54289]]],[[[127.93644,26.54228],[127.93646,26.54236],[127.93649,26.54235],[127.93644,26.54228]]],[[[127.93719,26.54162],[127.93722,26.54159],[127.9372,26.54158],[127.93719,26.54162]]],[[[127.93721,26.54169],[127.93718,26.54167],[127.93719,26.54171],[127.93721,26.54169]]],[[[127.93716,26.54194],[127.93711,26.54188],[127.93709,26.5419],[127.93716,26.54194]]],[[[127.93728,26.54161],[127.93727,26.54164],[127.9373,26.54164],[127.93728,26.54161]]],[[[127.93929,26.53631],[127.93932,26.5364],[127.93935,26.53636],[127.93929,26.53631]]],[[[127.93941,26.53626],[127.93947,26.53628],[127.93947,26.53627],[127.93941,26.53626]]],[[[127.93987,26.53687],[127.94,26.5367],[127.93972,26.5367],[127.93987,26.53687]]],[[[127.93983,26.53748],[127.93995,26.53752],[127.93996,26.53747],[127.93983,26.53748]]],[[[127.93755,26.53962],[127.93754,26.53954],[127.9375,26.53955],[127.93755,26.53962]]],[[[127.9381,26.54002],[127.93818,26.53985],[127.93814,26.53981],[127.9381,26.54002]]],[[[127.93751,26.54015],[127.93759,26.54018],[127.93753,26.54011],[127.93751,26.54015]]],[[[127.93761,26.54035],[127.93766,26.54037],[127.93764,26.54033],[127.93761,26.54035]]],[[[127.99705,26.65347],[127.99696,26.65367],[127.99714,26.65361],[127.99705,26.65347]]],[[[128.02869,26.67114],[128.02877,26.67111],[128.02872,26.67107],[128.02869,26.67114]]],[[[128.02865,26.67067],[128.02838,26.67109],[128.02879,26.67102],[128.02865,26.67067]]],[[[128.02682,26.6635],[128.02676,26.66359],[128.0268,26.6636],[128.02682,26.6635]]],[[[128.01845,26.6794],[128.01853,26.67964],[128.01867,26.67936],[128.01845,26.6794]]],[[[128.02198,26.67544],[128.02208,26.67524],[128.02191,26.67524],[128.02198,26.67544]]],[[[128.02261,26.67464],[128.02267,26.6747],[128.02269,26.67463],[128.02261,26.67464]]],[[[128.02144,26.67834],[128.02176,26.67829],[128.02168,26.67802],[128.02144,26.67834]]],[[[128.02255,26.67924],[128.02271,26.67949],[128.02279,26.67939],[128.02255,26.67924]]],[[[128.02327,26.67868],[128.0233,26.67903],[128.02339,26.67903],[128.02327,26.67868]]],[[[128.01921,26.68029],[128.01874,26.68045],[128.01883,26.68064],[128.01921,26.68029]]],[[[128.01964,26.68015],[128.01968,26.68022],[128.01973,26.68015],[128.01964,26.68015]]],[[[128.02541,26.67139],[128.02287,26.67114],[128.02222,26.67296],[128.02451,26.67362],[128.02541,26.67139]]],[[[128.02472,26.67384],[128.02477,26.67391],[128.02482,26.67385],[128.02472,26.67384]]],[[[128.02351,26.67704],[128.0236,26.67757],[128.02397,26.67721],[128.02351,26.67704]]],[[[128.02417,26.67731],[128.02434,26.67738],[128.02428,26.67725],[128.02417,26.67731]]],[[[128.02537,26.6768],[128.02538,26.67701],[128.02545,26.67699],[128.02537,26.6768]]],[[[128.02368,26.67846],[128.02408,26.6785],[128.02369,26.67838],[128.02368,26.67846]]],[[[128.0254,26.67651],[128.02538,26.67667],[128.02547,26.67667],[128.0254,26.67651]]],[[[128.02186,26.67929],[128.02192,26.68009],[128.02199,26.67921],[128.02186,26.67929]]],[[[128.02738,26.67611],[128.02673,26.67653],[128.02746,26.67628],[128.02738,26.67611]]],[[[127.95964,26.5465],[127.95969,26.54658],[127.95972,26.54657],[127.95964,26.5465]]],[[[127.98257,26.58329],[127.98262,26.5834],[127.98271,26.58338],[127.98257,26.58329]]],[[[127.96717,26.55147],[127.96723,26.55157],[127.96727,26.5515],[127.96717,26.55147]]],[[[127.97574,26.55977],[127.97578,26.55976],[127.97575,26.55973],[127.97574,26.55977]]],[[[127.9758,26.55974],[127.97586,26.55974],[127.97583,26.5597],[127.9758,26.55974]]],[[[127.98078,26.58167],[127.98202,26.58164],[127.9808,26.58153],[127.98078,26.58167]]],[[[127.97566,26.56002],[127.97559,26.55958],[127.97545,26.55954],[127.97566,26.56002]]],[[[127.95589,26.54649],[127.95609,26.54633],[127.95577,26.54625],[127.95589,26.54649]]],[[[127.95727,26.54643],[127.95749,26.54656],[127.95754,26.54654],[127.95727,26.54643]]],[[[127.95846,26.54658],[127.95843,26.54642],[127.95836,26.54641],[127.95846,26.54658]]],[[[128.03295,26.51373],[128.03304,26.51382],[128.03306,26.51378],[128.03295,26.51373]]],[[[128.03329,26.51529],[128.03325,26.51542],[128.03331,26.51542],[128.03329,26.51529]]],[[[128.03344,26.51508],[128.03351,26.51519],[128.03354,26.5151],[128.03344,26.51508]]],[[[128.04482,26.507],[128.04487,26.50715],[128.04492,26.50711],[128.04482,26.507]]],[[[128.04179,26.5203],[128.04152,26.52019],[128.04156,26.52032],[128.04179,26.5203]]],[[[128.04776,26.52044],[128.04779,26.52034],[128.0477,26.52037],[128.04776,26.52044]]],[[[128.05222,26.52036],[128.05219,26.52019],[128.05212,26.52019],[128.05222,26.52036]]],[[[128.05236,26.52004],[128.0525,26.52026],[128.05246,26.52001],[128.05236,26.52004]]],[[[128.05304,26.51983],[128.05315,26.51984],[128.05312,26.51976],[128.05304,26.51983]]],[[[128.05321,26.51959],[128.05325,26.51961],[128.05325,26.51958],[128.05321,26.51959]]],[[[128.05348,26.5196],[128.05364,26.51962],[128.05357,26.51946],[128.05348,26.5196]]],[[[128.05347,26.51971],[128.05348,26.51977],[128.05351,26.51974],[128.05347,26.51971]]],[[[128.05358,26.51975],[128.05366,26.51978],[128.05365,26.51973],[128.05358,26.51975]]],[[[128.05329,26.52107],[128.05338,26.52094],[128.0533,26.52093],[128.05329,26.52107]]],[[[128.05367,26.51959],[128.05389,26.51957],[128.05372,26.51944],[128.05367,26.51959]]],[[[128.05167,26.52422],[128.05172,26.5243],[128.05175,26.52425],[128.05167,26.52422]]],[[[128.05182,26.52428],[128.05186,26.52433],[128.05186,26.52429],[128.05182,26.52428]]],[[[128.05189,26.52434],[128.05195,26.52437],[128.05195,26.52434],[128.05189,26.52434]]],[[[128.05772,26.51589],[128.0578,26.51595],[128.05778,26.51588],[128.05772,26.51589]]],[[[128.05815,26.52139],[128.0582,26.52144],[128.05821,26.5214],[128.05815,26.52139]]],[[[128.05206,26.52435],[128.05205,26.52443],[128.0521,26.52442],[128.05206,26.52435]]],[[[128.05202,26.52444],[128.0521,26.52462],[128.05215,26.52459],[128.05202,26.52444]]],[[[128.05162,26.5243],[128.05174,26.52444],[128.05177,26.52436],[128.05162,26.5243]]],[[[128.05167,26.52446],[128.05168,26.52451],[128.05171,26.5245],[128.05167,26.52446]]],[[[128.05179,26.52456],[128.05184,26.52459],[128.05184,26.52456],[128.05179,26.52456]]],[[[128.05204,26.52477],[128.0521,26.52482],[128.05209,26.52477],[128.05204,26.52477]]],[[[128.04193,26.53891],[128.04201,26.53898],[128.04199,26.5389],[128.04193,26.53891]]],[[[128.04215,26.53875],[128.04224,26.53879],[128.0422,26.53872],[128.04215,26.53875]]],[[[128.04608,26.53162],[128.04626,26.53168],[128.04613,26.53157],[128.04608,26.53162]]],[[[128.04601,26.53194],[128.04607,26.532],[128.04605,26.53193],[128.04601,26.53194]]],[[[128.0461,26.5321],[128.04609,26.53223],[128.04613,26.53221],[128.0461,26.5321]]],[[[128.04614,26.53184],[128.04631,26.532],[128.04634,26.53198],[128.04614,26.53184]]],[[[128.0465,26.53143],[128.04657,26.53147],[128.04655,26.53141],[128.0465,26.53143]]],[[[128.0464,26.53177],[128.0465,26.53181],[128.04645,26.53173],[128.0464,26.53177]]],[[[128.04532,26.53428],[128.04538,26.53436],[128.04539,26.53433],[128.04532,26.53428]]],[[[128.04535,26.53448],[128.04547,26.53456],[128.04542,26.53443],[128.04535,26.53448]]],[[[128.05443,26.54679],[128.05444,26.54685],[128.05447,26.54681],[128.05443,26.54679]]],[[[128.05377,26.54705],[128.05379,26.54711],[128.05382,26.54706],[128.05377,26.54705]]],[[[128.05387,26.5471],[128.05389,26.54715],[128.05392,26.54714],[128.05387,26.5471]]],[[[128.05459,26.54708],[128.05463,26.54713],[128.05465,26.54711],[128.05459,26.54708]]],[[[128.04183,26.55021],[128.04185,26.55026],[128.04188,26.55021],[128.04183,26.55021]]],[[[128.04979,26.54756],[128.04987,26.54771],[128.04992,26.5477],[128.04979,26.54756]]],[[[128.05013,26.54771],[128.05003,26.5477],[128.05012,26.54774],[128.05013,26.54771]]],[[[128.05086,26.54725],[128.05082,26.54728],[128.05087,26.54727],[128.05086,26.54725]]],[[[128.05103,26.5472],[128.05113,26.54718],[128.05113,26.54715],[128.05103,26.5472]]],[[[128.05109,26.54736],[128.05112,26.54727],[128.05107,26.5473],[128.05109,26.54736]]],[[[128.05089,26.54735],[128.05089,26.5474],[128.05093,26.54737],[128.05089,26.54735]]],[[[128.05201,26.5473],[128.05206,26.54737],[128.05208,26.54732],[128.05201,26.5473]]],[[[128.05303,26.54768],[128.05316,26.54772],[128.05305,26.54765],[128.05303,26.54768]]],[[[128.05334,26.54742],[128.05338,26.54746],[128.05338,26.54742],[128.05334,26.54742]]],[[[128.05339,26.5475],[128.05342,26.54754],[128.05343,26.54751],[128.05339,26.5475]]],[[[128.0533,26.54779],[128.05335,26.54784],[128.05334,26.54777],[128.0533,26.54779]]],[[[128.0535,26.54775],[128.05359,26.54787],[128.05362,26.54782],[128.0535,26.54775]]],[[[128.05342,26.54792],[128.05342,26.54799],[128.05347,26.54796],[128.05342,26.54792]]],[[[128.05357,26.54792],[128.05366,26.54802],[128.0537,26.54797],[128.05357,26.54792]]],[[[128.05469,26.54731],[128.05473,26.54724],[128.05466,26.54725],[128.05469,26.54731]]],[[[128.05477,26.54718],[128.05486,26.54718],[128.0548,26.54715],[128.05477,26.54718]]],[[[128.05774,26.55074],[128.05774,26.55082],[128.05778,26.55081],[128.05774,26.55074]]],[[[128.05654,26.55106],[128.05649,26.55112],[128.05654,26.55112],[128.05654,26.55106]]],[[[128.05666,26.55118],[128.05667,26.55125],[128.0567,26.55122],[128.05666,26.55118]]],[[[128.0675,26.55011],[128.06755,26.54992],[128.06743,26.54989],[128.0675,26.55011]]],[[[128.0674,26.55016],[128.06745,26.55012],[128.06739,26.55007],[128.0674,26.55016]]],[[[128.07199,26.54825],[128.07214,26.54823],[128.07196,26.54814],[128.07199,26.54825]]],[[[128.07191,26.54838],[128.07199,26.54838],[128.07192,26.54835],[128.07191,26.54838]]],[[[128.05818,26.55051],[128.05825,26.55056],[128.05823,26.55048],[128.05818,26.55051]]],[[[128.05868,26.55074],[128.05869,26.55064],[128.05863,26.55072],[128.05868,26.55074]]],[[[128.05975,26.55065],[128.05982,26.55069],[128.05979,26.55064],[128.05975,26.55065]]],[[[128.05953,26.55088],[128.05967,26.55088],[128.05953,26.55075],[128.05953,26.55088]]],[[[128.05997,26.55108],[128.06007,26.5511],[128.06002,26.55104],[128.05997,26.55108]]],[[[128.06796,26.54949],[128.06802,26.5494],[128.06792,26.54938],[128.06796,26.54949]]],[[[128.07153,26.54827],[128.07164,26.54826],[128.07156,26.54817],[128.07153,26.54827]]],[[[128.07147,26.54846],[128.07154,26.54843],[128.07149,26.54839],[128.07147,26.54846]]],[[[128.07163,26.54852],[128.0717,26.54845],[128.07164,26.54843],[128.07163,26.54852]]],[[[128.07153,26.54882],[128.07159,26.54878],[128.07152,26.54875],[128.07153,26.54882]]],[[[128.07189,26.54854],[128.0719,26.54849],[128.07187,26.54851],[128.07189,26.54854]]],[[[128.07169,26.54893],[128.07171,26.54888],[128.07167,26.54889],[128.07169,26.54893]]],[[[128.07398,26.5478],[128.07404,26.54777],[128.07401,26.54775],[128.07398,26.5478]]],[[[128.07406,26.54777],[128.07411,26.54773],[128.07405,26.54774],[128.07406,26.54777]]],[[[128.07413,26.5477],[128.07421,26.54772],[128.07417,26.54766],[128.07413,26.5477]]],[[[128.07339,26.54817],[128.07351,26.54814],[128.07339,26.54807],[128.07339,26.54817]]],[[[128.0799,26.54212],[128.07999,26.54215],[128.0799,26.54206],[128.0799,26.54212]]],[[[128.07983,26.54228],[128.07992,26.54225],[128.07982,26.54224],[128.07983,26.54228]]],[[[128.07981,26.5425],[128.07983,26.54256],[128.07985,26.54254],[128.07981,26.5425]]],[[[128.07974,26.54267],[128.0798,26.5427],[128.07981,26.54267],[128.07974,26.54267]]],[[[128.08038,26.54194],[128.08041,26.54195],[128.0804,26.54193],[128.08038,26.54194]]],[[[128.08074,26.54177],[128.08068,26.54163],[128.08062,26.54179],[128.08074,26.54177]]],[[[128.08804,26.53639],[128.08811,26.53643],[128.08812,26.53639],[128.08804,26.53639]]],[[[128.08827,26.53621],[128.08831,26.53623],[128.08829,26.5362],[128.08827,26.53621]]],[[[128.08814,26.53642],[128.0882,26.53643],[128.08815,26.5364],[128.08814,26.53642]]],[[[128.08823,26.53641],[128.08829,26.53645],[128.08826,26.5364],[128.08823,26.53641]]],[[[128.09492,26.53424],[128.09542,26.53447],[128.09549,26.53447],[128.09492,26.53424]]],[[[128.09639,26.53318],[128.09639,26.53324],[128.09642,26.53323],[128.09639,26.53318]]],[[[128.09643,26.53363],[128.09645,26.53367],[128.09648,26.53364],[128.09643,26.53363]]],[[[128.09445,26.53612],[128.09448,26.53619],[128.09452,26.53614],[128.09445,26.53612]]],[[[128.09447,26.53621],[128.09448,26.53628],[128.0945,26.53622],[128.09447,26.53621]]],[[[128.09455,26.53617],[128.0946,26.53624],[128.09462,26.53617],[128.09455,26.53617]]],[[[128.09474,26.53556],[128.09478,26.53558],[128.09477,26.53555],[128.09474,26.53556]]],[[[128.09467,26.53628],[128.09485,26.53624],[128.09485,26.53619],[128.09467,26.53628]]],[[[128.09558,26.54153],[128.09564,26.54158],[128.09563,26.54153],[128.09558,26.54153]]],[[[128.09577,26.54154],[128.09582,26.54164],[128.09583,26.54153],[128.09577,26.54154]]],[[[128.14021,26.5653],[128.14047,26.56506],[128.14024,26.56489],[128.14021,26.5653]]],[[[128.1408,26.56491],[128.14094,26.56503],[128.14088,26.56486],[128.1408,26.56491]]],[[[128.14057,26.5651],[128.14056,26.56536],[128.1408,26.56552],[128.14057,26.5651]]],[[[128.12985,26.55466],[128.1301,26.55474],[128.12983,26.55451],[128.12985,26.55466]]],[[[128.13908,26.56032],[128.13922,26.56046],[128.13926,26.56037],[128.13908,26.56032]]],[[[128.13948,26.56047],[128.13962,26.56061],[128.13968,26.56056],[128.13948,26.56047]]],[[[128.14024,26.56094],[128.14039,26.56102],[128.14031,26.5609],[128.14024,26.56094]]],[[[128.14092,26.55689],[128.14101,26.55701],[128.14097,26.55689],[128.14092,26.55689]]],[[[128.14103,26.55717],[128.14111,26.55724],[128.14113,26.55713],[128.14103,26.55717]]],[[[128.14119,26.56471],[128.14127,26.56484],[128.14128,26.56469],[128.14119,26.56471]]],[[[128.15427,26.5659],[128.15442,26.56624],[128.15456,26.56594],[128.15427,26.5659]]],[[[128.09664,26.53297],[128.0967,26.53297],[128.09668,26.53291],[128.09664,26.53297]]],[[[128.0965,26.53317],[128.09652,26.5332],[128.09653,26.53319],[128.0965,26.53317]]],[[[128.09664,26.53304],[128.09668,26.53307],[128.09668,26.53303],[128.09664,26.53304]]],[[[128.09697,26.53271],[128.09706,26.53276],[128.09701,26.5327],[128.09697,26.53271]]],[[[128.09716,26.53261],[128.09727,26.53268],[128.09726,26.53261],[128.09716,26.53261]]],[[[128.09757,26.53241],[128.09763,26.53254],[128.09765,26.5324],[128.09757,26.53241]]],[[[128.09809,26.53223],[128.09821,26.53228],[128.0982,26.5322],[128.09809,26.53223]]],[[[128.09955,26.53292],[128.09965,26.53296],[128.09966,26.53287],[128.09955,26.53292]]],[[[128.1,26.53158],[128.09679,26.53297],[128.09643,26.53403],[128.09946,26.53339],[128.1,26.53158]]],[[[128.09648,26.54037],[128.09654,26.54042],[128.09654,26.54038],[128.09648,26.54037]]],[[[128.09689,26.54092],[128.09698,26.54098],[128.09699,26.54085],[128.09689,26.54092]]],[[[128.09716,26.5407],[128.09723,26.54074],[128.0972,26.54066],[128.09716,26.5407]]],[[[128.09743,26.54082],[128.09748,26.54087],[128.09749,26.54086],[128.09743,26.54082]]],[[[128.09845,26.5402],[128.09851,26.54031],[128.09851,26.54018],[128.09845,26.5402]]],[[[128.09902,26.53973],[128.09915,26.53966],[128.09908,26.53949],[128.09902,26.53973]]],[[[128.10121,26.54189],[128.10114,26.54195],[128.10119,26.54196],[128.10121,26.54189]]],[[[128.10201,26.53952],[128.10216,26.53965],[128.1021,26.53949],[128.10201,26.53952]]],[[[128.10233,26.53966],[128.10248,26.53983],[128.10252,26.53975],[128.10233,26.53966]]],[[[128.10222,26.54001],[128.10249,26.53999],[128.10217,26.53987],[128.10222,26.54001]]],[[[128.10227,26.54399],[128.10243,26.54385],[128.10232,26.54373],[128.10227,26.54399]]],[[[128.1123,26.55037],[128.11242,26.55037],[128.11241,26.55034],[128.1123,26.55037]]],[[[128.11236,26.5505],[128.11239,26.55072],[128.11246,26.55043],[128.11236,26.5505]]],[[[128.07424,26.54752],[128.07431,26.54749],[128.07423,26.54744],[128.07424,26.54752]]],[[[128.11011,26.54927],[128.11053,26.54943],[128.11044,26.54907],[128.11011,26.54927]]],[[[128.10992,26.54951],[128.11002,26.54961],[128.11006,26.54954],[128.10992,26.54951]]],[[[128.1129,26.55079],[128.11311,26.55077],[128.11292,26.55054],[128.1129,26.55079]]],[[[128.11143,26.55086],[128.11155,26.55083],[128.11152,26.55073],[128.11143,26.55086]]],[[[128.1162,26.55008],[128.11615,26.54999],[128.1161,26.55007],[128.1162,26.55008]]],[[[128.11612,26.54924],[128.1163,26.5496],[128.11623,26.54909],[128.11612,26.54924]]],[[[128.11672,26.54941],[128.11664,26.54947],[128.11668,26.54949],[128.11672,26.54941]]],[[[128.1168,26.54929],[128.11703,26.54922],[128.11683,26.54908],[128.1168,26.54929]]],[[[128.11326,26.551],[128.11334,26.55106],[128.1133,26.55096],[128.11326,26.551]]],[[[128.11896,26.55113],[128.11904,26.55115],[128.11898,26.55108],[128.11896,26.55113]]],[[[128.11927,26.55249],[128.11942,26.55251],[128.11929,26.55241],[128.11927,26.55249]]],[[[128.12037,26.55183],[128.12045,26.55194],[128.12047,26.55183],[128.12037,26.55183]]],[[[128.12202,26.55298],[128.12212,26.55303],[128.12213,26.55296],[128.12202,26.55298]]],[[[128.12507,26.55453],[128.12489,26.55457],[128.12499,26.55463],[128.12507,26.55453]]],[[[128.1367,26.55438],[128.13682,26.55437],[128.1367,26.55426],[128.1367,26.55438]]],[[[128.13921,26.55402],[128.13935,26.55405],[128.13933,26.55397],[128.13921,26.55402]]],[[[128.14216,26.55373],[128.14126,26.55343],[128.14124,26.55389],[128.14216,26.55373]]],[[[128.03606,26.63768],[128.0361,26.63764],[128.03607,26.63764],[128.03606,26.63768]]],[[[128.03612,26.63762],[128.03623,26.63754],[128.03615,26.63746],[128.03612,26.63762]]],[[[128.03615,26.6377],[128.03612,26.63769],[128.03612,26.63771],[128.03615,26.6377]]],[[[128.03623,26.63759],[128.03628,26.63761],[128.03626,26.63758],[128.03623,26.63759]]],[[[128.03936,26.65912],[128.03935,26.6592],[128.03942,26.65914],[128.03936,26.65912]]],[[[128.15457,26.5664],[128.15523,26.56632],[128.15478,26.56607],[128.15457,26.5664]]],[[[128.03839,26.65931],[128.03793,26.65949],[128.03836,26.65969],[128.03839,26.65931]]],[[[128.03601,26.64813],[128.03549,26.648],[128.03568,26.64832],[128.03601,26.64813]]],[[[128.03565,26.64834],[128.03579,26.64849],[128.0358,26.64839],[128.03565,26.64834]]],[[[128.03563,26.65202],[128.03603,26.65152],[128.03601,26.65142],[128.03563,26.65202]]],[[[128.03823,26.64998],[128.03836,26.64983],[128.03823,26.64982],[128.03823,26.64998]]],[[[128.03859,26.65089],[128.03882,26.65107],[128.0389,26.65082],[128.03859,26.65089]]],[[[128.03868,26.6512],[128.03886,26.65134],[128.03883,26.65121],[128.03868,26.6512]]],[[[128.03565,26.65728],[128.036,26.65743],[128.03595,26.65726],[128.03565,26.65728]]],[[[128.05822,26.52154],[128.05831,26.52159],[128.05832,26.52154],[128.05822,26.52154]]],[[[128.05951,26.51623],[128.05781,26.51637],[128.05882,26.51697],[128.05886,26.51663],[128.05939,26.51664],[128.05951,26.51623]]]]}},{"type":"Feature","properties":{"pref":"沖縄県","name":"嘉手納町","type":"町","code":"47325","region":"47"},"geometry":{"type":"MultiPolygon","coordinates":[[[[127.74103,26.35212],[127.74098,26.35204],[127.74098,26.35211],[127.74103,26.35212]]],[[[127.74076,26.35389],[127.7407,26.35399],[127.74074,26.35402],[127.74076,26.35389]]],[[[127.74044,26.35551],[127.74034,26.3556],[127.74041,26.35561],[127.74044,26.35551]]],[[[127.74397,26.34607],[127.74395,26.34609],[127.74396,26.34609],[127.74397,26.34607]]],[[[127.74404,26.34622],[127.74398,26.34607],[127.74398,26.34623],[127.74404,26.34622]]],[[[127.74502,26.3473],[127.74507,26.34731],[127.74505,26.34728],[127.74502,26.3473]]],[[[127.74496,26.34744],[127.74498,26.34749],[127.745,26.34746],[127.74496,26.34744]]],[[[127.74441,26.35006],[127.74452,26.3497],[127.74364,26.34947],[127.74441,26.35006]]],[[[127.74648,26.36387],[127.75504,26.36806],[127.7639,26.36796],[127.76458,26.37005],[127.7698,26.37022],[127.76808,26.37284],[127.76863,26.37854],[127.77185,26.38309],[127.77317,26.39165],[127.78218,26.40471],[127.78474,26.40398],[127.78511,26.40796],[127.78821,26.4074],[127.78565,26.38618],[127.78123,26.38235],[127.78287,26.38194],[127.78277,26.37278],[127.77808,26.36622],[127.7793,26.3509],[127.78342,26.35229],[127.78452,26.34874],[127.78062,26.34136],[127.77415,26.34617],[127.76948,26.34118],[127.7642,26.34248],[127.75799,26.34007],[127.75031,26.34362],[127.74586,26.34263],[127.7452,26.35138],[127.74262,26.35264],[127.74315,26.35077],[127.7414,26.35023],[127.73835,26.36187],[127.74662,26.3613],[127.74648,26.36387]]]]}},{"type":"Feature","properties":{"pref":"沖縄県","name":"国頭村","type":"村","code":"47301","region":"47"},"geometry":{"type":"MultiPolygon","coordinates":[[[[128.15169,26.74053],[128.15172,26.74058],[128.15173,26.74055],[128.15169,26.74053]]],[[[128.15089,26.74222],[128.15095,26.74216],[128.1509,26.74216],[128.15089,26.74222]]],[[[128.15129,26.74299],[128.15134,26.74301],[128.15136,26.74298],[128.15129,26.74299]]],[[[128.15147,26.74362],[128.15154,26.7436],[128.15147,26.74359],[128.15147,26.74362]]],[[[128.15154,26.74358],[128.1516,26.74354],[128.15158,26.74353],[128.15154,26.74358]]],[[[128.15147,26.74386],[128.15142,26.74378],[128.15138,26.74381],[128.15147,26.74386]]],[[[128.15139,26.74404],[128.15137,26.74398],[128.15132,26.74402],[128.15139,26.74404]]],[[[128.15143,26.74403],[128.15148,26.74406],[128.15148,26.74403],[128.15143,26.74403]]],[[[128.15076,26.74465],[128.1508,26.74455],[128.15073,26.74461],[128.15076,26.74465]]],[[[128.15094,26.74458],[128.15101,26.74467],[128.15104,26.74462],[128.15094,26.74458]]],[[[128.1521,26.74489],[128.15208,26.74484],[128.15203,26.74488],[128.1521,26.74489]]],[[[128.15254,26.7452],[128.15244,26.74528],[128.15257,26.74527],[128.15254,26.7452]]],[[[128.15274,26.74615],[128.15288,26.74601],[128.15265,26.74604],[128.15274,26.74615]]],[[[128.1532,26.74605],[128.15325,26.74605],[128.15324,26.74601],[128.1532,26.74605]]],[[[128.15368,26.74588],[128.15377,26.74585],[128.15369,26.7458],[128.15368,26.74588]]],[[[128.1538,26.74569],[128.15386,26.7457],[128.15382,26.74566],[128.1538,26.74569]]],[[[128.15485,26.74526],[128.15492,26.74525],[128.15491,26.74523],[128.15485,26.74526]]],[[[128.15488,26.74531],[128.15492,26.74533],[128.15493,26.74529],[128.15488,26.74531]]],[[[128.1555,26.74588],[128.15551,26.74599],[128.15558,26.74593],[128.1555,26.74588]]],[[[128.27435,26.67033],[128.27438,26.67052],[128.27444,26.67036],[128.27435,26.67033]]],[[[128.27479,26.67122],[128.27479,26.67135],[128.27486,26.6713],[128.27479,26.67122]]],[[[128.27896,26.67588],[128.27892,26.67599],[128.27901,26.67598],[128.27896,26.67588]]],[[[128.27917,26.67672],[128.27925,26.67679],[128.27923,26.67668],[128.27917,26.67672]]],[[[128.27927,26.68404],[128.27951,26.68414],[128.27952,26.68393],[128.27927,26.68404]]],[[[128.27959,26.68453],[128.2797,26.68454],[128.27962,26.68447],[128.27959,26.68453]]],[[[128.27962,26.68444],[128.2797,26.68433],[128.27958,26.68439],[128.27962,26.68444]]],[[[128.2797,26.68644],[128.27981,26.68651],[128.27973,26.68639],[128.2797,26.68644]]],[[[128.27991,26.68685],[128.28,26.68687],[128.27997,26.68681],[128.27991,26.68685]]],[[[128.27992,26.68917],[128.28004,26.68925],[128.27998,26.68911],[128.27992,26.68917]]],[[[128.28058,26.68781],[128.28065,26.68793],[128.28067,26.68782],[128.28058,26.68781]]],[[[128.28035,26.68858],[128.28046,26.68853],[128.28034,26.68853],[128.28035,26.68858]]],[[[128.28254,26.69226],[128.28248,26.69283],[128.28275,26.69284],[128.28254,26.69226]]],[[[128.28278,26.69285],[128.28302,26.69281],[128.283,26.69273],[128.28278,26.69285]]],[[[128.28339,26.69454],[128.28322,26.69449],[128.28324,26.69462],[128.28339,26.69454]]],[[[128.28365,26.69441],[128.28346,26.69456],[128.28351,26.69459],[128.28365,26.69441]]],[[[128.2849,26.69678],[128.28509,26.69675],[128.28498,26.69664],[128.2849,26.69678]]],[[[128.28671,26.69592],[128.28683,26.69596],[128.28676,26.69585],[128.28671,26.69592]]],[[[128.28685,26.69663],[128.28694,26.69626],[128.28665,26.69611],[128.28685,26.69663]]],[[[128.2874,26.69612],[128.28726,26.69662],[128.28755,26.69668],[128.2874,26.69612]]],[[[128.3087,26.82731],[128.30816,26.82737],[128.30849,26.82769],[128.3087,26.82731]]],[[[128.30863,26.82765],[128.30856,26.8277],[128.30862,26.82772],[128.30863,26.82765]]],[[[128.30889,26.82774],[128.30855,26.82789],[128.30857,26.82794],[128.30889,26.82774]]],[[[128.30585,26.83352],[128.3059,26.83361],[128.3059,26.83354],[128.30585,26.83352]]],[[[128.30593,26.83349],[128.30596,26.83355],[128.30599,26.8335],[128.30593,26.83349]]],[[[128.30616,26.83359],[128.30616,26.83376],[128.30623,26.83369],[128.30616,26.83359]]],[[[128.30609,26.83376],[128.30609,26.83381],[128.30613,26.83379],[128.30609,26.83376]]],[[[128.3092,26.82537],[128.30919,26.82546],[128.30924,26.82544],[128.3092,26.82537]]],[[[128.30931,26.82578],[128.30925,26.82587],[128.3093,26.82588],[128.30931,26.82578]]],[[[128.30941,26.82571],[128.30936,26.82579],[128.3094,26.82578],[128.30941,26.82571]]],[[[128.3055,26.82977],[128.3055,26.82987],[128.30553,26.82979],[128.3055,26.82977]]],[[[128.30559,26.83263],[128.3056,26.83274],[128.30563,26.83271],[128.30559,26.83263]]],[[[128.30568,26.83348],[128.30572,26.83351],[128.30573,26.83348],[128.30568,26.83348]]],[[[128.3059,26.83368],[128.30592,26.83374],[128.30594,26.8337],[128.3059,26.83368]]],[[[128.30622,26.83353],[128.30612,26.83354],[128.3062,26.83358],[128.30622,26.83353]]],[[[128.30661,26.83416],[128.30663,26.83425],[128.30666,26.83418],[128.30661,26.83416]]],[[[128.30663,26.83517],[128.30663,26.8353],[128.30668,26.83527],[128.30663,26.83517]]],[[[128.30674,26.83743],[128.30664,26.8378],[128.30686,26.8377],[128.30674,26.83743]]],[[[128.30555,26.84004],[128.30561,26.84028],[128.30567,26.84025],[128.30555,26.84004]]],[[[128.30552,26.84075],[128.30569,26.84081],[128.30561,26.84065],[128.30552,26.84075]]],[[[128.29538,26.84485],[128.29535,26.84497],[128.29543,26.84489],[128.29538,26.84485]]],[[[128.29542,26.84547],[128.29526,26.84539],[128.29543,26.84555],[128.29542,26.84547]]],[[[128.29561,26.84532],[128.29555,26.84497],[128.29545,26.84495],[128.29539,26.84508],[128.29561,26.84532]]],[[[128.29565,26.84511],[128.29565,26.8453],[128.29572,26.84535],[128.29565,26.84511]]],[[[128.2953,26.84326],[128.29532,26.84333],[128.29539,26.84329],[128.2953,26.84326]]],[[[128.30656,26.84186],[128.30658,26.84202],[128.30666,26.842],[128.30656,26.84186]]],[[[128.30674,26.8421],[128.30677,26.84247],[128.30687,26.84251],[128.30674,26.8421]]],[[[128.29507,26.84407],[128.29498,26.84419],[128.29511,26.84428],[128.29507,26.84407]]],[[[128.29567,26.8441],[128.29584,26.84427],[128.29588,26.8442],[128.29567,26.8441]]],[[[128.29573,26.84433],[128.2957,26.84446],[128.29575,26.84445],[128.29573,26.84433]]],[[[128.29588,26.84433],[128.29582,26.84438],[128.29587,26.84438],[128.29588,26.84433]]],[[[128.29507,26.84498],[128.2951,26.84511],[128.29518,26.84508],[128.29507,26.84498]]],[[[128.29521,26.84526],[128.2952,26.84517],[128.29518,26.84524],[128.29521,26.84526]]],[[[128.29585,26.84479],[128.29598,26.8448],[128.29587,26.8447],[128.29585,26.84479]]],[[[128.29614,26.84515],[128.29615,26.84522],[128.29617,26.84518],[128.29614,26.84515]]],[[[128.29631,26.84515],[128.2962,26.84523],[128.29623,26.84526],[128.29631,26.84515]]],[[[128.29935,26.84651],[128.29931,26.84662],[128.2994,26.84661],[128.29935,26.84651]]],[[[128.30334,26.84601],[128.3037,26.84651],[128.30339,26.84591],[128.30334,26.84601]]],[[[128.30393,26.8463],[128.30386,26.84647],[128.30395,26.84648],[128.30393,26.8463]]],[[[128.31457,26.82172],[128.31456,26.82176],[128.31458,26.82175],[128.31457,26.82172]]],[[[128.31453,26.82185],[128.31448,26.82195],[128.3145,26.82197],[128.31453,26.82185]]],[[[128.31456,26.82178],[128.31452,26.82182],[128.31456,26.82182],[128.31456,26.82178]]],[[[128.31019,26.82369],[128.31021,26.82384],[128.3103,26.82378],[128.31019,26.82369]]],[[[128.30978,26.82567],[128.30976,26.82607],[128.30996,26.82595],[128.30978,26.82567]]],[[[128.31019,26.82589],[128.31008,26.82602],[128.31022,26.826],[128.31019,26.82589]]],[[[128.31027,26.82613],[128.3103,26.82618],[128.31032,26.82616],[128.31027,26.82613]]],[[[128.31011,26.82633],[128.30991,26.82643],[128.30997,26.82648],[128.31011,26.82633]]],[[[128.31016,26.82625],[128.31014,26.82629],[128.31017,26.82628],[128.31016,26.82625]]],[[[128.31017,26.82616],[128.31019,26.82623],[128.31021,26.82619],[128.31017,26.82616]]],[[[128.3162,26.81933],[128.31612,26.8193],[128.31614,26.81935],[128.3162,26.81933]]],[[[128.31573,26.81932],[128.31567,26.81939],[128.31576,26.81938],[128.31573,26.81932]]],[[[128.31606,26.81994],[128.31603,26.82002],[128.31611,26.81999],[128.31606,26.81994]]],[[[128.3125,26.82204],[128.31249,26.82211],[128.31255,26.82207],[128.3125,26.82204]]],[[[128.31473,26.82144],[128.31476,26.82166],[128.31481,26.82165],[128.31473,26.82144]]],[[[128.31515,26.82145],[128.31511,26.8215],[128.31515,26.8215],[128.31515,26.82145]]],[[[128.31512,26.82155],[128.31511,26.82161],[128.31513,26.82162],[128.31512,26.82155]]],[[[128.31524,26.82214],[128.31519,26.82221],[128.31524,26.82224],[128.31524,26.82214]]],[[[128.31572,26.82211],[128.31571,26.82223],[128.31576,26.82223],[128.31572,26.82211]]],[[[128.31521,26.82231],[128.31521,26.82237],[128.31524,26.82236],[128.31521,26.82231]]],[[[128.31716,26.82066],[128.31708,26.82084],[128.31714,26.82088],[128.31716,26.82066]]],[[[128.31722,26.82035],[128.3172,26.82058],[128.31731,26.82055],[128.31722,26.82035]]],[[[128.31753,26.82138],[128.31744,26.82156],[128.31754,26.8217],[128.31753,26.82138]]],[[[128.31743,26.82153],[128.31739,26.82175],[128.31746,26.82177],[128.31743,26.82153]]],[[[128.31636,26.82215],[128.31624,26.8224],[128.31636,26.82246],[128.31636,26.82215]]],[[[128.31664,26.82093],[128.31656,26.82101],[128.3166,26.82102],[128.31664,26.82093]]],[[[128.31669,26.82081],[128.31667,26.82088],[128.31671,26.8209],[128.31669,26.82081]]],[[[128.31683,26.82085],[128.31672,26.82077],[128.31676,26.82091],[128.31683,26.82085]]],[[[128.3169,26.8211],[128.31681,26.82125],[128.31685,26.82128],[128.3169,26.8211]]],[[[128.317,26.82104],[128.31696,26.8211],[128.31698,26.8211],[128.317,26.82104]]],[[[128.31708,26.82109],[128.31707,26.82115],[128.31709,26.82113],[128.31708,26.82109]]],[[[128.31707,26.82119],[128.31702,26.82125],[128.31705,26.82127],[128.31707,26.82119]]],[[[128.31714,26.8212],[128.31711,26.82124],[128.31713,26.82124],[128.31714,26.8212]]],[[[128.31728,26.82113],[128.31718,26.82139],[128.31721,26.82141],[128.31728,26.82113]]],[[[128.31658,26.82171],[128.31644,26.82189],[128.31657,26.82192],[128.31658,26.82171]]],[[[128.3171,26.82128],[128.31709,26.82136],[128.31712,26.82134],[128.3171,26.82128]]],[[[128.31772,26.82078],[128.31765,26.82084],[128.31774,26.82088],[128.31772,26.82078]]],[[[128.3178,26.82099],[128.31773,26.82117],[128.3179,26.82126],[128.3178,26.82099]]],[[[128.31799,26.82066],[128.31795,26.82081],[128.31801,26.82081],[128.31799,26.82066]]],[[[128.31811,26.82127],[128.31804,26.82135],[128.31811,26.82139],[128.31811,26.82127]]],[[[128.29971,26.71197],[128.29973,26.71187],[128.29964,26.71182],[128.29971,26.71197]]],[[[128.30057,26.71081],[128.30044,26.71219],[128.30107,26.71124],[128.30057,26.71081]]],[[[128.30158,26.71991],[128.30165,26.71991],[128.30162,26.71985],[128.30158,26.71991]]],[[[128.30161,26.72008],[128.30167,26.71996],[128.30164,26.71995],[128.30161,26.72008]]],[[[128.30356,26.72068],[128.30393,26.72038],[128.3035,26.72029],[128.30356,26.72068]]],[[[128.30288,26.72091],[128.30381,26.7213],[128.30378,26.72105],[128.30288,26.72091]]],[[[128.29929,26.7114],[128.29919,26.71066],[128.29878,26.71028],[128.29929,26.7114]]],[[[128.30035,26.71045],[128.30049,26.71046],[128.30036,26.71036],[128.30035,26.71045]]],[[[128.30077,26.71079],[128.30082,26.71073],[128.30074,26.71072],[128.30077,26.71079]]],[[[128.29966,26.71179],[128.29967,26.7117],[128.29962,26.71168],[128.29966,26.71179]]],[[[128.29909,26.71334],[128.29916,26.7135],[128.29927,26.71351],[128.29909,26.71334]]],[[[128.29933,26.71358],[128.29942,26.71356],[128.29934,26.71355],[128.29933,26.71358]]],[[[128.30181,26.72012],[128.30171,26.72017],[128.30175,26.72018],[128.30181,26.72012]]],[[[128.30293,26.72069],[128.30308,26.72065],[128.3029,26.72054],[128.30293,26.72069]]],[[[128.30422,26.72057],[128.30454,26.72079],[128.30442,26.72041],[128.30422,26.72057]]],[[[128.30326,26.72071],[128.30336,26.72079],[128.30333,26.72068],[128.30326,26.72071]]],[[[128.30373,26.72223],[128.30387,26.7222],[128.30387,26.72213],[128.30373,26.72223]]],[[[128.30384,26.72258],[128.30395,26.72265],[128.30392,26.72256],[128.30384,26.72258]]],[[[128.30416,26.72314],[128.30422,26.72299],[128.30413,26.72306],[128.30416,26.72314]]],[[[128.30667,26.72448],[128.30679,26.72443],[128.30676,26.72438],[128.30667,26.72448]]],[[[128.307,26.72508],[128.30688,26.72478],[128.30678,26.7248],[128.307,26.72508]]],[[[128.30687,26.7251],[128.3069,26.72538],[128.30701,26.72539],[128.30687,26.7251]]],[[[128.33042,26.74741],[128.33466,26.74749],[128.33538,26.74542],[128.33042,26.74741]]],[[[128.30742,26.7302],[128.30753,26.73024],[128.30752,26.73014],[128.30742,26.7302]]],[[[128.3077,26.73019],[128.30768,26.73003],[128.30764,26.73003],[128.3077,26.73019]]],[[[128.30788,26.73002],[128.30782,26.73011],[128.30787,26.73011],[128.30788,26.73002]]],[[[128.30999,26.73074],[128.31005,26.73066],[128.31002,26.73063],[128.30999,26.73074]]],[[[128.31805,26.73386],[128.31811,26.73377],[128.31805,26.73372],[128.31805,26.73386]]],[[[128.31777,26.73406],[128.31805,26.73427],[128.31805,26.73403],[128.31777,26.73406]]],[[[128.31868,26.73417],[128.31872,26.73407],[128.31867,26.73403],[128.31868,26.73417]]],[[[128.31898,26.73467],[128.31895,26.7349],[128.31901,26.73495],[128.31898,26.73467]]],[[[128.31861,26.73609],[128.31867,26.73624],[128.31867,26.73609],[128.31861,26.73609]]],[[[128.32039,26.73987],[128.32047,26.73994],[128.32044,26.73984],[128.32039,26.73987]]],[[[128.32102,26.73966],[128.32108,26.73956],[128.32103,26.73956],[128.32102,26.73966]]],[[[128.32281,26.74185],[128.32456,26.74297],[128.32478,26.74285],[128.32424,26.74216],[128.32281,26.74185]]],[[[128.32609,26.78088],[128.32592,26.78073],[128.32598,26.78091],[128.32609,26.78088]]],[[[128.32602,26.7803],[128.32569,26.78014],[128.32584,26.78059],[128.32602,26.7803]]],[[[128.3236,26.77312],[128.32355,26.7732],[128.32362,26.77319],[128.3236,26.77312]]],[[[128.32371,26.77314],[128.32383,26.77317],[128.32378,26.77294],[128.32371,26.77314]]],[[[128.32397,26.77297],[128.32414,26.773],[128.32399,26.7728],[128.32397,26.77297]]],[[[128.32431,26.76864],[128.3246,26.76851],[128.32459,26.76843],[128.32431,26.76864]]],[[[128.32434,26.76893],[128.32466,26.7689],[128.32457,26.7688],[128.32434,26.76893]]],[[[128.32501,26.76863],[128.32516,26.76864],[128.32507,26.76854],[128.32501,26.76863]]],[[[128.32548,26.76783],[128.32563,26.76782],[128.3256,26.76772],[128.32548,26.76783]]],[[[128.32506,26.77514],[128.32497,26.77523],[128.32503,26.7753],[128.32506,26.77514]]],[[[128.32532,26.77628],[128.32523,26.77612],[128.32526,26.77631],[128.32532,26.77628]]],[[[128.32579,26.77619],[128.32561,26.77609],[128.32573,26.77631],[128.32579,26.77619]]],[[[128.32563,26.77737],[128.32562,26.77718],[128.32557,26.77739],[128.32563,26.77737]]],[[[128.32601,26.77757],[128.32589,26.77751],[128.32598,26.77762],[128.32601,26.77757]]],[[[128.32633,26.77961],[128.32596,26.77932],[128.32597,26.77965],[128.32633,26.77961]]],[[[128.32655,26.78088],[128.32641,26.78099],[128.32653,26.78111],[128.32655,26.78088]]],[[[128.31896,26.79118],[128.31901,26.79135],[128.31906,26.79123],[128.31896,26.79118]]],[[[128.32379,26.78685],[128.32385,26.78658],[128.32362,26.78643],[128.32379,26.78685]]],[[[128.32331,26.78869],[128.32327,26.78882],[128.32336,26.78883],[128.32331,26.78869]]],[[[128.32601,26.7834],[128.32619,26.78309],[128.32596,26.78305],[128.32601,26.7834]]],[[[128.33051,26.7478],[128.33046,26.74797],[128.33057,26.74791],[128.33051,26.7478]]],[[[128.32707,26.74914],[128.3272,26.74927],[128.32713,26.74912],[128.32707,26.74914]]],[[[128.33217,26.74786],[128.33226,26.74783],[128.33225,26.74779],[128.33217,26.74786]]],[[[128.33475,26.74733],[128.33492,26.74718],[128.33476,26.74712],[128.33475,26.74733]]],[[[128.32738,26.75309],[128.32754,26.75356],[128.32763,26.75356],[128.32738,26.75309]]],[[[128.32653,26.75622],[128.32649,26.75643],[128.32659,26.75646],[128.32653,26.75622]]],[[[128.3269,26.75677],[128.32687,26.75693],[128.32698,26.75698],[128.3269,26.75677]]],[[[128.32743,26.75642],[128.32733,26.75656],[128.32741,26.75661],[128.32743,26.75642]]],[[[128.32727,26.75727],[128.32725,26.7574],[128.32733,26.75745],[128.32727,26.75727]]],[[[128.32268,26.75847],[128.32246,26.75816],[128.32268,26.7586],[128.32268,26.75847]]],[[[128.3235,26.76222],[128.32374,26.76214],[128.32366,26.76181],[128.3235,26.76222]]],[[[128.32374,26.76316],[128.32386,26.76316],[128.32377,26.76308],[128.32374,26.76316]]],[[[128.32559,26.76645],[128.32573,26.76654],[128.32573,26.76647],[128.32559,26.76645]]],[[[128.3257,26.76705],[128.32589,26.76675],[128.32563,26.76674],[128.3257,26.76705]]],[[[128.31856,26.80843],[128.31861,26.80836],[128.31856,26.80834],[128.31856,26.80843]]],[[[128.31852,26.80853],[128.31855,26.80841],[128.31848,26.80839],[128.31852,26.80853]]],[[[128.31874,26.80842],[128.31865,26.80835],[128.3187,26.80849],[128.31874,26.80842]]],[[[128.31886,26.80799],[128.31883,26.80789],[128.31878,26.80797],[128.31886,26.80799]]],[[[128.31874,26.80804],[128.31898,26.80809],[128.31901,26.80803],[128.31874,26.80804]]],[[[128.32054,26.8122],[128.32066,26.81207],[128.32052,26.81198],[128.32054,26.8122]]],[[[128.32053,26.81269],[128.32045,26.812],[128.32016,26.81183],[128.3202,26.81232],[128.32053,26.81269]]],[[[128.31906,26.79388],[128.31916,26.79395],[128.31915,26.79388],[128.31906,26.79388]]],[[[128.32139,26.79483],[128.3215,26.79499],[128.32152,26.79489],[128.32139,26.79483]]],[[[128.32152,26.79519],[128.32168,26.79526],[128.32153,26.79517],[128.32152,26.79519]]],[[[128.32174,26.79495],[128.32183,26.79491],[128.32174,26.79491],[128.32174,26.79495]]],[[[128.32146,26.79675],[128.32153,26.79681],[128.32151,26.79672],[128.32146,26.79675]]],[[[128.32202,26.79643],[128.32216,26.79643],[128.32206,26.79635],[128.32202,26.79643]]],[[[128.31914,26.80848],[128.31885,26.80822],[128.31902,26.80858],[128.31914,26.80848]]],[[[128.31831,26.80876],[128.31852,26.80878],[128.31842,26.80867],[128.31831,26.80876]]],[[[128.31871,26.81036],[128.31875,26.81027],[128.31868,26.81028],[128.31871,26.81036]]],[[[128.31876,26.81046],[128.3188,26.81038],[128.31875,26.81039],[128.31876,26.81046]]],[[[128.31984,26.81154],[128.32012,26.81159],[128.31987,26.81147],[128.31984,26.81154]]],[[[128.32097,26.79811],[128.32106,26.79821],[128.32105,26.7981],[128.32097,26.79811]]],[[[128.32146,26.79861],[128.32154,26.79875],[128.32152,26.79858],[128.32146,26.79861]]],[[[128.31804,26.81512],[128.31801,26.81497],[128.31799,26.81497],[128.31804,26.81512]]],[[[128.31817,26.81506],[128.31808,26.81498],[128.31813,26.81508],[128.31817,26.81506]]],[[[128.31955,26.81326],[128.31969,26.8131],[128.31958,26.81304],[128.31955,26.81326]]],[[[128.31972,26.81436],[128.31985,26.81425],[128.31972,26.8143],[128.31972,26.81436]]],[[[128.32037,26.8129],[128.32046,26.8128],[128.32036,26.81265],[128.32037,26.8129]]],[[[128.32042,26.81298],[128.32052,26.81301],[128.32052,26.81293],[128.32042,26.81298]]],[[[128.32048,26.8139],[128.32023,26.8132],[128.3196,26.81296],[128.32048,26.8139]]],[[[128.32021,26.81441],[128.32014,26.81375],[128.31976,26.81332],[128.32021,26.81441]]],[[[128.32091,26.81264],[128.32117,26.81236],[128.32072,26.81207],[128.32091,26.81264]]],[[[128.31606,26.8175],[128.31619,26.81763],[128.31618,26.81747],[128.31606,26.8175]]],[[[128.31572,26.81883],[128.31581,26.81884],[128.31576,26.81877],[128.31572,26.81883]]],[[[128.31569,26.81903],[128.31567,26.81911],[128.31571,26.81908],[128.31569,26.81903]]],[[[128.31576,26.81894],[128.31573,26.81902],[128.31578,26.819],[128.31576,26.81894]]],[[[128.31739,26.81577],[128.31734,26.81587],[128.3174,26.81586],[128.31739,26.81577]]],[[[128.31745,26.81612],[128.3176,26.81607],[128.31744,26.81604],[128.31745,26.81612]]],[[[128.31923,26.81476],[128.31917,26.81472],[128.31917,26.81476],[128.31923,26.81476]]],[[[128.31684,26.81691],[128.31681,26.81696],[128.31687,26.81695],[128.31684,26.81691]]],[[[128.31682,26.81701],[128.31696,26.8171],[128.31691,26.81698],[128.31682,26.81701]]],[[[128.31729,26.81711],[128.31722,26.81719],[128.31731,26.81718],[128.31729,26.81711]]],[[[128.32119,26.81442],[128.32083,26.81384],[128.32076,26.8139],[128.32119,26.81442]]],[[[128.28471,26.69684],[128.28482,26.69685],[128.28482,26.6968],[128.28471,26.69684]]],[[[128.26058,26.6685],[128.25103,26.67969],[128.25008,26.6863],[128.24402,26.68962],[128.24167,26.69842],[128.2423,26.70319],[128.23381,26.70357],[128.22207,26.70844],[128.22112,26.70471],[128.2085,26.69879],[128.20611,26.68968],[128.2009,26.6893],[128.19029,26.6999],[128.1727,26.70621],[128.16843,26.71177],[128.15476,26.71691],[128.15986,26.7233],[128.16096,26.72828],[128.15561,26.74015],[128.15056,26.74134],[128.15305,26.74591],[128.15638,26.74555],[128.15727,26.74306],[128.16307,26.74303],[128.17665,26.74951],[128.178,26.74817],[128.1792,26.74905],[128.1779,26.74939],[128.18366,26.74957],[128.18762,26.75385],[128.19018,26.76145],[128.19782,26.76801],[128.19915,26.76611],[128.20393,26.76686],[128.20467,26.77538],[128.20978,26.77737],[128.22351,26.78901],[128.22614,26.79727],[128.23199,26.798],[128.23059,26.80403],[128.2337,26.80806],[128.23422,26.81225],[128.2429,26.82309],[128.24441,26.83088],[128.25334,26.84276],[128.25369,26.84746],[128.25226,26.84812],[128.25131,26.85047],[128.25241,26.84821],[128.25333,26.84821],[128.25326,26.85082],[128.25066,26.85081],[128.25162,26.85199],[128.24637,26.85463],[128.24413,26.85856],[128.24565,26.86553],[128.24882,26.87015],[128.25752,26.87572],[128.26587,26.87211],[128.26224,26.87052],[128.26177,26.86676],[128.26781,26.86313],[128.26902,26.85981],[128.27841,26.85576],[128.2801,26.85689],[128.28125,26.85052],[128.29207,26.8454],[128.28951,26.84537],[128.29017,26.84168],[128.29541,26.84247],[128.29669,26.84568],[128.30043,26.847],[128.30653,26.84368],[128.30485,26.84134],[128.30657,26.83853],[128.30462,26.83121],[128.30561,26.82835],[128.31187,26.82231],[128.31629,26.82204],[128.31613,26.81707],[128.32031,26.81309],[128.31784,26.80603],[128.32167,26.7956],[128.3175,26.79443],[128.31662,26.79184],[128.32273,26.78893],[128.32654,26.78149],[128.32223,26.77134],[128.32553,26.76538],[128.32113,26.7568],[128.32478,26.75399],[128.32734,26.75585],[128.32688,26.7493],[128.32084,26.74708],[128.31895,26.74386],[128.32046,26.74298],[128.31786,26.74326],[128.3227,26.74265],[128.31853,26.74227],[128.31891,26.74042],[128.32168,26.74145],[128.31814,26.73761],[128.31902,26.73557],[128.3184,26.73414],[128.30633,26.72992],[128.30664,26.72668],[128.30347,26.72171],[128.2971,26.72034],[128.29361,26.71726],[128.29627,26.71642],[128.29508,26.71505],[128.29792,26.71586],[128.29947,26.71213],[128.29798,26.70969],[128.29516,26.71065],[128.29101,26.70831],[128.29053,26.706],[128.29399,26.70156],[128.28652,26.69628],[128.28416,26.69782],[128.28164,26.69682],[128.2836,26.69402],[128.2798,26.69165],[128.27846,26.67533],[128.274,26.67084],[128.26471,26.66776],[128.26058,26.6685]]],[[[128.22114,26.78809],[128.22127,26.78804],[128.2212,26.78797],[128.22114,26.78809]]],[[[128.23074,26.80488],[128.23076,26.80479],[128.23072,26.80479],[128.23074,26.80488]]],[[[128.23088,26.80496],[128.23076,26.80495],[128.23082,26.80505],[128.23088,26.80496]]],[[[128.2491,26.83748],[128.24921,26.83748],[128.24915,26.8374],[128.2491,26.83748]]],[[[128.23044,26.80431],[128.23063,26.80425],[128.23054,26.80415],[128.23044,26.80431]]],[[[128.23102,26.8052],[128.23089,26.8052],[128.23102,26.80531],[128.23102,26.8052]]],[[[128.24491,26.831],[128.24479,26.83107],[128.24484,26.83123],[128.24491,26.831]]],[[[128.24943,26.83796],[128.24935,26.83805],[128.24943,26.83807],[128.24943,26.83796]]],[[[128.29008,26.84235],[128.29021,26.84232],[128.29018,26.84227],[128.29008,26.84235]]],[[[128.29019,26.8426],[128.29029,26.84258],[128.29022,26.84253],[128.29019,26.8426]]],[[[128.28277,26.85004],[128.28272,26.84997],[128.28271,26.84998],[128.28277,26.85004]]],[[[128.2829,26.85002],[128.28293,26.84993],[128.28287,26.84992],[128.2829,26.85002]]],[[[128.28347,26.8493],[128.28363,26.84932],[128.28348,26.84926],[128.28347,26.8493]]],[[[128.28358,26.85],[128.28372,26.84986],[128.28356,26.84984],[128.28358,26.85]]],[[[128.28782,26.84728],[128.28791,26.84735],[128.28791,26.84729],[128.28782,26.84728]]],[[[128.28813,26.84752],[128.28828,26.84744],[128.28817,26.84735],[128.28813,26.84752]]],[[[128.28821,26.84767],[128.28829,26.84775],[128.28828,26.84768],[128.28821,26.84767]]],[[[128.2893,26.84645],[128.28945,26.84648],[128.28938,26.84639],[128.2893,26.84645]]],[[[128.29507,26.84567],[128.29485,26.84574],[128.29505,26.846],[128.29507,26.84567]]],[[[128.30669,26.8429],[128.30734,26.84398],[128.30749,26.84404],[128.30669,26.8429]]],[[[128.33054,26.748],[128.33063,26.74803],[128.33059,26.74797],[128.33054,26.748]]],[[[128.3324,26.74872],[128.33247,26.74871],[128.33244,26.74865],[128.3324,26.74872]]],[[[128.33233,26.74878],[128.33242,26.74881],[128.33238,26.74874],[128.33233,26.74878]]],[[[128.33041,26.74815],[128.33052,26.74831],[128.33046,26.74813],[128.33041,26.74815]]],[[[128.32744,26.75123],[128.32754,26.75128],[128.32751,26.75119],[128.32744,26.75123]]],[[[128.32739,26.75593],[128.32745,26.75603],[128.32743,26.75593],[128.32739,26.75593]]],[[[128.33519,26.74579],[128.33534,26.74572],[128.33517,26.74565],[128.33519,26.74579]]],[[[128.33444,26.74468],[128.33462,26.74499],[128.3348,26.74503],[128.33444,26.74468]]],[[[128.33554,26.74571],[128.33554,26.74581],[128.33562,26.74582],[128.33554,26.74571]]],[[[128.33548,26.74606],[128.33554,26.74597],[128.33547,26.74594],[128.33548,26.74606]]],[[[128.33559,26.7461],[128.33567,26.74601],[128.3356,26.74597],[128.33559,26.7461]]],[[[128.15008,26.74084],[128.14966,26.74062],[128.14951,26.74082],[128.15008,26.74084]]],[[[128.24779,26.86933],[128.24751,26.86926],[128.24761,26.86955],[128.24779,26.86933]]],[[[128.2478,26.86934],[128.24787,26.8694],[128.24788,26.86934],[128.2478,26.86934]]],[[[128.24827,26.86952],[128.24826,26.86963],[128.24833,26.8696],[128.24827,26.86952]]],[[[128.24821,26.86963],[128.24801,26.86972],[128.24809,26.8698],[128.24821,26.86963]]],[[[128.24825,26.86968],[128.24823,26.86977],[128.2483,26.86971],[128.24825,26.86968]]],[[[128.25086,26.87118],[128.25101,26.8712],[128.25098,26.87112],[128.25086,26.87118]]],[[[128.26179,26.86727],[128.2619,26.86735],[128.26189,26.86726],[128.26179,26.86727]]],[[[128.26186,26.86768],[128.26188,26.86775],[128.26192,26.86772],[128.26186,26.86768]]],[[[128.26196,26.86791],[128.26198,26.86807],[128.26203,26.86795],[128.26196,26.86791]]],[[[128.26318,26.87043],[128.26263,26.87059],[128.2628,26.87076],[128.26318,26.87043]]],[[[128.26334,26.87023],[128.26319,26.87021],[128.26336,26.87031],[128.26334,26.87023]]],[[[128.28059,26.85681],[128.28069,26.85697],[128.28076,26.85693],[128.28059,26.85681]]],[[[128.28074,26.85666],[128.2808,26.85681],[128.28087,26.85675],[128.28074,26.85666]]],[[[128.266,26.86416],[128.2659,26.86419],[128.266,26.86419],[128.266,26.86416]]],[[[128.26634,26.86452],[128.26636,26.8646],[128.26639,26.86453],[128.26634,26.86452]]],[[[128.26749,26.86326],[128.2676,26.86331],[128.26757,26.86323],[128.26749,26.86326]]],[[[128.27113,26.85945],[128.27118,26.85954],[128.27119,26.85946],[128.27113,26.85945]]],[[[128.28245,26.8504],[128.2825,26.85042],[128.28247,26.85038],[128.28245,26.8504]]],[[[128.15743,26.73412],[128.15752,26.73413],[128.15747,26.73408],[128.15743,26.73412]]],[[[128.15701,26.74378],[128.15709,26.74382],[128.15707,26.74377],[128.15701,26.74378]]],[[[128.15631,26.74612],[128.15631,26.74631],[128.15652,26.74631],[128.15631,26.74612]]],[[[128.1738,26.74837],[128.17398,26.7485],[128.17399,26.7484],[128.1738,26.74837]]],[[[128.1741,26.7484],[128.17428,26.74854],[128.1743,26.74843],[128.1741,26.7484]]],[[[128.17444,26.74846],[128.17458,26.74858],[128.1746,26.74848],[128.17444,26.74846]]],[[[128.18868,26.7576],[128.18868,26.75771],[128.18872,26.75761],[128.18868,26.7576]]],[[[128.19772,26.76807],[128.1978,26.76813],[128.1978,26.76803],[128.19772,26.76807]]],[[[128.20025,26.76648],[128.20017,26.76644],[128.20016,26.76652],[128.20025,26.76648]]],[[[128.2003,26.76643],[128.20042,26.76643],[128.20037,26.76633],[128.2003,26.76643]]],[[[128.20372,26.7763],[128.20376,26.77635],[128.20378,26.77631],[128.20372,26.7763]]],[[[128.2044,26.77559],[128.20452,26.77558],[128.20443,26.77553],[128.2044,26.77559]]],[[[128.20431,26.77609],[128.20423,26.77619],[128.20436,26.77618],[128.20431,26.77609]]],[[[128.20549,26.77568],[128.20542,26.77559],[128.20537,26.77569],[128.20549,26.77568]]],[[[128.21736,26.78397],[128.21744,26.78402],[128.21742,26.78396],[128.21736,26.78397]]],[[[128.21743,26.78413],[128.21744,26.7843],[128.21754,26.78427],[128.21743,26.78413]]],[[[128.22035,26.78812],[128.22062,26.7882],[128.22064,26.78814],[128.22035,26.78812]]],[[[128.17817,26.75061],[128.17838,26.75041],[128.17813,26.75056],[128.17817,26.75061]]],[[[128.28395,26.69757],[128.28384,26.69758],[128.28392,26.69761],[128.28395,26.69757]]],[[[128.28804,26.69825],[128.28797,26.69837],[128.28809,26.69836],[128.28804,26.69825]]],[[[128.28825,26.6986],[128.2885,26.6986],[128.28833,26.69841],[128.28825,26.6986]]],[[[128.28831,26.69875],[128.28846,26.69878],[128.28833,26.6987],[128.28831,26.69875]]],[[[128.29038,26.69876],[128.2904,26.69886],[128.29046,26.69881],[128.29038,26.69876]]],[[[128.29183,26.70013],[128.29178,26.70023],[128.29185,26.70023],[128.29183,26.70013]]],[[[128.29156,26.70015],[128.2915,26.70028],[128.29157,26.70033],[128.29156,26.70015]]],[[[128.29162,26.70042],[128.29157,26.70051],[128.29161,26.70052],[128.29162,26.70042]]],[[[128.29436,26.70098],[128.29432,26.70107],[128.2944,26.70101],[128.29436,26.70098]]],[[[128.29407,26.70131],[128.29405,26.70155],[128.29418,26.70161],[128.29407,26.70131]]],[[[128.29438,26.7013],[128.2943,26.70145],[128.29444,26.70144],[128.29438,26.7013]]],[[[128.29442,26.7016],[128.29435,26.70169],[128.29445,26.70167],[128.29442,26.7016]]],[[[128.29731,26.71607],[128.29749,26.71625],[128.29741,26.71604],[128.29731,26.71607]]],[[[128.29849,26.71508],[128.29862,26.71501],[128.29857,26.71492],[128.29849,26.71508]]],[[[128.29563,26.71944],[128.29572,26.71945],[128.29561,26.71937],[128.29563,26.71944]]],[[[128.29625,26.71959],[128.29633,26.71953],[128.29622,26.71952],[128.29625,26.71959]]],[[[128.29832,26.72041],[128.29851,26.7205],[128.2984,26.72035],[128.29832,26.72041]]]]}},{"type":"Feature","properties":{"pref":"沖縄県","name":"多良間村","type":"村","code":"47375","region":"47"},"geometry":{"type":"MultiPolygon","coordinates":[[[[124.68653,24.63688],[124.68564,24.6385],[124.68659,24.63692],[124.68653,24.63688]]],[[[124.68401,24.67432],[124.68415,24.6742],[124.68395,24.6742],[124.68401,24.67432]]],[[[124.68622,24.67461],[124.68608,24.67454],[124.68611,24.67463],[124.68622,24.67461]]],[[[124.68794,24.67495],[124.68784,24.67483],[124.68782,24.67489],[124.68794,24.67495]]],[[[124.68839,24.6751],[124.68823,24.67502],[124.68827,24.67513],[124.68839,24.6751]]],[[[124.69252,24.67617],[124.69263,24.67617],[124.6926,24.67613],[124.69252,24.67617]]],[[[124.69256,24.67662],[124.69243,24.67658],[124.69244,24.67667],[124.69256,24.67662]]],[[[124.70901,24.67956],[124.70672,24.67748],[124.70436,24.67623],[124.70901,24.67956]]],[[[124.70738,24.67669],[124.7076,24.67696],[124.70763,24.67693],[124.70738,24.67669]]],[[[124.71896,24.64417],[124.71898,24.64399],[124.71889,24.64413],[124.71896,24.64417]]],[[[124.73021,24.64206],[124.73117,24.63966],[124.7283,24.64413],[124.73021,24.64206]]],[[[124.72715,24.64764],[124.72734,24.6436],[124.72726,24.6436],[124.72715,24.64764]]],[[[124.67425,24.66667],[124.68336,24.67399],[124.69678,24.6773],[124.70865,24.67452],[124.7075,24.67667],[124.71032,24.67643],[124.70954,24.67865],[124.71079,24.67735],[124.7095,24.67427],[124.71983,24.67141],[124.72652,24.66678],[124.72792,24.65383],[124.72295,24.64763],[124.72447,24.64591],[124.72287,24.64755],[124.72044,24.64563],[124.72531,24.6436],[124.72138,24.64354],[124.71973,24.64533],[124.70954,24.63852],[124.70459,24.63773],[124.68917,24.63927],[124.68889,24.63794],[124.68851,24.63767],[124.68694,24.63766],[124.68848,24.63774],[124.68895,24.63865],[124.67732,24.64169],[124.67093,24.65484],[124.67085,24.6607],[124.67425,24.66667]]],[[[124.69724,24.74864],[124.68358,24.75718],[124.68288,24.75885],[124.695,24.76192],[124.70124,24.75438],[124.70425,24.75413],[124.70726,24.74639],[124.70569,24.74455],[124.69883,24.74781],[124.69873,24.74656],[124.69668,24.74604],[124.69846,24.7474],[124.69707,24.74827],[124.69633,24.74663],[124.69636,24.74824],[124.69724,24.74864]]],[[[124.72862,24.65707],[124.72847,24.65695],[124.72857,24.65713],[124.72862,24.65707]]],[[[124.70838,24.68008],[124.71234,24.68307],[124.70991,24.68096],[124.70838,24.68008]]],[[[124.72452,24.6685],[124.7244,24.66883],[124.72468,24.66851],[124.72452,24.6685]]],[[[124.68961,24.63882],[124.68937,24.63877],[124.68954,24.63892],[124.68961,24.63882]]],[[[124.67047,24.6576],[124.67036,24.65738],[124.67034,24.65759],[124.67047,24.6576]]]]}},{"type":"Feature","properties":{"pref":"沖縄県","name":"大宜味村","type":"村","code":"47302","region":"47"},"geometry":{"type":"MultiPolygon","coordinates":[[[[128.08042,26.64601],[128.08045,26.64598],[128.0804,26.64598],[128.08042,26.64601]]],[[[128.08389,26.65018],[128.08394,26.64987],[128.08377,26.6499],[128.08389,26.65018]]],[[[128.08535,26.6509],[128.08545,26.65086],[128.08537,26.65082],[128.08535,26.6509]]],[[[128.08564,26.65074],[128.08571,26.65084],[128.08572,26.65077],[128.08564,26.65074]]],[[[128.08807,26.65144],[128.08806,26.65152],[128.08816,26.65145],[128.08807,26.65144]]],[[[128.08803,26.65153],[128.08817,26.65161],[128.08822,26.65156],[128.08803,26.65153]]],[[[128.13064,26.70584],[128.13081,26.70583],[128.13074,26.70574],[128.13064,26.70584]]],[[[128.10376,26.66452],[128.09753,26.66782],[128.10136,26.67016],[128.10646,26.66637],[128.10413,26.6668],[128.10376,26.66452]]],[[[128.08531,26.62912],[128.08039,26.64587],[128.0833,26.64698],[128.08414,26.64982],[128.08802,26.65055],[128.09713,26.66217],[128.10007,26.66088],[128.10358,26.66422],[128.10832,26.66261],[128.11227,26.66842],[128.11339,26.66275],[128.11041,26.66031],[128.11124,26.65932],[128.11477,26.66103],[128.11502,26.66346],[128.11738,26.65901],[128.1246,26.66178],[128.12132,26.66434],[128.12316,26.66537],[128.12152,26.66771],[128.11409,26.67153],[128.10827,26.67214],[128.10709,26.66895],[128.1041,26.67431],[128.10254,26.67317],[128.10292,26.67532],[128.09825,26.67909],[128.10285,26.68481],[128.10453,26.68422],[128.10364,26.68567],[128.10636,26.69015],[128.11281,26.69569],[128.11767,26.70331],[128.12525,26.70303],[128.14131,26.7077],[128.15416,26.71794],[128.16137,26.71338],[128.16843,26.71177],[128.1727,26.70621],[128.19029,26.6999],[128.2001,26.68963],[128.19289,26.68344],[128.19228,26.67768],[128.18815,26.67474],[128.18663,26.67038],[128.18052,26.66894],[128.17867,26.66557],[128.17587,26.66522],[128.16914,26.65248],[128.16323,26.65048],[128.15718,26.64177],[128.15315,26.64452],[128.14746,26.64348],[128.14491,26.64759],[128.14278,26.64624],[128.13838,26.64842],[128.13335,26.64773],[128.12868,26.63846],[128.12512,26.6411],[128.12248,26.63723],[128.11885,26.63572],[128.117,26.62963],[128.1136,26.63206],[128.10948,26.63052],[128.10739,26.62729],[128.10892,26.62222],[128.09876,26.61488],[128.09626,26.62017],[128.08531,26.62912]]],[[[128.14659,26.71368],[128.14665,26.71376],[128.14667,26.71369],[128.14659,26.71368]]]]}},{"type":"Feature","properties":{"pref":"沖縄県","name":"宜野座村","type":"村","code":"47313","region":"47"},"geometry":{"type":"MultiPolygon","coordinates":[[[[127.95095,26.46605],[127.95091,26.46609],[127.95096,26.46609],[127.95095,26.46605]]],[[[127.95079,26.4662],[127.95092,26.46625],[127.95089,26.46619],[127.95079,26.4662]]],[[[127.95129,26.46627],[127.95124,26.46631],[127.9513,26.46633],[127.95129,26.46627]]],[[[127.95093,26.4663],[127.95105,26.4665],[127.95111,26.46642],[127.95093,26.4663]]],[[[127.95126,26.46653],[127.95118,26.4666],[127.95131,26.46662],[127.95126,26.46653]]],[[[127.95134,26.46713],[127.95144,26.46703],[127.95132,26.46704],[127.95134,26.46713]]],[[[127.96624,26.46771],[127.96621,26.46781],[127.96626,26.46778],[127.96624,26.46771]]],[[[127.96783,26.46779],[127.96793,26.46779],[127.96788,26.46774],[127.96783,26.46779]]],[[[127.96806,26.46798],[127.96804,26.46808],[127.96811,26.46806],[127.96806,26.46798]]],[[[127.96817,26.46784],[127.96814,26.468],[127.96825,26.46794],[127.96817,26.46784]]],[[[127.97519,26.46973],[127.97518,26.46979],[127.97524,26.46978],[127.97519,26.46973]]],[[[127.97553,26.47012],[127.9755,26.47021],[127.97555,26.4702],[127.97553,26.47012]]],[[[127.982,26.47232],[127.98211,26.47236],[127.98203,26.47228],[127.982,26.47232]]],[[[127.98738,26.4741],[127.98747,26.47413],[127.98745,26.47409],[127.98738,26.4741]]],[[[127.98783,26.47404],[127.98785,26.47412],[127.98789,26.47409],[127.98783,26.47404]]],[[[127.98839,26.474],[127.98845,26.47405],[127.98845,26.47402],[127.98839,26.474]]],[[[127.98859,26.47394],[127.9887,26.47402],[127.98872,26.47397],[127.98859,26.47394]]],[[[127.98841,26.47421],[127.98851,26.47424],[127.98844,26.47417],[127.98841,26.47421]]],[[[127.98995,26.47454],[127.98999,26.47465],[127.99003,26.47457],[127.98995,26.47454]]],[[[127.98948,26.47467],[127.98953,26.47475],[127.98956,26.47471],[127.98948,26.47467]]],[[[127.99034,26.47453],[127.99032,26.47464],[127.99039,26.4746],[127.99034,26.47453]]],[[[127.9904,26.47501],[127.99045,26.47492],[127.99039,26.47495],[127.9904,26.47501]]],[[[127.99055,26.47491],[127.99066,26.47496],[127.99061,26.47487],[127.99055,26.47491]]],[[[127.99098,26.47548],[127.99119,26.47552],[127.99113,26.47543],[127.99098,26.47548]]],[[[127.99119,26.47483],[127.99141,26.47488],[127.99134,26.47477],[127.99119,26.47483]]],[[[127.99143,26.47717],[127.99133,26.47712],[127.99135,26.47722],[127.99143,26.47717]]],[[[127.99841,26.48091],[127.99852,26.48097],[127.9985,26.48089],[127.99841,26.48091]]],[[[127.99153,26.48103],[127.99155,26.48112],[127.99158,26.48106],[127.99153,26.48103]]],[[[127.99864,26.48099],[127.99882,26.48123],[127.9989,26.48105],[127.99864,26.48099]]],[[[128.00068,26.48265],[128.00068,26.48277],[128.00072,26.48274],[128.00068,26.48265]]],[[[128.00112,26.48284],[128.00114,26.48294],[128.00118,26.48288],[128.00112,26.48284]]],[[[128.00117,26.48277],[128.00125,26.48282],[128.0012,26.48275],[128.00117,26.48277]]],[[[128.00186,26.48408],[128.0019,26.48429],[128.00202,26.48409],[128.00186,26.48408]]],[[[127.99896,26.49566],[127.99906,26.49568],[127.99905,26.49564],[127.99896,26.49566]]],[[[128.00238,26.48888],[128.00245,26.48899],[128.00249,26.48891],[128.00238,26.48888]]],[[[128.00233,26.48962],[128.0024,26.48974],[128.00239,26.48961],[128.00233,26.48962]]],[[[127.94913,26.46504],[127.94924,26.46499],[127.94921,26.46494],[127.94913,26.46504]]],[[[127.94968,26.46564],[127.94966,26.46572],[127.94976,26.46571],[127.94968,26.46564]]],[[[127.95059,26.466],[127.95056,26.46606],[127.95066,26.46605],[127.95059,26.466]]],[[[127.95468,26.47337],[127.95475,26.47329],[127.95468,26.47329],[127.95468,26.47337]]],[[[127.96254,26.47124],[127.96269,26.47121],[127.96258,26.47112],[127.96254,26.47124]]],[[[127.93864,26.48299],[127.92711,26.49632],[127.92986,26.50223],[127.93495,26.50467],[127.93573,26.50793],[127.94397,26.51165],[127.95374,26.5109],[127.95681,26.51234],[127.95925,26.51411],[127.95849,26.51749],[127.96234,26.51851],[127.96529,26.52244],[127.97364,26.52297],[127.97433,26.52982],[127.979,26.52702],[127.97934,26.52496],[127.97707,26.52398],[127.97972,26.52043],[127.99215,26.51847],[127.99377,26.5153],[127.99703,26.51417],[127.99766,26.50969],[127.99157,26.50426],[127.99393,26.50234],[127.99431,26.49885],[128.0009,26.4943],[128.00236,26.48575],[127.99917,26.48144],[127.9897,26.48072],[127.99287,26.4785],[127.9927,26.47687],[127.99192,26.47815],[127.99057,26.47682],[127.99109,26.47505],[127.96729,26.46774],[127.96517,26.46805],[127.96187,26.47328],[127.9582,26.47333],[127.95782,26.47177],[127.95585,26.47147],[127.95769,26.47334],[127.9534,26.47366],[127.95036,26.4714],[127.95091,26.46652],[127.94707,26.46458],[127.94118,26.47106],[127.93864,26.48299]]],[[[128.00221,26.48503],[128.00219,26.48512],[128.00226,26.48507],[128.00221,26.48503]]],[[[128.00238,26.48477],[128.00276,26.48509],[128.00288,26.4849],[128.00238,26.48477]]],[[[127.96507,26.46838],[127.96507,26.46848],[127.96512,26.46839],[127.96507,26.46838]]],[[[127.96302,26.47058],[127.96309,26.47064],[127.96308,26.47056],[127.96302,26.47058]]]]}},{"type":"Feature","properties":{"pref":"沖縄県","name":"宜野湾市","type":"市","code":"47205","region":"47"},"geometry":{"type":"Polygon","coordinates":[[[127.75704,26.25],[127.75199,26.2529],[127.74943,26.25236],[127.74225,26.25797],[127.73944,26.25733],[127.73882,26.2534],[127.73186,26.25507],[127.73195,26.25913],[127.72817,26.26146],[127.73023,26.26608],[127.72936,26.26756],[127.7271,26.26689],[127.72429,26.27281],[127.72722,26.27453],[127.7261,26.27406],[127.7263,26.27825],[127.72848,26.27615],[127.73163,26.27857],[127.73015,26.28012],[127.72498,26.27836],[127.72496,26.27841],[127.73077,26.28037],[127.73111,26.28319],[127.73815,26.28318],[127.73876,26.28096],[127.74106,26.28129],[127.74073,26.28353],[127.73944,26.28334],[127.73807,26.28476],[127.74112,26.28402],[127.74204,26.2861],[127.74311,26.28477],[127.7441,26.28742],[127.74156,26.28659],[127.74271,26.28824],[127.74497,26.28751],[127.75134,26.29035],[127.75285,26.29579],[127.76192,26.29319],[127.76717,26.29787],[127.77935,26.29619],[127.77973,26.29416],[127.78177,26.29508],[127.78685,26.28585],[127.78354,26.28353],[127.77393,26.26939],[127.77127,26.26204],[127.7673,26.25866],[127.76926,26.25409],[127.76674,26.25452],[127.76626,26.25672],[127.76324,26.2528],[127.76006,26.25273],[127.75704,26.25]]]}},{"type":"Feature","properties":{"pref":"沖縄県","name":"宮古島市","type":"市","code":"47214","region":"47"},"geometry":{"type":"MultiPolygon","coordinates":[[[[125.25879,24.82749],[125.25975,24.83648],[125.25986,24.83647],[125.25889,24.82749],[125.26226,24.81524],[125.25879,24.82749]]],[[[125.2446,24.73138],[125.25724,24.72466],[125.25592,24.72312],[125.25836,24.71915],[125.25663,24.71544],[125.24536,24.71341],[125.23884,24.72002],[125.24065,24.73131],[125.2446,24.73138]]],[[[125.27268,24.75401],[125.27275,24.75403],[125.27273,24.75398],[125.27268,24.75401]]],[[[125.27285,24.75407],[125.27293,24.75394],[125.2728,24.75402],[125.27285,24.75407]]],[[[125.27384,24.7537],[125.27381,24.75376],[125.27388,24.75378],[125.27384,24.7537]]],[[[125.27432,24.75325],[125.27431,24.7532],[125.27429,24.75324],[125.27432,24.75325]]],[[[125.27456,24.75299],[125.27451,24.75302],[125.27456,24.753],[125.27456,24.75299]]],[[[125.2771,24.75267],[125.27737,24.75329],[125.27763,24.7531],[125.2771,24.75267]]],[[[125.27773,24.83725],[125.27773,24.83719],[125.27771,24.83721],[125.27773,24.83725]]],[[[125.27785,24.83734],[125.27789,24.83738],[125.27789,24.83733],[125.27785,24.83734]]],[[[125.27868,24.83879],[125.27868,24.83876],[125.27865,24.83877],[125.27868,24.83879]]],[[[125.28032,24.8395],[125.28031,24.83948],[125.2803,24.83949],[125.28032,24.8395]]],[[[125.27697,24.87418],[125.27697,24.8741],[125.27691,24.87411],[125.27697,24.87418]]],[[[125.27712,24.87416],[125.27725,24.87406],[125.27713,24.87405],[125.27712,24.87416]]],[[[125.2808,24.86968],[125.28082,24.86958],[125.28072,24.86959],[125.2808,24.86968]]],[[[125.28116,24.8695],[125.28117,24.86946],[125.28114,24.86948],[125.28116,24.8695]]],[[[125.27755,24.87409],[125.27759,24.87405],[125.27754,24.87405],[125.27755,24.87409]]],[[[125.25745,24.90585],[125.25741,24.90578],[125.25737,24.90584],[125.25745,24.90585]]],[[[125.26437,24.89746],[125.26433,24.89741],[125.26431,24.89745],[125.26437,24.89746]]],[[[125.25984,24.90551],[125.25975,24.9054],[125.25973,24.90547],[125.25984,24.90551]]],[[[125.26051,24.90556],[125.26051,24.9055],[125.26049,24.9055],[125.26051,24.90556]]],[[[125.2637,24.89934],[125.26368,24.89931],[125.26361,24.89937],[125.2637,24.89934]]],[[[125.26281,24.89981],[125.26278,24.89983],[125.26282,24.89984],[125.26281,24.89981]]],[[[125.26299,24.90077],[125.26299,24.90081],[125.26302,24.9008],[125.26299,24.90077]]],[[[125.26298,24.90085],[125.26269,24.90088],[125.26256,24.90103],[125.26298,24.90085]]],[[[125.26329,24.90057],[125.26324,24.90053],[125.26324,24.90056],[125.26329,24.90057]]],[[[125.26382,24.89925],[125.26385,24.89931],[125.26384,24.89925],[125.26382,24.89925]]],[[[125.27189,24.90331],[125.27185,24.90326],[125.27185,24.90331],[125.27189,24.90331]]],[[[125.27182,24.90341],[125.27182,24.90335],[125.2718,24.9034],[125.27182,24.90341]]],[[[125.25742,24.90876],[125.25741,24.9087],[125.25739,24.90872],[125.25742,24.90876]]],[[[125.25751,24.90879],[125.25746,24.90878],[125.25747,24.90882],[125.25751,24.90879]]],[[[125.25976,24.90661],[125.25972,24.90659],[125.25972,24.90661],[125.25976,24.90661]]],[[[125.25977,24.90637],[125.25983,24.90632],[125.25977,24.90634],[125.25977,24.90637]]],[[[125.26023,24.9076],[125.2602,24.90756],[125.26019,24.90761],[125.26023,24.9076]]],[[[125.26046,24.90733],[125.26042,24.90733],[125.26044,24.90734],[125.26046,24.90733]]],[[[125.26032,24.90759],[125.26025,24.90761],[125.26027,24.90764],[125.26032,24.90759]]],[[[125.26935,24.80947],[125.26757,24.80622],[125.2695,24.81082],[125.26935,24.80947]]],[[[125.26808,24.81063],[125.26533,24.81323],[125.26814,24.81068],[125.26808,24.81063]]],[[[125.27239,24.83311],[125.27523,24.83394],[125.27525,24.83385],[125.27239,24.83311]]],[[[125.27568,24.8147],[125.27005,24.81352],[125.27571,24.8149],[125.27798,24.81806],[125.27914,24.81524],[125.2778,24.81627],[125.27568,24.8147]]],[[[125.26764,24.83184],[125.26408,24.83106],[125.27183,24.83294],[125.26764,24.83184]]],[[[125.25668,24.71561],[125.25671,24.71558],[125.25668,24.71557],[125.25668,24.71561]]],[[[125.25657,24.71654],[125.25656,24.71649],[125.25654,24.71653],[125.25657,24.71654]]],[[[125.25664,24.71646],[125.25667,24.71639],[125.25661,24.71642],[125.25664,24.71646]]],[[[125.25665,24.7165],[125.25661,24.71647],[125.2566,24.71649],[125.25665,24.7165]]],[[[125.2567,24.71649],[125.25672,24.71644],[125.25667,24.71646],[125.2567,24.71649]]],[[[125.25678,24.71658],[125.25672,24.71652],[125.25675,24.7166],[125.25678,24.71658]]],[[[125.25662,24.71661],[125.2567,24.71652],[125.25662,24.71651],[125.25662,24.71661]]],[[[125.25822,24.72504],[125.258,24.72389],[125.25797,24.72389],[125.25822,24.72504]]],[[[125.27101,24.7297],[125.27099,24.72961],[125.27096,24.72962],[125.27101,24.7297]]],[[[125.28018,24.72502],[125.2802,24.72495],[125.28016,24.72497],[125.28018,24.72502]]],[[[125.27934,24.72567],[125.27943,24.72556],[125.27936,24.72561],[125.27934,24.72567]]],[[[125.27935,24.72572],[125.27939,24.72568],[125.27933,24.72569],[125.27935,24.72572]]],[[[125.28137,24.72506],[125.28138,24.72501],[125.28136,24.72502],[125.28137,24.72506]]],[[[125.27213,24.75438],[125.272,24.75441],[125.27202,24.75454],[125.27213,24.75438]]],[[[125.27232,24.75434],[125.2726,24.75431],[125.2723,24.75431],[125.27232,24.75434]]],[[[125.26285,24.8001],[125.26285,24.80006],[125.26283,24.80009],[125.26285,24.8001]]],[[[125.26487,24.79926],[125.26483,24.79934],[125.26487,24.79934],[125.26487,24.79926]]],[[[125.26501,24.79925],[125.26499,24.79932],[125.26503,24.7993],[125.26501,24.79925]]],[[[125.26547,24.79916],[125.26548,24.79919],[125.26549,24.79917],[125.26547,24.79916]]],[[[125.26499,24.80029],[125.26515,24.80023],[125.26493,24.80023],[125.26499,24.80029]]],[[[125.26531,24.8034],[125.26571,24.80283],[125.26563,24.80274],[125.26531,24.8034]]],[[[125.25668,24.79801],[125.25653,24.80352],[125.26095,24.80243],[125.26502,24.80411],[125.26599,24.80423],[125.26299,24.80293],[125.26336,24.79967],[125.26124,24.80117],[125.25901,24.79578],[125.25668,24.79801]]],[[[125.27897,24.76875],[125.27887,24.76858],[125.27888,24.76877],[125.27897,24.76875]]],[[[125.27782,24.77088],[125.27776,24.7709],[125.27778,24.77093],[125.27782,24.77088]]],[[[125.26625,24.80023],[125.26623,24.80021],[125.26621,24.80022],[125.26625,24.80023]]],[[[125.26615,24.80046],[125.26614,24.80035],[125.26607,24.80045],[125.26615,24.80046]]],[[[125.28007,24.76559],[125.28147,24.7648],[125.28184,24.76327],[125.28007,24.76559]]],[[[125.27259,24.77426],[125.27281,24.77294],[125.27206,24.77408],[125.27259,24.77426]]],[[[125.2572,24.78217],[125.25725,24.78146],[125.25663,24.78238],[125.2572,24.78217]]],[[[125.25945,24.77811],[125.25872,24.78046],[125.25994,24.77773],[125.25945,24.77811]]],[[[125.26204,24.7345],[125.25249,24.75651],[125.25646,24.7588],[125.26209,24.76926],[125.26254,24.76463],[125.26036,24.75958],[125.26646,24.75133],[125.27214,24.75417],[125.27622,24.75224],[125.27735,24.74964],[125.28523,24.75313],[125.28206,24.75515],[125.28323,24.75849],[125.28198,24.7603],[125.28336,24.76057],[125.28123,24.76106],[125.28237,24.76444],[125.27607,24.77258],[125.27774,24.77342],[125.268,24.78398],[125.26566,24.78165],[125.26315,24.78417],[125.26308,24.78164],[125.25934,24.78399],[125.2566,24.7879],[125.25605,24.79466],[125.26087,24.79715],[125.2615,24.80115],[125.26637,24.79902],[125.26759,24.80427],[125.2694,24.80238],[125.27206,24.80323],[125.27252,24.80387],[125.27171,24.80455],[125.27165,24.80564],[125.27253,24.80436],[125.27374,24.80555],[125.27141,24.80613],[125.27509,24.80663],[125.27271,24.80814],[125.27439,24.8098],[125.27906,24.8093],[125.27684,24.812],[125.2783,24.81439],[125.27978,24.81227],[125.28136,24.81598],[125.27992,24.81617],[125.27996,24.8196],[125.27665,24.81807],[125.27996,24.81974],[125.27862,24.821],[125.278,24.82292],[125.2807,24.82462],[125.27682,24.83338],[125.27825,24.83836],[125.28199,24.84168],[125.28627,24.83973],[125.28617,24.84381],[125.28971,24.83883],[125.29415,24.83842],[125.29374,24.8365],[125.29503,24.83738],[125.29505,24.83634],[125.2957,24.83526],[125.29662,24.83647],[125.29543,24.83948],[125.29305,24.8394],[125.29532,24.84012],[125.29309,24.84245],[125.29641,24.84547],[125.29533,24.84953],[125.28941,24.85749],[125.28552,24.85812],[125.28383,24.86646],[125.28301,24.86663],[125.28027,24.86884],[125.28206,24.86826],[125.27773,24.87281],[125.27857,24.87425],[125.27649,24.87434],[125.27861,24.87602],[125.27482,24.87678],[125.27513,24.88003],[125.27272,24.88025],[125.27351,24.88399],[125.27184,24.88398],[125.27037,24.88727],[125.27129,24.89307],[125.26428,24.89777],[125.26074,24.90589],[125.25521,24.91013],[125.2594,24.90853],[125.26456,24.90264],[125.26637,24.90344],[125.26491,24.90349],[125.2641,24.90449],[125.26643,24.90347],[125.26626,24.90242],[125.26792,24.9025],[125.27056,24.90638],[125.26791,24.91403],[125.27111,24.90865],[125.2721,24.90219],[125.28215,24.89354],[125.28508,24.8826],[125.29525,24.87715],[125.29589,24.87887],[125.29846,24.87867],[125.29932,24.8735],[125.30613,24.86128],[125.30578,24.84976],[125.31311,24.83682],[125.31261,24.83826],[125.31838,24.83253],[125.3203,24.83288],[125.32161,24.83083],[125.32128,24.83304],[125.32228,24.83044],[125.32515,24.83048],[125.33562,24.82195],[125.33181,24.8177],[125.33076,24.81109],[125.33141,24.80511],[125.3344,24.80396],[125.33197,24.80417],[125.33531,24.8025],[125.33614,24.79803],[125.34629,24.79617],[125.35473,24.78881],[125.36478,24.78919],[125.36935,24.7925],[125.38335,24.78757],[125.38893,24.78353],[125.39128,24.77474],[125.39561,24.77093],[125.39723,24.77195],[125.39873,24.77165],[125.39669,24.77105],[125.39858,24.77107],[125.39789,24.76974],[125.40117,24.76701],[125.40766,24.76684],[125.41258,24.76363],[125.41813,24.76443],[125.41902,24.76245],[125.42643,24.76002],[125.43347,24.76093],[125.44067,24.75487],[125.44295,24.74663],[125.4545,24.73496],[125.45478,24.73249],[125.4693,24.71906],[125.46305,24.72172],[125.45409,24.73071],[125.44999,24.72943],[125.44962,24.7256],[125.4463,24.72507],[125.43918,24.72975],[125.43707,24.72816],[125.431,24.7295],[125.42485,24.72635],[125.40635,24.7301],[125.40327,24.72858],[125.39199,24.7292],[125.3835,24.72507],[125.37756,24.72466],[125.3705,24.72942],[125.36337,24.72609],[125.36368,24.72435],[125.3618,24.7233],[125.36302,24.72418],[125.36165,24.72529],[125.35858,24.72357],[125.35598,24.72483],[125.3589,24.72254],[125.34738,24.7213],[125.34631,24.7194],[125.34112,24.72019],[125.34151,24.71708],[125.33127,24.71962],[125.3293,24.71769],[125.32654,24.71736],[125.32884,24.71819],[125.32819,24.71971],[125.32347,24.71688],[125.32295,24.71911],[125.32082,24.71859],[125.32238,24.71844],[125.32281,24.7173],[125.31819,24.71577],[125.31755,24.71306],[125.3088,24.71152],[125.30657,24.71286],[125.30705,24.71478],[125.30559,24.71258],[125.29638,24.72048],[125.29876,24.72672],[125.29859,24.73299],[125.29431,24.73372],[125.29475,24.7284],[125.29753,24.72539],[125.29489,24.71828],[125.29004,24.723],[125.28053,24.72625],[125.27928,24.72459],[125.2767,24.72763],[125.27113,24.7294],[125.26869,24.73284],[125.26204,24.7345]]],[[[125.35209,24.79035],[125.35211,24.79043],[125.35216,24.79039],[125.35209,24.79035]]],[[[125.35175,24.79121],[125.3518,24.79124],[125.35181,24.7912],[125.35175,24.79121]]],[[[125.36639,24.79181],[125.36633,24.79175],[125.36633,24.7918],[125.36639,24.79181]]],[[[125.36635,24.79195],[125.36635,24.79185],[125.36631,24.79187],[125.36635,24.79195]]],[[[125.36841,24.79258],[125.36833,24.79254],[125.36833,24.79261],[125.36841,24.79258]]],[[[125.36845,24.79296],[125.36837,24.79294],[125.36843,24.79301],[125.36845,24.79296]]],[[[125.36899,24.79264],[125.36887,24.79267],[125.36896,24.79269],[125.36899,24.79264]]],[[[125.37053,24.79222],[125.37047,24.79213],[125.37045,24.79221],[125.37053,24.79222]]],[[[125.37054,24.79248],[125.37047,24.79234],[125.37048,24.79248],[125.37054,24.79248]]],[[[125.37073,24.79234],[125.37077,24.79225],[125.37071,24.7923],[125.37073,24.79234]]],[[[125.30341,24.9226],[125.30336,24.92259],[125.3034,24.92262],[125.30341,24.9226]]],[[[125.30357,24.92274],[125.30347,24.9226],[125.30324,24.92277],[125.30357,24.92274]]],[[[125.30365,24.92214],[125.30365,24.92206],[125.3036,24.92218],[125.30365,24.92214]]],[[[125.30362,24.92244],[125.30359,24.92239],[125.30359,24.92244],[125.30362,24.92244]]],[[[125.30363,24.92297],[125.3036,24.92298],[125.30362,24.92301],[125.30363,24.92297]]],[[[125.30387,24.92229],[125.30389,24.92225],[125.30383,24.92227],[125.30387,24.92229]]],[[[125.30374,24.9226],[125.30371,24.92265],[125.30375,24.92269],[125.30374,24.9226]]],[[[125.304,24.92285],[125.30393,24.92275],[125.3039,24.92281],[125.304,24.92285]]],[[[125.30415,24.923],[125.30409,24.92303],[125.3041,24.92306],[125.30415,24.923]]],[[[125.305,24.92249],[125.30499,24.92239],[125.30495,24.92242],[125.305,24.92249]]],[[[125.3051,24.92253],[125.30511,24.9225],[125.30508,24.92252],[125.3051,24.92253]]],[[[125.30514,24.92258],[125.30506,24.92259],[125.3051,24.92264],[125.30514,24.92258]]],[[[125.30503,24.92276],[125.30498,24.92276],[125.30499,24.9228],[125.30503,24.92276]]],[[[125.30518,24.92236],[125.30527,24.92227],[125.30514,24.92226],[125.30518,24.92236]]],[[[125.30543,24.92221],[125.30544,24.92211],[125.3054,24.92213],[125.30543,24.92221]]],[[[125.30532,24.92257],[125.30516,24.92247],[125.30518,24.92269],[125.30532,24.92257]]],[[[125.35849,24.98036],[125.35864,24.98023],[125.35854,24.98019],[125.35849,24.98036]]],[[[125.35929,24.98048],[125.35938,24.98037],[125.3593,24.98035],[125.35929,24.98048]]],[[[125.35883,24.97989],[125.3596,24.98012],[125.35994,24.97939],[125.35883,24.97989]]],[[[125.36004,24.97951],[125.36016,24.97953],[125.3601,24.97947],[125.36004,24.97951]]],[[[125.30554,24.91972],[125.30553,24.91967],[125.30551,24.91971],[125.30554,24.91972]]],[[[125.30547,24.91985],[125.30549,24.91978],[125.30546,24.91984],[125.30547,24.91985]]],[[[125.30577,24.9187],[125.30572,24.91867],[125.30572,24.91873],[125.30577,24.9187]]],[[[125.3057,24.91957],[125.3057,24.91952],[125.30568,24.91956],[125.3057,24.91957]]],[[[125.30595,24.91983],[125.30588,24.91978],[125.30585,24.91984],[125.30595,24.91983]]],[[[125.30541,24.92012],[125.30532,24.92016],[125.30531,24.92021],[125.30541,24.92012]]],[[[125.30551,24.92003],[125.3055,24.91997],[125.30545,24.92002],[125.30551,24.92003]]],[[[125.30607,24.91992],[125.30604,24.91997],[125.30608,24.91999],[125.30607,24.91992]]],[[[125.30608,24.92015],[125.30604,24.9201],[125.30603,24.92015],[125.30608,24.92015]]],[[[125.30693,24.91999],[125.30683,24.91999],[125.30686,24.92009],[125.30693,24.91999]]],[[[125.3099,24.91768],[125.30982,24.91771],[125.30987,24.91773],[125.3099,24.91768]]],[[[125.30885,24.91873],[125.30878,24.91882],[125.30886,24.91884],[125.30885,24.91873]]],[[[125.30919,24.91827],[125.30913,24.91825],[125.30914,24.91826],[125.30919,24.91827]]],[[[125.30957,24.91809],[125.30949,24.91809],[125.30948,24.91817],[125.30957,24.91809]]],[[[125.30889,24.91916],[125.3088,24.91919],[125.30883,24.91924],[125.30889,24.91916]]],[[[125.30381,24.92193],[125.30393,24.92179],[125.30388,24.92172],[125.30381,24.92193]]],[[[125.30432,24.92129],[125.30437,24.92127],[125.30431,24.92127],[125.30432,24.92129]]],[[[125.31011,24.91418],[125.31002,24.91412],[125.31004,24.91419],[125.31011,24.91418]]],[[[125.31008,24.91437],[125.31007,24.91447],[125.31011,24.91438],[125.31008,24.91437]]],[[[125.31013,24.9144],[125.3102,24.91448],[125.31019,24.91439],[125.31013,24.9144]]],[[[125.31033,24.91439],[125.3104,24.91443],[125.31033,24.91438],[125.31033,24.91439]]],[[[125.31035,24.9146],[125.31031,24.9145],[125.31027,24.91458],[125.31035,24.9146]]],[[[125.31154,24.91418],[125.31135,24.91425],[125.31151,24.91429],[125.31154,24.91418]]],[[[125.31126,24.9145],[125.31121,24.91451],[125.31125,24.91455],[125.31126,24.9145]]],[[[125.48297,24.72323],[125.48309,24.72345],[125.48317,24.72321],[125.48297,24.72323]]],[[[125.48383,24.72372],[125.48396,24.72382],[125.48387,24.72368],[125.48383,24.72372]]],[[[125.48375,24.72346],[125.48289,24.72419],[125.48441,24.72455],[125.48375,24.72346]]],[[[125.47559,24.72437],[125.47565,24.72435],[125.47564,24.7243],[125.47559,24.72437]]],[[[125.47599,24.72442],[125.47576,24.72428],[125.47568,24.72435],[125.47599,24.72442]]],[[[125.47627,24.72444],[125.47635,24.72433],[125.47613,24.72436],[125.47627,24.72444]]],[[[125.48211,24.72418],[125.48216,24.72429],[125.4822,24.7242],[125.48211,24.72418]]],[[[125.48255,24.72381],[125.48259,24.72366],[125.4825,24.72371],[125.48255,24.72381]]],[[[125.48265,24.72535],[125.48271,24.72546],[125.4828,24.72541],[125.48265,24.72535]]],[[[125.48256,24.72571],[125.48269,24.72565],[125.48259,24.72563],[125.48256,24.72571]]],[[[125.48303,24.72559],[125.48292,24.7256],[125.48295,24.72566],[125.48303,24.72559]]],[[[125.48345,24.72581],[125.48342,24.72572],[125.48336,24.72581],[125.48345,24.72581]]],[[[125.48234,24.72793],[125.4825,24.72799],[125.48249,24.72796],[125.48234,24.72793]]],[[[125.48263,24.72775],[125.48276,24.72778],[125.48273,24.72773],[125.48263,24.72775]]],[[[125.48246,24.72938],[125.48252,24.72934],[125.48247,24.72933],[125.48246,24.72938]]],[[[125.48262,24.72909],[125.48272,24.72907],[125.48262,24.72907],[125.48262,24.72909]]],[[[125.26762,24.91429],[125.26558,24.9158],[125.26579,24.9161],[125.26762,24.91429]]],[[[125.23931,24.93889],[125.23929,24.93887],[125.23927,24.93889],[125.23931,24.93889]]],[[[125.24308,24.93938],[125.2435,24.93908],[125.24261,24.93936],[125.24308,24.93938]]],[[[125.23113,25.04585],[125.23118,25.04592],[125.23119,25.04588],[125.23113,25.04585]]],[[[125.23066,25.04623],[125.2307,25.0464],[125.23079,25.04633],[125.23066,25.04623]]],[[[125.23135,25.04615],[125.23143,25.0462],[125.23141,25.04614],[125.23135,25.04615]]],[[[125.23185,25.04566],[125.23193,25.0458],[125.23199,25.04574],[125.23185,25.04566]]],[[[125.23307,25.04566],[125.233,25.0458],[125.23312,25.0458],[125.23307,25.04566]]],[[[125.22847,25.04705],[125.22854,25.04719],[125.22859,25.04713],[125.22847,25.04705]]],[[[125.22803,25.0474],[125.22812,25.0475],[125.22815,25.04744],[125.22803,25.0474]]],[[[125.22894,25.04711],[125.22903,25.04724],[125.22906,25.04714],[125.22894,25.04711]]],[[[125.13496,24.83492],[125.13473,24.83488],[125.13468,24.8349],[125.13496,24.83492]]],[[[125.38821,24.78429],[125.38811,24.78438],[125.38825,24.78436],[125.38821,24.78429]]],[[[125.38853,24.78425],[125.38842,24.78424],[125.38844,24.78432],[125.38853,24.78425]]],[[[125.41614,24.76439],[125.41621,24.76435],[125.41613,24.76431],[125.41614,24.76439]]],[[[125.41635,24.76451],[125.41633,24.76445],[125.41628,24.76448],[125.41635,24.76451]]],[[[125.41666,24.76446],[125.41659,24.76439],[125.41656,24.76446],[125.41666,24.76446]]],[[[125.41799,24.76446],[125.41787,24.76452],[125.41801,24.76452],[125.41799,24.76446]]],[[[125.41791,24.76461],[125.41782,24.76459],[125.41781,24.76462],[125.41791,24.76461]]],[[[125.41888,24.76366],[125.41899,24.76368],[125.41893,24.76362],[125.41888,24.76366]]],[[[125.41848,24.7642],[125.41837,24.76426],[125.41837,24.76429],[125.41848,24.7642]]],[[[125.13445,24.83226],[125.13495,24.83256],[125.13466,24.83208],[125.13445,24.83226]]],[[[125.25243,24.76085],[125.25264,24.76052],[125.25236,24.76071],[125.25243,24.76085]]],[[[125.25183,24.79931],[125.25167,24.79921],[125.25167,24.79935],[125.25183,24.79931]]],[[[125.14626,24.83586],[125.1463,24.83594],[125.14633,24.83589],[125.14626,24.83586]]],[[[125.14663,24.83506],[125.1467,24.83516],[125.14668,24.83503],[125.14663,24.83506]]],[[[125.14782,24.83513],[125.1478,24.8351],[125.1478,24.83514],[125.14782,24.83513]]],[[[125.14787,24.83551],[125.14786,24.83548],[125.14786,24.83552],[125.14787,24.83551]]],[[[125.14805,24.83558],[125.14801,24.83555],[125.14799,24.83559],[125.14805,24.83558]]],[[[125.14881,24.83522],[125.14879,24.8352],[125.14878,24.83523],[125.14881,24.83522]]],[[[125.15031,24.83514],[125.15028,24.83519],[125.15033,24.83517],[125.15031,24.83514]]],[[[125.15179,24.83542],[125.15183,24.83534],[125.15178,24.83537],[125.15179,24.83542]]],[[[125.15245,24.83539],[125.15243,24.83543],[125.15244,24.83543],[125.15245,24.83539]]],[[[125.15266,24.83534],[125.15274,24.83539],[125.15275,24.83534],[125.15266,24.83534]]],[[[125.15489,24.83506],[125.1549,24.83504],[125.15488,24.83505],[125.15489,24.83506]]],[[[125.15416,24.83599],[125.15414,24.83596],[125.15414,24.83599],[125.15416,24.83599]]],[[[125.15442,24.83785],[125.15449,24.83785],[125.15445,24.83782],[125.15442,24.83785]]],[[[125.15483,24.83785],[125.15462,24.83784],[125.15453,24.838],[125.15483,24.83785]]],[[[125.24161,24.71433],[125.24161,24.71429],[125.24158,24.71432],[125.24161,24.71433]]],[[[125.24003,24.71728],[125.2401,24.71726],[125.24009,24.71724],[125.24003,24.71728]]],[[[125.23935,24.71816],[125.23935,24.71814],[125.23934,24.71815],[125.23935,24.71816]]],[[[125.24116,24.71641],[125.24116,24.71637],[125.24115,24.71638],[125.24116,24.71641]]],[[[125.24524,24.71351],[125.24524,24.71348],[125.24523,24.71348],[125.24524,24.71351]]],[[[125.24897,24.71319],[125.24899,24.71315],[125.24896,24.71317],[125.24897,24.71319]]],[[[125.23924,24.71898],[125.23926,24.71893],[125.23922,24.71895],[125.23924,24.71898]]],[[[125.24047,24.72995],[125.2405,24.72991],[125.24048,24.7299],[125.24047,24.72995]]],[[[125.24064,24.73089],[125.24069,24.7309],[125.24068,24.73088],[125.24064,24.73089]]],[[[125.24107,24.73142],[125.24106,24.73138],[125.24104,24.7314],[125.24107,24.73142]]],[[[125.24106,24.7315],[125.24115,24.73146],[125.2411,24.73141],[125.24106,24.7315]]],[[[125.24113,24.73161],[125.24115,24.73154],[125.24111,24.73154],[125.24113,24.73161]]],[[[125.24147,24.73168],[125.24126,24.73164],[125.24134,24.73171],[125.24147,24.73168]]],[[[125.23285,24.93039],[125.2328,24.93033],[125.2328,24.93037],[125.23285,24.93039]]],[[[125.233,24.92996],[125.23301,24.92991],[125.23297,24.92993],[125.233,24.92996]]],[[[125.24527,24.9203],[125.24473,24.92106],[125.24526,24.92042],[125.24527,24.9203]]],[[[125.24716,24.92119],[125.24713,24.92117],[125.24713,24.92119],[125.24716,24.92119]]],[[[125.23749,24.92653],[125.23745,24.9265],[125.23745,24.92652],[125.23749,24.92653]]],[[[125.24158,24.9243],[125.24157,24.92427],[125.24155,24.9243],[125.24158,24.9243]]],[[[125.24163,24.92426],[125.2416,24.92423],[125.2416,24.92427],[125.24163,24.92426]]],[[[125.24178,24.92405],[125.24177,24.92398],[125.24174,24.92403],[125.24178,24.92405]]],[[[125.23854,24.92624],[125.23856,24.9262],[125.23853,24.92619],[125.23854,24.92624]]],[[[125.23886,24.92607],[125.23884,24.92602],[125.23882,24.92606],[125.23886,24.92607]]],[[[125.24221,24.92312],[125.24225,24.92301],[125.24215,24.92305],[125.24221,24.92312]]],[[[125.24588,24.92226],[125.2458,24.92214],[125.24586,24.92228],[125.24588,24.92226]]],[[[125.2547,24.92414],[125.25474,24.9241],[125.25468,24.9241],[125.2547,24.92414]]],[[[125.25455,24.92778],[125.25458,24.92781],[125.25458,24.92779],[125.25455,24.92778]]],[[[125.2503,24.93385],[125.25024,24.93383],[125.25027,24.93386],[125.2503,24.93385]]],[[[125.44523,24.74552],[125.44517,24.74542],[125.44516,24.74554],[125.44523,24.74552]]],[[[125.44863,24.74098],[125.44862,24.74086],[125.44849,24.74092],[125.44863,24.74098]]],[[[125.44896,24.74072],[125.44879,24.74075],[125.44896,24.74073],[125.44896,24.74072]]],[[[125.45148,24.738],[125.45142,24.73783],[125.45134,24.73799],[125.45148,24.738]]],[[[125.44979,24.73998],[125.44958,24.7399],[125.44957,24.73993],[125.44979,24.73998]]],[[[125.44623,24.7434],[125.44615,24.74344],[125.4462,24.74347],[125.44623,24.7434]]],[[[125.45423,24.73547],[125.45389,24.73495],[125.4541,24.73551],[125.45423,24.73547]]],[[[125.45381,24.73577],[125.4539,24.73585],[125.45392,24.7358],[125.45381,24.73577]]],[[[125.45501,24.73529],[125.45493,24.73526],[125.45494,24.7353],[125.45501,24.73529]]],[[[125.45421,24.73605],[125.45421,24.73594],[125.45415,24.73604],[125.45421,24.73605]]],[[[125.45507,24.73518],[125.45517,24.73515],[125.45516,24.73512],[125.45507,24.73518]]],[[[125.16223,24.8651],[125.16218,24.8651],[125.16219,24.86512],[125.16223,24.8651]]],[[[125.16385,24.86519],[125.16407,24.86507],[125.16389,24.86498],[125.16385,24.86519]]],[[[125.16244,24.86527],[125.16243,24.86531],[125.16246,24.86529],[125.16244,24.86527]]],[[[125.16243,24.86536],[125.16241,24.86541],[125.16245,24.86538],[125.16243,24.86536]]],[[[125.16419,24.86443],[125.16418,24.86445],[125.1642,24.86445],[125.16419,24.86443]]],[[[125.16429,24.8644],[125.16429,24.86444],[125.16431,24.86442],[125.16429,24.8644]]],[[[125.16437,24.86454],[125.16443,24.86452],[125.16435,24.86451],[125.16437,24.86454]]],[[[125.16451,24.86459],[125.16453,24.86457],[125.1645,24.86454],[125.16451,24.86459]]],[[[125.17257,24.8629],[125.17246,24.86279],[125.17244,24.86284],[125.17257,24.8629]]],[[[125.20192,24.85019],[125.20198,24.85022],[125.20197,24.85019],[125.20192,24.85019]]],[[[125.20591,24.8472],[125.20595,24.8472],[125.20593,24.84718],[125.20591,24.8472]]],[[[125.20606,24.84725],[125.20603,24.84731],[125.2061,24.84733],[125.20606,24.84725]]],[[[125.20604,24.84738],[125.20597,24.84739],[125.20603,24.84741],[125.20604,24.84738]]],[[[125.20606,24.84723],[125.2061,24.84721],[125.20606,24.84721],[125.20606,24.84723]]],[[[125.20342,24.84921],[125.20333,24.84918],[125.20333,24.84923],[125.20342,24.84921]]],[[[125.2072,24.84701],[125.20726,24.84709],[125.20728,24.84703],[125.2072,24.84701]]],[[[125.20778,24.84721],[125.20792,24.84722],[125.2079,24.84717],[125.20778,24.84721]]],[[[125.20845,24.84713],[125.20834,24.84716],[125.20835,24.8472],[125.20845,24.84713]]],[[[125.20876,24.84715],[125.20877,24.84721],[125.2088,24.84719],[125.20876,24.84715]]],[[[125.20027,24.80325],[125.19763,24.80424],[125.19762,24.8043],[125.20027,24.80325]]],[[[125.19805,24.80518],[125.19801,24.80516],[125.198,24.80518],[125.19805,24.80518]]],[[[125.19814,24.80516],[125.19823,24.80512],[125.19818,24.80507],[125.19814,24.80516]]],[[[125.19921,24.80472],[125.19927,24.80472],[125.19926,24.80467],[125.19921,24.80472]]],[[[125.19941,24.80485],[125.19939,24.80489],[125.19946,24.80499],[125.19941,24.80485]]],[[[125.20779,24.80031],[125.20914,24.80425],[125.2093,24.80426],[125.20779,24.80031]]],[[[125.21316,24.80166],[125.21334,24.80178],[125.21339,24.8017],[125.21316,24.80166]]],[[[125.214,24.80127],[125.21408,24.80156],[125.21421,24.80138],[125.214,24.80127]]],[[[125.21661,24.83176],[125.2166,24.83184],[125.21663,24.8318],[125.21661,24.83176]]],[[[125.21856,24.82912],[125.21849,24.82906],[125.21851,24.82914],[125.21856,24.82912]]],[[[125.21845,24.82912],[125.2184,24.82927],[125.2185,24.82926],[125.21845,24.82912]]],[[[125.21741,24.8303],[125.2175,24.83032],[125.21746,24.83027],[125.21741,24.8303]]],[[[125.21661,24.83227],[125.21663,24.83219],[125.21659,24.83219],[125.21661,24.83227]]],[[[125.33669,24.79813],[125.33676,24.79808],[125.33666,24.79807],[125.33669,24.79813]]],[[[125.33768,24.79755],[125.33805,24.79755],[125.33777,24.79749],[125.33768,24.79755]]],[[[125.34554,24.79636],[125.34557,24.79625],[125.34546,24.79633],[125.34554,24.79636]]],[[[125.34551,24.7964],[125.34554,24.79642],[125.34556,24.79641],[125.34551,24.7964]]],[[[125.34694,24.79582],[125.34701,24.79576],[125.34698,24.79573],[125.34694,24.79582]]],[[[125.34707,24.79587],[125.34708,24.79582],[125.34705,24.79586],[125.34707,24.79587]]],[[[125.34713,24.79594],[125.34716,24.79595],[125.34715,24.79593],[125.34713,24.79594]]],[[[125.35004,24.79369],[125.35008,24.79371],[125.35009,24.79369],[125.35004,24.79369]]],[[[125.35013,24.79339],[125.3502,24.79337],[125.35015,24.79335],[125.35013,24.79339]]],[[[125.34976,24.79396],[125.3498,24.79395],[125.34978,24.79393],[125.34976,24.79396]]],[[[125.32375,24.83054],[125.32385,24.83051],[125.32379,24.83045],[125.32375,24.83054]]],[[[125.32409,24.83088],[125.32404,24.83082],[125.32404,24.83091],[125.32409,24.83088]]],[[[125.32436,24.83032],[125.32442,24.8303],[125.32438,24.83028],[125.32436,24.83032]]],[[[125.32505,24.83057],[125.32499,24.83061],[125.32505,24.83061],[125.32505,24.83057]]],[[[125.32629,24.8291],[125.32635,24.82901],[125.32628,24.82904],[125.32629,24.8291]]],[[[125.14569,24.80631],[125.14556,24.80638],[125.14577,24.80639],[125.14569,24.80631]]],[[[125.14586,24.80659],[125.14593,24.80656],[125.14587,24.80645],[125.14586,24.80659]]],[[[125.14573,24.80663],[125.14574,24.80667],[125.14578,24.80664],[125.14573,24.80663]]],[[[125.15593,24.80462],[125.15597,24.80462],[125.15597,24.80461],[125.15593,24.80462]]],[[[125.1531,24.80501],[125.15314,24.805],[125.15311,24.80499],[125.1531,24.80501]]],[[[125.15563,24.80512],[125.15563,24.80509],[125.1556,24.80511],[125.15563,24.80512]]],[[[125.15651,24.80447],[125.15653,24.8044],[125.15648,24.80444],[125.15651,24.80447]]],[[[125.14497,24.81341],[125.14498,24.81347],[125.145,24.8134],[125.14497,24.81341]]],[[[125.15263,24.80503],[125.15307,24.80514],[125.15265,24.80483],[125.15263,24.80503]]],[[[125.29929,24.71777],[125.29931,24.7177],[125.29929,24.71769],[125.29929,24.71777]]],[[[125.29855,24.72716],[125.2986,24.72701],[125.29843,24.72711],[125.29855,24.72716]]],[[[125.29842,24.7287],[125.2984,24.72874],[125.29845,24.72874],[125.29842,24.7287]]],[[[125.31777,24.71303],[125.31794,24.713],[125.31788,24.7129],[125.31777,24.71303]]],[[[125.31842,24.71305],[125.3185,24.71305],[125.31848,24.71297],[125.31842,24.71305]]],[[[125.31845,24.71523],[125.31852,24.71521],[125.31851,24.71517],[125.31845,24.71523]]],[[[125.32019,24.71547],[125.32035,24.71537],[125.32013,24.71532],[125.32019,24.71547]]],[[[125.34147,24.717],[125.34154,24.71687],[125.34144,24.71699],[125.34147,24.717]]],[[[125.34254,24.71823],[125.3424,24.71812],[125.34236,24.71824],[125.34254,24.71823]]],[[[125.34263,24.71829],[125.34272,24.71814],[125.34257,24.71824],[125.34263,24.71829]]],[[[125.34294,24.71839],[125.34335,24.71845],[125.34286,24.71822],[125.34294,24.71839]]],[[[125.33445,24.71899],[125.33446,24.7189],[125.33441,24.71895],[125.33445,24.71899]]],[[[125.34274,24.7195],[125.34274,24.71944],[125.34272,24.71949],[125.34274,24.7195]]],[[[125.35537,24.7225],[125.35533,24.72244],[125.35525,24.72251],[125.35537,24.7225]]],[[[125.35609,24.72417],[125.356,24.72417],[125.35599,24.7242],[125.35609,24.72417]]],[[[125.35637,24.72423],[125.35642,24.72417],[125.35638,24.72416],[125.35637,24.72423]]],[[[125.35644,24.72414],[125.3565,24.72404],[125.35644,24.72404],[125.35644,24.72414]]],[[[125.30235,24.86892],[125.30235,24.86887],[125.30233,24.86887],[125.30235,24.86892]]],[[[125.30237,24.86904],[125.3023,24.86907],[125.30231,24.86911],[125.30237,24.86904]]],[[[125.30224,24.86932],[125.30225,24.86928],[125.30221,24.86929],[125.30224,24.86932]]],[[[125.28654,24.88241],[125.28662,24.88238],[125.28652,24.88237],[125.28654,24.88241]]],[[[125.28643,24.88269],[125.28685,24.88287],[125.28713,24.88235],[125.28643,24.88269]]],[[[125.28504,24.88684],[125.2852,24.88688],[125.28504,24.88679],[125.28504,24.88684]]],[[[125.28626,24.88353],[125.28617,24.88333],[125.28589,24.88351],[125.28626,24.88353]]],[[[125.28674,24.8838],[125.28696,24.88373],[125.28696,24.88366],[125.28674,24.8838]]],[[[125.28619,24.88653],[125.28628,24.88629],[125.28608,24.88649],[125.28619,24.88653]]],[[[125.2876,24.88352],[125.28752,24.88335],[125.28751,24.88357],[125.2876,24.88352]]],[[[125.28678,24.88473],[125.28787,24.88451],[125.28725,24.88417],[125.28678,24.88473]]],[[[125.28733,24.88523],[125.28728,24.88521],[125.28727,24.88524],[125.28733,24.88523]]],[[[125.2903,24.88068],[125.29038,24.88055],[125.29027,24.88059],[125.2903,24.88068]]],[[[125.29079,24.88026],[125.29087,24.88013],[125.29074,24.88021],[125.29079,24.88026]]],[[[125.29017,24.88122],[125.29015,24.88107],[125.29005,24.88117],[125.29017,24.88122]]],[[[125.29776,24.87955],[125.29777,24.87952],[125.29681,24.87936],[125.29776,24.87955]]],[[[125.28433,24.88492],[125.28645,24.88464],[125.28674,24.88391],[125.28433,24.88492]]],[[[125.28656,24.88587],[125.28468,24.88532],[125.28405,24.88569],[125.28398,24.88678],[125.28587,24.88699],[125.28656,24.88587]]],[[[125.28218,24.76333],[125.28227,24.76324],[125.28224,24.76321],[125.28218,24.76333]]],[[[125.2822,24.76301],[125.28233,24.76287],[125.28222,24.76283],[125.2822,24.76301]]],[[[125.28462,24.83974],[125.2846,24.83971],[125.28461,24.83975],[125.28462,24.83974]]],[[[125.28316,24.84186],[125.28309,24.84172],[125.28301,24.84184],[125.28316,24.84186]]],[[[125.28283,24.84216],[125.28285,24.84212],[125.2828,24.84212],[125.28283,24.84216]]],[[[125.28414,24.84081],[125.28413,24.84076],[125.28411,24.84078],[125.28414,24.84081]]],[[[125.28397,24.84134],[125.284,24.8413],[125.28399,24.84129],[125.28397,24.84134]]],[[[125.28575,24.84146],[125.28573,24.84143],[125.28572,24.84149],[125.28575,24.84146]]],[[[125.28569,24.84193],[125.28567,24.84189],[125.28567,24.84192],[125.28569,24.84193]]],[[[125.28576,24.84187],[125.28578,24.84185],[125.28576,24.84186],[125.28576,24.84187]]],[[[125.28469,24.84901],[125.28507,24.84909],[125.28509,24.84899],[125.28469,24.84901]]],[[[125.28534,24.84799],[125.2856,24.84798],[125.28558,24.84783],[125.28534,24.84799]]],[[[125.28344,24.85486],[125.28362,24.8549],[125.28356,24.85482],[125.28344,24.85486]]],[[[125.28606,24.85748],[125.28591,24.85744],[125.28593,24.85751],[125.28606,24.85748]]],[[[125.28584,24.85789],[125.28604,24.8577],[125.28583,24.85756],[125.28584,24.85789]]],[[[125.28608,24.85775],[125.28611,24.85775],[125.28611,24.85774],[125.28608,24.85775]]],[[[125.28616,24.85782],[125.28618,24.85779],[125.28616,24.85779],[125.28616,24.85782]]],[[[125.28868,24.84288],[125.28861,24.8425],[125.28849,24.84254],[125.28868,24.84288]]],[[[125.28357,24.85617],[125.28253,24.85661],[125.28346,24.85739],[125.28357,24.85617]]],[[[125.28366,24.85144],[125.28381,24.85407],[125.2841,24.85087],[125.28366,24.85144]]],[[[125.28345,24.85932],[125.28346,24.85928],[125.28346,24.85928],[125.28345,24.85932]]],[[[125.28356,24.85934],[125.28359,24.85923],[125.28347,24.85924],[125.28356,24.85934]]],[[[125.28371,24.85931],[125.28373,24.85928],[125.2837,24.85928],[125.28371,24.85931]]],[[[125.28381,24.85935],[125.28384,24.85919],[125.28377,24.85918],[125.28381,24.85935]]],[[[125.28184,24.86116],[125.28175,24.86082],[125.28152,24.861],[125.28184,24.86116]]],[[[125.28212,24.86128],[125.28204,24.86119],[125.28202,24.86123],[125.28212,24.86128]]],[[[125.28286,24.86248],[125.28265,24.86239],[125.28254,24.86258],[125.28286,24.86248]]],[[[125.285,24.86077],[125.28501,24.86074],[125.28499,24.86074],[125.285,24.86077]]],[[[125.28395,24.86202],[125.28425,24.86184],[125.28377,24.86189],[125.28395,24.86202]]],[[[125.28398,24.86241],[125.284,24.86239],[125.28395,24.86239],[125.28398,24.86241]]],[[[125.2822,24.86734],[125.28222,24.86728],[125.28217,24.8673],[125.2822,24.86734]]],[[[125.28208,24.86787],[125.28215,24.86782],[125.28214,24.8678],[125.28208,24.86787]]],[[[125.30334,24.86686],[125.30331,24.86685],[125.30331,24.86686],[125.30334,24.86686]]],[[[125.3033,24.86696],[125.30329,24.86689],[125.30327,24.86692],[125.3033,24.86696]]],[[[125.30463,24.8655],[125.30464,24.86545],[125.30463,24.86544],[125.30463,24.8655]]],[[[125.30243,24.86871],[125.30248,24.86869],[125.30245,24.86867],[125.30243,24.86871]]],[[[125.30251,24.86871],[125.30254,24.86865],[125.3025,24.86867],[125.30251,24.86871]]],[[[125.30493,24.8651],[125.30486,24.8651],[125.30487,24.86512],[125.30493,24.8651]]],[[[125.3047,24.86558],[125.30467,24.86553],[125.30465,24.86556],[125.3047,24.86558]]],[[[125.28368,24.86088],[125.28317,24.86103],[125.28358,24.86117],[125.28368,24.86088]]],[[[125.27304,24.88011],[125.273,24.88],[125.27298,24.88009],[125.27304,24.88011]]],[[[125.2724,24.88102],[125.27234,24.88094],[125.27233,24.88102],[125.2724,24.88102]]],[[[125.27235,24.88237],[125.27241,24.88238],[125.2724,24.88235],[125.27235,24.88237]]],[[[125.27247,24.88234],[125.27252,24.88231],[125.27244,24.88229],[125.27247,24.88234]]],[[[125.27081,24.88586],[125.2708,24.88573],[125.2707,24.88583],[125.27081,24.88586]]],[[[125.27113,24.88671],[125.2711,24.88668],[125.2711,24.88671],[125.27113,24.88671]]],[[[125.27234,24.88337],[125.27241,24.88346],[125.27244,24.88337],[125.27234,24.88337]]],[[[125.27033,24.88721],[125.2703,24.88714],[125.27029,24.88717],[125.27033,24.88721]]],[[[125.27031,24.88731],[125.27022,24.88727],[125.27021,24.8873],[125.27031,24.88731]]],[[[125.27069,24.88683],[125.27078,24.88677],[125.27064,24.88681],[125.27069,24.88683]]],[[[125.27078,24.88687],[125.27069,24.8869],[125.27076,24.88694],[125.27078,24.88687]]],[[[125.27052,24.88715],[125.27056,24.88722],[125.27055,24.88715],[125.27052,24.88715]]],[[[125.2711,24.88681],[125.27108,24.88679],[125.27107,24.8868],[125.2711,24.88681]]],[[[125.27108,24.88689],[125.27104,24.88684],[125.27102,24.88688],[125.27108,24.88689]]],[[[125.27525,24.8767],[125.27525,24.87661],[125.27519,24.87666],[125.27525,24.8767]]],[[[125.27403,24.87886],[125.27405,24.87881],[125.274,24.87886],[125.27403,24.87886]]],[[[125.27545,24.87673],[125.27548,24.87666],[125.27541,24.8767],[125.27545,24.87673]]],[[[125.27591,24.87632],[125.27596,24.87627],[125.27588,24.87631],[125.27591,24.87632]]],[[[125.27731,24.87633],[125.27733,24.87628],[125.27729,24.87629],[125.27731,24.87633]]],[[[125.27625,24.87637],[125.2765,24.87596],[125.27603,24.87631],[125.27625,24.87637]]],[[[125.27052,24.88988],[125.27052,24.88983],[125.2705,24.88988],[125.27052,24.88988]]],[[[125.27072,24.89008],[125.27062,24.89007],[125.27072,24.89012],[125.27072,24.89008]]],[[[125.27029,24.88993],[125.27039,24.88982],[125.27003,24.88991],[125.27029,24.88993]]],[[[125.26427,24.89729],[125.26423,24.89721],[125.26421,24.89731],[125.26427,24.89729]]],[[[125.26506,24.8967],[125.26493,24.89675],[125.26509,24.89676],[125.26506,24.8967]]],[[[125.2648,24.89716],[125.26477,24.89712],[125.26473,24.89717],[125.2648,24.89716]]],[[[125.26977,24.89017],[125.26963,24.89016],[125.26966,24.8902],[125.26977,24.89017]]],[[[125.27136,24.88953],[125.27134,24.88949],[125.27133,24.88952],[125.27136,24.88953]]],[[[125.27128,24.88955],[125.27128,24.88951],[125.27125,24.88954],[125.27128,24.88955]]],[[[125.27131,24.88961],[125.27134,24.88957],[125.2713,24.88958],[125.27131,24.88961]]],[[[125.27144,24.8896],[125.2714,24.8896],[125.27143,24.88962],[125.27144,24.8896]]],[[[125.27081,24.89035],[125.27075,24.89034],[125.27077,24.8904],[125.27081,24.89035]]],[[[125.27146,24.89],[125.27141,24.89001],[125.27145,24.89003],[125.27146,24.89]]],[[[125.27164,24.89029],[125.27163,24.89026],[125.27161,24.89032],[125.27164,24.89029]]],[[[125.26889,24.89273],[125.26902,24.89279],[125.26907,24.89259],[125.26889,24.89273]]],[[[125.26915,24.89267],[125.26912,24.89266],[125.26912,24.89269],[125.26915,24.89267]]],[[[125.26917,24.89263],[125.26918,24.89258],[125.26914,24.89261],[125.26917,24.89263]]],[[[125.26619,24.89604],[125.26588,24.89632],[125.26618,24.89627],[125.26619,24.89604]]],[[[125.26686,24.8952],[125.2668,24.89521],[125.26685,24.89523],[125.26686,24.8952]]],[[[125.26614,24.89717],[125.26615,24.89711],[125.26612,24.89712],[125.26614,24.89717]]],[[[125.28395,24.88998],[125.28393,24.88955],[125.28392,24.89019],[125.28395,24.88998]]],[[[125.28394,24.89078],[125.28392,24.8902],[125.2839,24.89078],[125.28394,24.89078]]],[[[125.28674,24.88754],[125.28677,24.88747],[125.28672,24.88749],[125.28674,24.88754]]],[[[125.28389,24.8911],[125.28549,24.89124],[125.28588,24.89076],[125.28564,24.89044],[125.28389,24.8911]]],[[[125.28386,24.88871],[125.28396,24.88954],[125.28398,24.88843],[125.28386,24.88871]]],[[[125.28562,24.88768],[125.28569,24.88765],[125.28619,24.88806],[125.28676,24.88767],[125.28583,24.88702],[125.28562,24.88768]]],[[[125.28396,24.88771],[125.28398,24.8884],[125.284,24.88771],[125.28396,24.88771]]],[[[125.28331,24.89001],[125.28311,24.88997],[125.28321,24.89013],[125.28331,24.89001]]],[[[125.2838,24.89036],[125.28345,24.89043],[125.28355,24.89058],[125.2838,24.89036]]],[[[125.28481,24.88903],[125.28459,24.88897],[125.28455,24.88928],[125.28481,24.88903]]],[[[125.28566,24.88873],[125.28562,24.88809],[125.28563,24.88873],[125.28566,24.88873]]],[[[125.28585,24.88851],[125.28574,24.88842],[125.28571,24.88846],[125.28585,24.88851]]],[[[125.28563,24.88876],[125.28567,24.88955],[125.28566,24.88876],[125.28563,24.88876]]],[[[125.28618,24.88876],[125.28603,24.88871],[125.28611,24.88885],[125.28618,24.88876]]],[[[125.28563,24.8898],[125.28567,24.88958],[125.28522,24.8898],[125.28563,24.8898]]],[[[125.28563,24.88998],[125.28567,24.89041],[125.28567,24.88998],[125.28563,24.88998]]],[[[125.28592,24.8904],[125.28611,24.89038],[125.28605,24.89018],[125.28592,24.8904]]],[[[125.28351,24.89078],[125.28339,24.8908],[125.28341,24.89088],[125.28351,24.89078]]],[[[125.28353,24.89174],[125.28372,24.89154],[125.2834,24.89138],[125.28353,24.89174]]],[[[125.28517,24.89227],[125.2854,24.89226],[125.28527,24.89212],[125.28517,24.89227]]],[[[125.30818,24.91293],[125.30818,24.91302],[125.30822,24.91295],[125.30818,24.91293]]],[[[125.30824,24.91295],[125.30827,24.91299],[125.30826,24.91296],[125.30824,24.91295]]],[[[125.30843,24.91279],[125.30843,24.913],[125.30851,24.91293],[125.30843,24.91279]]],[[[125.30854,24.91303],[125.30851,24.91299],[125.30849,24.91303],[125.30854,24.91303]]],[[[125.30813,24.91312],[125.30813,24.91305],[125.30812,24.91312],[125.30813,24.91312]]],[[[125.30819,24.91315],[125.30814,24.91314],[125.30815,24.91317],[125.30819,24.91315]]],[[[125.30825,24.91315],[125.30833,24.9132],[125.3083,24.91311],[125.30825,24.91315]]],[[[125.30825,24.91328],[125.30825,24.91321],[125.30821,24.91325],[125.30825,24.91328]]],[[[125.30882,24.9133],[125.30853,24.91326],[125.30862,24.91333],[125.30882,24.9133]]],[[[125.30882,24.91317],[125.30879,24.9131],[125.30872,24.91315],[125.30882,24.91317]]],[[[125.30952,24.91348],[125.30961,24.91341],[125.3095,24.91346],[125.30952,24.91348]]],[[[125.30969,24.91341],[125.30966,24.91348],[125.30976,24.91345],[125.30969,24.91341]]],[[[125.30987,24.91339],[125.30988,24.91355],[125.30998,24.91353],[125.30987,24.91339]]],[[[125.31001,24.91359],[125.31001,24.91355],[125.30998,24.91357],[125.31001,24.91359]]],[[[125.30814,24.9126],[125.30808,24.91272],[125.3082,24.91271],[125.30814,24.9126]]],[[[125.30852,24.91312],[125.30844,24.9132],[125.30851,24.91319],[125.30852,24.91312]]],[[[125.30977,24.91352],[125.30975,24.91348],[125.30975,24.91351],[125.30977,24.91352]]],[[[125.31005,24.91352],[125.31004,24.91354],[125.31005,24.91354],[125.31005,24.91352]]],[[[125.30997,24.9136],[125.30993,24.91359],[125.30995,24.91362],[125.30997,24.9136]]],[[[125.28442,24.89334],[125.28519,24.89277],[125.28509,24.89257],[125.28442,24.89334]]],[[[125.30924,24.91361],[125.30942,24.91355],[125.30937,24.9135],[125.30924,24.91361]]],[[[125.31003,24.91364],[125.31002,24.9136],[125.31001,24.91364],[125.31003,24.91364]]],[[[125.31007,24.91356],[125.31008,24.91363],[125.31011,24.91358],[125.31007,24.91356]]],[[[125.31009,24.91366],[125.31006,24.91365],[125.31006,24.91367],[125.31009,24.91366]]],[[[125.31018,24.91365],[125.31017,24.91373],[125.31022,24.9137],[125.31018,24.91365]]],[[[125.31013,24.91373],[125.31007,24.91369],[125.31011,24.91375],[125.31013,24.91373]]],[[[125.31011,24.91385],[125.31007,24.91377],[125.31006,24.91385],[125.31011,24.91385]]],[[[125.31025,24.91382],[125.31011,24.91392],[125.31028,24.91388],[125.31025,24.91382]]],[[[125.31133,24.91411],[125.3113,24.91403],[125.31125,24.91406],[125.31133,24.91411]]],[[[125.30532,24.91667],[125.30669,24.92011],[125.31081,24.91522],[125.30812,24.91334],[125.30774,24.91226],[125.30733,24.912],[125.30532,24.91667]]],[[[125.30997,24.91714],[125.30993,24.91713],[125.30992,24.91717],[125.30997,24.91714]]],[[[125.31118,24.91411],[125.31116,24.91403],[125.31116,24.91411],[125.31118,24.91411]]],[[[125.3039,24.92206],[125.30385,24.92207],[125.30387,24.92209],[125.3039,24.92206]]],[[[125.28396,24.88769],[125.284,24.88724],[125.28398,24.8868],[125.28396,24.88769]]],[[[125.30593,24.86204],[125.30593,24.86196],[125.30589,24.86198],[125.30593,24.86204]]],[[[125.3058,24.86256],[125.30578,24.86251],[125.30575,24.86256],[125.3058,24.86256]]],[[[125.30574,24.8627],[125.30577,24.86264],[125.30572,24.86266],[125.30574,24.8627]]],[[[125.30495,24.86497],[125.305,24.86492],[125.30499,24.86491],[125.30495,24.86497]]],[[[125.46791,24.71888],[125.46785,24.71879],[125.46783,24.71885],[125.46791,24.71888]]],[[[125.46809,24.7205],[125.46812,24.72064],[125.4682,24.72056],[125.46809,24.7205]]],[[[125.46794,24.72082],[125.46797,24.72069],[125.46788,24.72075],[125.46794,24.72082]]],[[[125.46713,24.72539],[125.4672,24.72545],[125.46721,24.72539],[125.46713,24.72539]]],[[[125.35674,24.724],[125.35685,24.724],[125.35684,24.72398],[125.35674,24.724]]],[[[125.35808,24.72278],[125.35822,24.72275],[125.35824,24.72271],[125.35808,24.72278]]],[[[125.35753,24.72401],[125.35762,24.72392],[125.35749,24.72398],[125.35753,24.72401]]],[[[125.35821,24.72393],[125.35826,24.72383],[125.35819,24.72387],[125.35821,24.72393]]],[[[125.36163,24.72513],[125.3616,24.7251],[125.36159,24.72514],[125.36163,24.72513]]],[[[125.36348,24.72518],[125.36354,24.7252],[125.36363,24.72517],[125.36348,24.72518]]],[[[125.36591,24.72655],[125.36592,24.72648],[125.36586,24.72648],[125.36591,24.72655]]],[[[125.36695,24.72546],[125.36705,24.72548],[125.36699,24.72541],[125.36695,24.72546]]],[[[125.36638,24.72636],[125.36644,24.7263],[125.36639,24.72629],[125.36638,24.72636]]],[[[125.36635,24.72652],[125.36637,24.72642],[125.36634,24.72643],[125.36635,24.72652]]],[[[125.3678,24.72686],[125.36782,24.72698],[125.36793,24.72689],[125.3678,24.72686]]],[[[125.36865,24.72848],[125.36875,24.72839],[125.3686,24.72834],[125.36865,24.72848]]],[[[125.36988,24.72917],[125.36981,24.72913],[125.3698,24.72919],[125.36988,24.72917]]],[[[125.37265,24.7287],[125.37272,24.72868],[125.37268,24.72865],[125.37265,24.7287]]],[[[125.37305,24.72822],[125.37316,24.72827],[125.37312,24.72819],[125.37305,24.72822]]],[[[125.37351,24.72777],[125.37357,24.72773],[125.37351,24.72771],[125.37351,24.72777]]],[[[125.37358,24.72767],[125.37367,24.72769],[125.37366,24.72764],[125.37358,24.72767]]],[[[125.37352,24.72791],[125.37356,24.72784],[125.3735,24.72784],[125.37352,24.72791]]],[[[125.37371,24.72781],[125.37358,24.72782],[125.37359,24.72788],[125.37371,24.72781]]],[[[125.37416,24.72725],[125.37416,24.72733],[125.37422,24.72728],[125.37416,24.72725]]],[[[125.37516,24.72645],[125.37515,24.72662],[125.37526,24.72642],[125.37516,24.72645]]],[[[125.37529,24.72643],[125.37534,24.72635],[125.37528,24.72633],[125.37529,24.72643]]],[[[125.37561,24.72629],[125.37555,24.7262],[125.37551,24.72629],[125.37561,24.72629]]],[[[125.37581,24.72617],[125.37568,24.72607],[125.37561,24.72617],[125.37581,24.72617]]],[[[125.3752,24.72641],[125.3752,24.72629],[125.37511,24.72638],[125.3752,24.72641]]],[[[125.37601,24.72595],[125.37596,24.72576],[125.3759,24.72581],[125.37601,24.72595]]],[[[125.37732,24.72506],[125.37727,24.72497],[125.37721,24.72504],[125.37732,24.72506]]],[[[125.37739,24.72499],[125.37745,24.72493],[125.37739,24.72495],[125.37739,24.72499]]],[[[125.37841,24.72552],[125.37831,24.72544],[125.3783,24.72546],[125.37841,24.72552]]],[[[125.37903,24.72535],[125.37916,24.72536],[125.37909,24.72526],[125.37903,24.72535]]],[[[125.37936,24.72546],[125.37932,24.72537],[125.37924,24.72544],[125.37936,24.72546]]],[[[125.3828,24.72489],[125.38269,24.72478],[125.38266,24.72493],[125.3828,24.72489]]],[[[125.38525,24.72708],[125.3854,24.72705],[125.38524,24.72706],[125.38525,24.72708]]],[[[125.38549,24.72678],[125.38539,24.72687],[125.38552,24.72688],[125.38549,24.72678]]],[[[125.38577,24.72679],[125.38578,24.72687],[125.38582,24.72681],[125.38577,24.72679]]],[[[125.38599,24.72732],[125.38597,24.7274],[125.38603,24.72739],[125.38599,24.72732]]],[[[125.38667,24.72762],[125.38668,24.72768],[125.3867,24.72765],[125.38667,24.72762]]],[[[125.38684,24.72775],[125.3869,24.72779],[125.38687,24.72771],[125.38684,24.72775]]],[[[125.38773,24.72771],[125.38772,24.72777],[125.38775,24.72773],[125.38773,24.72771]]],[[[125.38814,24.72774],[125.38816,24.72787],[125.38818,24.72774],[125.38814,24.72774]]],[[[125.40746,24.72936],[125.4075,24.72917],[125.40744,24.72935],[125.40746,24.72936]]],[[[125.40884,24.72874],[125.4088,24.72853],[125.40865,24.72868],[125.40884,24.72874]]],[[[125.41092,24.72889],[125.41098,24.72876],[125.41088,24.72888],[125.41092,24.72889]]],[[[125.41246,24.72852],[125.41243,24.72837],[125.41235,24.72847],[125.41246,24.72852]]],[[[125.41278,24.72845],[125.41258,24.72837],[125.41269,24.72848],[125.41278,24.72845]]],[[[125.41333,24.72836],[125.41333,24.72815],[125.4132,24.72817],[125.41333,24.72836]]],[[[125.41409,24.7284],[125.41397,24.72823],[125.41386,24.72833],[125.41409,24.7284]]],[[[125.41254,24.7286],[125.41261,24.72851],[125.41251,24.72853],[125.41254,24.7286]]],[[[125.41807,24.72839],[125.41799,24.72841],[125.41805,24.72845],[125.41807,24.72839]]],[[[125.42004,24.72726],[125.41995,24.72716],[125.42001,24.72728],[125.42004,24.72726]]],[[[125.42099,24.72716],[125.4209,24.72718],[125.42096,24.7272],[125.42099,24.72716]]],[[[125.42397,24.72637],[125.42409,24.72641],[125.42404,24.72635],[125.42397,24.72637]]],[[[125.42293,24.7271],[125.42285,24.72706],[125.4229,24.72712],[125.42293,24.7271]]],[[[125.42336,24.72706],[125.42345,24.72713],[125.42351,24.72706],[125.42336,24.72706]]],[[[125.42388,24.72661],[125.42395,24.72652],[125.42388,24.72658],[125.42388,24.72661]]],[[[125.42378,24.72671],[125.42389,24.72669],[125.42381,24.72667],[125.42378,24.72671]]],[[[125.42726,24.72725],[125.42735,24.72728],[125.42737,24.72722],[125.42726,24.72725]]],[[[125.42858,24.72743],[125.42869,24.72741],[125.42863,24.72737],[125.42858,24.72743]]],[[[125.42857,24.72775],[125.42873,24.72777],[125.42859,24.72766],[125.42857,24.72775]]],[[[125.42883,24.72751],[125.42874,24.72753],[125.42882,24.72755],[125.42883,24.72751]]],[[[125.42964,24.72829],[125.42975,24.72824],[125.42968,24.7282],[125.42964,24.72829]]],[[[125.42982,24.72831],[125.42988,24.72822],[125.42977,24.72828],[125.42982,24.72831]]],[[[125.43047,24.7291],[125.43053,24.729],[125.43043,24.72903],[125.43047,24.7291]]],[[[125.43336,24.72937],[125.43329,24.72935],[125.43329,24.7294],[125.43336,24.72937]]],[[[125.43482,24.7282],[125.43491,24.72816],[125.43481,24.72814],[125.43482,24.7282]]],[[[125.43381,24.72874],[125.43391,24.72869],[125.43385,24.72867],[125.43381,24.72874]]],[[[125.43423,24.72887],[125.43425,24.7288],[125.43421,24.72881],[125.43423,24.72887]]],[[[125.43764,24.72827],[125.43758,24.72825],[125.43761,24.72832],[125.43764,24.72827]]],[[[125.43785,24.72829],[125.43776,24.72832],[125.43783,24.72835],[125.43785,24.72829]]],[[[125.43772,24.72851],[125.43764,24.72856],[125.43765,24.72857],[125.43772,24.72851]]],[[[125.44106,24.72872],[125.44099,24.72877],[125.44104,24.72879],[125.44106,24.72872]]],[[[125.44135,24.7289],[125.44139,24.72881],[125.44131,24.72883],[125.44135,24.7289]]],[[[125.44277,24.72722],[125.44287,24.72715],[125.44281,24.72713],[125.44277,24.72722]]],[[[125.44584,24.72511],[125.4458,24.72503],[125.44575,24.72508],[125.44584,24.72511]]],[[[125.44829,24.72533],[125.44821,24.72529],[125.44822,24.72531],[125.44829,24.72533]]],[[[125.45011,24.72844],[125.44996,24.72853],[125.45,24.72855],[125.45011,24.72844]]],[[[125.45861,24.72568],[125.45872,24.7257],[125.45863,24.72564],[125.45861,24.72568]]],[[[125.45439,24.73424],[125.45439,24.73416],[125.45434,24.73423],[125.45439,24.73424]]],[[[125.45456,24.73418],[125.45499,24.73406],[125.45466,24.73392],[125.45456,24.73418]]],[[[125.45879,24.72979],[125.45884,24.7299],[125.45887,24.72985],[125.45879,24.72979]]],[[[125.46001,24.72861],[125.45998,24.72854],[125.45995,24.7286],[125.46001,24.72861]]],[[[125.46015,24.72868],[125.46009,24.72861],[125.46005,24.72862],[125.46015,24.72868]]],[[[125.46635,24.72475],[125.46638,24.72467],[125.46634,24.72468],[125.46635,24.72475]]],[[[125.46642,24.7246],[125.46634,24.72464],[125.46643,24.72467],[125.46642,24.7246]]],[[[125.45884,24.73005],[125.45884,24.73015],[125.4589,24.7301],[125.45884,24.73005]]],[[[125.45984,24.72738],[125.45985,24.72728],[125.45976,24.72729],[125.45984,24.72738]]],[[[125.46038,24.72665],[125.46041,24.72671],[125.46044,24.72667],[125.46038,24.72665]]],[[[125.46047,24.72702],[125.46055,24.72702],[125.46047,24.72697],[125.46047,24.72702]]],[[[125.46054,24.72734],[125.46048,24.72743],[125.46057,24.7274],[125.46054,24.72734]]],[[[125.45895,24.72993],[125.45903,24.72987],[125.45894,24.72992],[125.45895,24.72993]]],[[[125.46026,24.72906],[125.46026,24.72916],[125.46035,24.72911],[125.46026,24.72906]]],[[[125.461,24.72598],[125.46109,24.72575],[125.46085,24.72591],[125.461,24.72598]]],[[[125.46174,24.72602],[125.46161,24.72592],[125.46167,24.72608],[125.46174,24.72602]]],[[[125.46221,24.72536],[125.46233,24.72541],[125.46224,24.72534],[125.46221,24.72536]]],[[[125.46212,24.72624],[125.46206,24.72633],[125.46215,24.7263],[125.46212,24.72624]]],[[[125.46262,24.72622],[125.46252,24.72624],[125.46258,24.72628],[125.46262,24.72622]]],[[[125.463,24.7259],[125.46309,24.72589],[125.46303,24.72585],[125.463,24.7259]]],[[[125.46632,24.72447],[125.46641,24.72457],[125.46647,24.72453],[125.46632,24.72447]]],[[[125.46489,24.72501],[125.46483,24.7251],[125.46495,24.72509],[125.46489,24.72501]]],[[[125.46147,24.72698],[125.46145,24.72684],[125.46138,24.72694],[125.46147,24.72698]]],[[[125.29788,24.72668],[125.29818,24.72661],[125.29783,24.72654],[125.29788,24.72668]]],[[[125.29817,24.72677],[125.29817,24.72673],[125.29815,24.72675],[125.29817,24.72677]]],[[[125.29513,24.71854],[125.29527,24.71853],[125.29523,24.71845],[125.29513,24.71854]]],[[[125.2843,24.72466],[125.28428,24.72441],[125.2842,24.72442],[125.2843,24.72466]]],[[[125.28495,24.72448],[125.28501,24.72444],[125.28496,24.72439],[125.28495,24.72448]]],[[[125.28351,24.7247],[125.28354,24.72466],[125.28349,24.72467],[125.28351,24.7247]]],[[[125.2839,24.72482],[125.28397,24.72473],[125.28396,24.72471],[125.2839,24.72482]]],[[[125.28907,24.72259],[125.28902,24.72253],[125.28903,24.72258],[125.28907,24.72259]]],[[[125.28586,24.72409],[125.28588,24.72408],[125.28586,24.72407],[125.28586,24.72409]]],[[[125.28631,24.72383],[125.28631,24.72379],[125.2863,24.72381],[125.28631,24.72383]]],[[[125.28643,24.72395],[125.28639,24.72396],[125.28639,24.72398],[125.28643,24.72395]]],[[[125.28646,24.72398],[125.28648,24.72394],[125.28647,24.72393],[125.28646,24.72398]]],[[[125.28741,24.72368],[125.2874,24.72364],[125.28739,24.72365],[125.28741,24.72368]]],[[[125.28868,24.72346],[125.28872,24.72344],[125.28869,24.72344],[125.28868,24.72346]]],[[[125.28893,24.72322],[125.28892,24.72315],[125.28888,24.72322],[125.28893,24.72322]]],[[[125.28917,24.7231],[125.28917,24.72307],[125.28916,24.72309],[125.28917,24.7231]]],[[[125.28989,24.72292],[125.28992,24.72295],[125.28992,24.72291],[125.28989,24.72292]]],[[[125.29478,24.73352],[125.29479,24.73337],[125.29462,24.73345],[125.29478,24.73352]]],[[[125.29749,24.72488],[125.29728,24.724],[125.29726,24.724],[125.29749,24.72488]]],[[[125.29488,24.73256],[125.29574,24.73256],[125.29565,24.7323],[125.29488,24.73256]]],[[[125.38916,24.72796],[125.38918,24.72806],[125.38921,24.72794],[125.38916,24.72796]]],[[[125.38978,24.72833],[125.38977,24.72842],[125.38982,24.72842],[125.38978,24.72833]]],[[[125.39079,24.72878],[125.39082,24.72884],[125.39085,24.72881],[125.39079,24.72878]]],[[[125.39109,24.72863],[125.39123,24.72868],[125.39127,24.72864],[125.39109,24.72863]]],[[[125.39172,24.72874],[125.39159,24.7286],[125.39156,24.72873],[125.39172,24.72874]]],[[[125.39223,24.72897],[125.39226,24.72899],[125.39227,24.72896],[125.39223,24.72897]]],[[[125.3921,24.72903],[125.39212,24.72909],[125.39214,24.72904],[125.3921,24.72903]]],[[[125.39236,24.72909],[125.39226,24.72904],[125.39229,24.72912],[125.39236,24.72909]]],[[[125.39437,24.72839],[125.39425,24.72848],[125.39439,24.72846],[125.39437,24.72839]]],[[[125.39452,24.72835],[125.39457,24.72838],[125.39457,24.72833],[125.39452,24.72835]]],[[[125.39543,24.72874],[125.39547,24.72884],[125.39552,24.72877],[125.39543,24.72874]]],[[[125.39589,24.72875],[125.39589,24.72886],[125.39598,24.72881],[125.39589,24.72875]]],[[[125.39609,24.72895],[125.39615,24.72911],[125.39615,24.72899],[125.39609,24.72895]]],[[[125.39909,24.72928],[125.39919,24.72932],[125.39912,24.72925],[125.39909,24.72928]]],[[[125.39943,24.72926],[125.3995,24.72942],[125.39958,24.72934],[125.39943,24.72926]]],[[[125.40054,24.72938],[125.40056,24.72945],[125.40059,24.72937],[125.40054,24.72938]]],[[[125.40059,24.72952],[125.40052,24.72955],[125.40058,24.72957],[125.40059,24.72952]]],[[[125.40204,24.72936],[125.40216,24.72939],[125.40216,24.72928],[125.40204,24.72936]]],[[[125.40245,24.72909],[125.40244,24.72918],[125.40252,24.72916],[125.40245,24.72909]]],[[[125.40639,24.7299],[125.40634,24.72975],[125.40633,24.72989],[125.40639,24.7299]]],[[[125.43217,24.76138],[125.43221,24.76131],[125.43213,24.76135],[125.43217,24.76138]]],[[[125.43333,24.76137],[125.43322,24.76135],[125.43329,24.76141],[125.43333,24.76137]]],[[[125.43631,24.75856],[125.43616,24.75856],[125.4363,24.75861],[125.43631,24.75856]]],[[[125.43795,24.75722],[125.43801,24.75716],[125.43794,24.75717],[125.43795,24.75722]]],[[[125.43892,24.75663],[125.43881,24.75653],[125.43883,24.75665],[125.43892,24.75663]]],[[[125.43917,24.75629],[125.43926,24.75623],[125.43915,24.75624],[125.43917,24.75629]]],[[[125.43964,24.75583],[125.4397,24.75597],[125.43979,24.75592],[125.43964,24.75583]]],[[[125.44172,24.75286],[125.44166,24.7529],[125.44175,24.75291],[125.44172,24.75286]]],[[[125.29819,24.73281],[125.29822,24.73277],[125.29817,24.73275],[125.29819,24.73281]]],[[[125.35668,24.72273],[125.35673,24.72266],[125.35666,24.72269],[125.35668,24.72273]]],[[[125.15109,24.83291],[125.15119,24.83289],[125.15119,24.83285],[125.15109,24.83291]]],[[[125.1516,24.83213],[125.15165,24.83213],[125.15159,24.8321],[125.1516,24.83213]]],[[[125.15178,24.83285],[125.15173,24.83197],[125.15109,24.83274],[125.15178,24.83285]]],[[[125.13555,24.8338],[125.13554,24.83377],[125.13553,24.83379],[125.13555,24.8338]]],[[[125.13608,24.83205],[125.13609,24.83203],[125.13607,24.83204],[125.13608,24.83205]]],[[[125.14783,24.83365],[125.14784,24.83361],[125.14782,24.83364],[125.14783,24.83365]]],[[[125.14935,24.8332],[125.14931,24.83318],[125.14933,24.83321],[125.14935,24.8332]]],[[[125.14949,24.83235],[125.14952,24.83234],[125.14951,24.83233],[125.14949,24.83235]]],[[[125.15037,24.83226],[125.15038,24.83223],[125.15036,24.83224],[125.15037,24.83226]]],[[[125.15047,24.83219],[125.15054,24.83219],[125.15053,24.83217],[125.15047,24.83219]]],[[[125.15066,24.83243],[125.1507,24.83243],[125.1507,24.83242],[125.15066,24.83243]]],[[[125.1507,24.83248],[125.15071,24.83245],[125.15069,24.83245],[125.1507,24.83248]]],[[[125.15043,24.83256],[125.15045,24.83255],[125.15043,24.83256],[125.15043,24.83256]]],[[[125.15058,24.83296],[125.15075,24.83263],[125.15067,24.83263],[125.15058,24.83296]]],[[[125.15125,24.83303],[125.15125,24.83297],[125.15124,24.83297],[125.15125,24.83303]]],[[[125.15104,24.83312],[125.15112,24.83305],[125.15106,24.83306],[125.15104,24.83312]]],[[[125.15125,24.83326],[125.15132,24.83326],[125.1513,24.83322],[125.15125,24.83326]]],[[[125.13532,24.8339],[125.13533,24.8339],[125.13532,24.83389],[125.13532,24.8339]]],[[[125.13534,24.83394],[125.1353,24.83396],[125.1353,24.83397],[125.13534,24.83394]]],[[[125.13539,24.83397],[125.1354,24.83394],[125.13537,24.83396],[125.13539,24.83397]]],[[[125.14743,24.83388],[125.14739,24.83391],[125.14741,24.83392],[125.14743,24.83388]]],[[[125.1478,24.83458],[125.14775,24.83454],[125.14777,24.83459],[125.1478,24.83458]]],[[[125.14789,24.83453],[125.14785,24.83472],[125.1479,24.83472],[125.14789,24.83453]]],[[[125.15531,24.83489],[125.15532,24.83487],[125.15529,24.83489],[125.15531,24.83489]]],[[[125.15776,24.83391],[125.15781,24.83428],[125.15787,24.83389],[125.15776,24.83391]]],[[[125.14761,24.83449],[125.14735,24.83407],[125.14725,24.83442],[125.14761,24.83449]]],[[[125.15581,24.83235],[125.15571,24.83184],[125.15569,24.83217],[125.15581,24.83235]]],[[[125.15569,24.83244],[125.1555,24.8323],[125.15563,24.83259],[125.15569,24.83244]]],[[[125.15822,24.83241],[125.15673,24.83376],[125.15754,24.83383],[125.15822,24.83241]]],[[[125.15794,24.83277],[125.15817,24.83342],[125.15804,24.83268],[125.15794,24.83277]]],[[[125.15232,24.83308],[125.15227,24.83309],[125.15229,24.8331],[125.15232,24.83308]]],[[[125.15322,24.83229],[125.15325,24.83227],[125.15322,24.83228],[125.15322,24.83229]]],[[[125.15328,24.83288],[125.15327,24.83284],[125.15326,24.83287],[125.15328,24.83288]]],[[[125.15325,24.83297],[125.15328,24.83293],[125.15324,24.83295],[125.15325,24.83297]]],[[[125.15287,24.83325],[125.15286,24.83322],[125.15284,24.83324],[125.15287,24.83325]]],[[[125.1539,24.83213],[125.15393,24.83209],[125.15389,24.83212],[125.1539,24.83213]]],[[[125.15477,24.83285],[125.15483,24.83285],[125.15481,24.83283],[125.15477,24.83285]]],[[[125.15617,24.83234],[125.15621,24.83231],[125.15616,24.83232],[125.15617,24.83234]]],[[[125.15625,24.83236],[125.15627,24.83234],[125.15625,24.83234],[125.15625,24.83236]]],[[[125.21462,24.83558],[125.21472,24.83552],[125.21464,24.8355],[125.21462,24.83558]]],[[[125.21521,24.83461],[125.21531,24.8346],[125.21527,24.83456],[125.21521,24.83461]]],[[[125.21482,24.83539],[125.21492,24.83539],[125.21485,24.83535],[125.21482,24.83539]]],[[[125.21511,24.83507],[125.21513,24.83502],[125.2151,24.83503],[125.21511,24.83507]]],[[[125.21481,24.83555],[125.21491,24.83554],[125.21485,24.83546],[125.21481,24.83555]]],[[[125.21838,24.83467],[125.21408,24.83932],[125.21369,24.84099],[125.21838,24.83467]]],[[[125.20973,24.84647],[125.20975,24.84652],[125.20977,24.84649],[125.20973,24.84647]]],[[[125.20961,24.84677],[125.20954,24.84681],[125.20957,24.84683],[125.20961,24.84677]]],[[[125.2112,24.84464],[125.21131,24.84468],[125.21133,24.84465],[125.2112,24.84464]]],[[[125.21152,24.84457],[125.21164,24.84454],[125.21165,24.8445],[125.21152,24.84457]]],[[[125.23352,24.93669],[125.23354,24.93666],[125.23351,24.93666],[125.23352,24.93669]]],[[[125.23433,24.93691],[125.2343,24.93688],[125.23425,24.93691],[125.23433,24.93691]]],[[[125.24847,24.93531],[125.24845,24.93527],[125.24846,24.93532],[125.24847,24.93531]]],[[[125.24838,24.93541],[125.24841,24.93532],[125.24834,24.93536],[125.24838,24.93541]]],[[[125.24897,24.935],[125.24893,24.93494],[125.24892,24.93499],[125.24897,24.935]]],[[[125.24881,24.9351],[125.24877,24.93511],[125.24878,24.93514],[125.24881,24.9351]]],[[[125.23951,24.93875],[125.23951,24.93871],[125.23948,24.93872],[125.23951,24.93875]]],[[[125.24136,24.93848],[125.24131,24.93834],[125.24124,24.93848],[125.24136,24.93848]]],[[[125.24383,24.93911],[125.24373,24.93883],[125.24362,24.93907],[125.24383,24.93911]]],[[[125.24422,24.93852],[125.2441,24.9385],[125.24408,24.93852],[125.24422,24.93852]]],[[[125.13865,24.82339],[125.13862,24.82345],[125.1387,24.82342],[125.13865,24.82339]]],[[[125.13953,24.82054],[125.13955,24.82068],[125.13965,24.82058],[125.13953,24.82054]]],[[[125.13956,24.82071],[125.13968,24.82069],[125.13972,24.82062],[125.13956,24.82071]]],[[[125.13903,24.8216],[125.13908,24.8216],[125.13903,24.82159],[125.13903,24.8216]]],[[[125.13961,24.82075],[125.13968,24.82075],[125.13966,24.82072],[125.13961,24.82075]]],[[[125.13866,24.82335],[125.13869,24.82331],[125.13864,24.82332],[125.13866,24.82335]]],[[[125.13905,24.82125],[125.13893,24.82154],[125.13916,24.82159],[125.13905,24.82125]]],[[[125.13991,24.8187],[125.13992,24.81869],[125.1399,24.81869],[125.13991,24.8187]]],[[[125.13514,24.82807],[125.13509,24.82808],[125.13511,24.8281],[125.13514,24.82807]]],[[[125.13653,24.82777],[125.13652,24.82788],[125.13658,24.82786],[125.13653,24.82777]]],[[[125.13945,24.82073],[125.13943,24.82069],[125.13942,24.8207],[125.13945,24.82073]]],[[[125.13925,24.82157],[125.13925,24.82162],[125.13929,24.8216],[125.13925,24.82157]]],[[[125.13946,24.82159],[125.13952,24.82166],[125.13953,24.82149],[125.13946,24.82159]]],[[[125.13552,24.8282],[125.13557,24.82822],[125.13559,24.82812],[125.13552,24.8282]]],[[[125.14252,24.81513],[125.14252,24.81511],[125.1425,24.81513],[125.14252,24.81513]]],[[[125.143,24.81407],[125.14307,24.81413],[125.14308,24.81412],[125.143,24.81407]]],[[[125.14404,24.81341],[125.14424,24.81323],[125.14396,24.81321],[125.14404,24.81341]]],[[[125.13659,24.82741],[125.13643,24.82755],[125.13667,24.82763],[125.13659,24.82741]]],[[[125.13857,24.82351],[125.13872,24.82384],[125.13882,24.82381],[125.13857,24.82351]]],[[[125.14418,24.81403],[125.14432,24.81384],[125.14402,24.81397],[125.14418,24.81403]]],[[[125.15758,24.86148],[125.15764,24.86141],[125.15757,24.86142],[125.15758,24.86148]]],[[[125.15765,24.86123],[125.15798,24.86145],[125.15794,24.86111],[125.15765,24.86123]]],[[[125.1496,24.83493],[125.14954,24.83497],[125.14959,24.83498],[125.1496,24.83493]]],[[[125.15749,24.85869],[125.15758,24.85876],[125.15759,24.85869],[125.15749,24.85869]]],[[[125.15986,24.86218],[125.15992,24.86209],[125.15983,24.86207],[125.15986,24.86218]]],[[[125.22181,24.81426],[125.22193,24.81427],[125.22195,24.81423],[125.22181,24.81426]]],[[[125.22043,24.825],[125.22046,24.82493],[125.22041,24.82493],[125.22043,24.825]]],[[[125.22032,24.82526],[125.22042,24.82544],[125.22047,24.82534],[125.22032,24.82526]]],[[[125.21959,24.8271],[125.21968,24.82714],[125.2197,24.82707],[125.21959,24.8271]]],[[[125.21939,24.82785],[125.2195,24.82783],[125.21942,24.82781],[125.21939,24.82785]]],[[[125.21996,24.82649],[125.21989,24.82642],[125.21988,24.82657],[125.21996,24.82649]]],[[[125.2198,24.82686],[125.21988,24.8269],[125.21987,24.82685],[125.2198,24.82686]]],[[[125.22002,24.82677],[125.21998,24.82686],[125.22003,24.8268],[125.22002,24.82677]]],[[[125.21875,24.82862],[125.2188,24.82858],[125.21875,24.82858],[125.21875,24.82862]]],[[[125.21879,24.82856],[125.21883,24.82852],[125.21879,24.82852],[125.21879,24.82856]]],[[[125.21912,24.82833],[125.21912,24.82826],[125.21908,24.82829],[125.21912,24.82833]]],[[[125.22448,24.80509],[125.22206,24.80622],[125.22179,24.8066],[125.22448,24.80509]]],[[[125.2193,24.80904],[125.22162,24.80713],[125.22149,24.80687],[125.2193,24.80904]]],[[[125.25334,24.71424],[125.25331,24.71421],[125.25331,24.71422],[125.25334,24.71424]]],[[[125.2541,24.71413],[125.25414,24.71416],[125.25412,24.71412],[125.2541,24.71413]]],[[[125.25129,24.72787],[125.25126,24.72785],[125.25124,24.72787],[125.25129,24.72787]]],[[[125.25284,24.72691],[125.25282,24.72693],[125.25284,24.72693],[125.25284,24.72691]]],[[[125.25251,24.72715],[125.25248,24.7271],[125.25248,24.72714],[125.25251,24.72715]]],[[[125.25209,24.72761],[125.25203,24.72761],[125.25208,24.72765],[125.25209,24.72761]]],[[[125.17519,24.80825],[125.17515,24.8082],[125.17515,24.80825],[125.17519,24.80825]]],[[[125.17526,24.80826],[125.17523,24.80818],[125.17521,24.80825],[125.17526,24.80826]]],[[[125.1752,24.80886],[125.17526,24.80878],[125.17517,24.80878],[125.1752,24.80886]]],[[[125.17516,24.80922],[125.1752,24.80918],[125.17515,24.80919],[125.17516,24.80922]]],[[[125.1754,24.80932],[125.17545,24.80921],[125.17536,24.80929],[125.1754,24.80932]]],[[[125.17533,24.80954],[125.17537,24.80949],[125.17534,24.80948],[125.17533,24.80954]]],[[[125.15907,24.8306],[125.15738,24.83595],[125.15607,24.83383],[125.15529,24.83707],[125.15995,24.84016],[125.15797,24.85146],[125.15555,24.84931],[125.15787,24.85222],[125.15635,24.85671],[125.15841,24.86121],[125.16293,24.86367],[125.16321,24.86557],[125.16411,24.86382],[125.16485,24.86528],[125.17871,24.86165],[125.18898,24.8546],[125.20907,24.84709],[125.21528,24.84118],[125.21224,24.84326],[125.22115,24.8238],[125.22188,24.814],[125.21633,24.80677],[125.20606,24.80504],[125.2036,24.80262],[125.20435,24.80459],[125.20185,24.80547],[125.20117,24.80318],[125.2064,24.79884],[125.20098,24.80316],[125.20094,24.8046],[125.19906,24.80543],[125.19493,24.8052],[125.18323,24.81169],[125.17773,24.81082],[125.17571,24.81509],[125.16614,24.8224],[125.16869,24.82184],[125.163,24.82645],[125.16241,24.82835],[125.16438,24.82722],[125.16396,24.82807],[125.15907,24.8306]]],[[[125.25,24.93384],[125.25572,24.92458],[125.25104,24.92448],[125.25002,24.92046],[125.25099,24.92447],[125.24692,24.92634],[125.24932,24.92367],[125.24911,24.92052],[125.24823,24.91966],[125.23355,24.9289],[125.23101,24.93528],[125.23826,24.9387],[125.2432,24.93881],[125.25,24.93384]]],[[[125.17131,24.80452],[125.1713,24.80448],[125.17128,24.80448],[125.17131,24.80452]]],[[[125.17162,24.8047],[125.17163,24.80464],[125.17161,24.80464],[125.17162,24.8047]]],[[[125.17317,24.80551],[125.17317,24.80546],[125.17314,24.80548],[125.17317,24.80551]]],[[[125.17475,24.80708],[125.1748,24.80707],[125.17477,24.80704],[125.17475,24.80708]]],[[[125.1748,24.80728],[125.17483,24.80719],[125.17477,24.80722],[125.1748,24.80728]]],[[[125.175,24.80821],[125.17496,24.80817],[125.17495,24.80821],[125.175,24.80821]]],[[[125.17516,24.80871],[125.17512,24.80863],[125.17511,24.80869],[125.17516,24.80871]]],[[[125.15358,24.83191],[125.15362,24.83187],[125.15358,24.83188],[125.15358,24.83191]]],[[[125.15281,24.83205],[125.15282,24.83201],[125.1528,24.83203],[125.15281,24.83205]]],[[[125.16902,24.82028],[125.16893,24.8202],[125.16894,24.8203],[125.16902,24.82028]]],[[[125.15515,24.83333],[125.15552,24.8316],[125.15616,24.83363],[125.1582,24.83228],[125.16879,24.81845],[125.17728,24.81123],[125.17498,24.81045],[125.17527,24.8083],[125.17045,24.80356],[125.16945,24.80461],[125.16945,24.8033],[125.16245,24.80217],[125.14919,24.80598],[125.14978,24.80728],[125.14494,24.80714],[125.14634,24.80959],[125.14444,24.80896],[125.14476,24.81131],[125.14298,24.81145],[125.14498,24.81396],[125.14283,24.81458],[125.14165,24.81287],[125.14055,24.81372],[125.14252,24.81553],[125.13977,24.81442],[125.13836,24.81624],[125.1403,24.8182],[125.13966,24.82288],[125.13844,24.82393],[125.1363,24.82172],[125.13497,24.82421],[125.13936,24.82759],[125.13541,24.82744],[125.13656,24.82948],[125.1352,24.83504],[125.13996,24.83714],[125.13977,24.84219],[125.14362,24.84176],[125.14754,24.83196],[125.15427,24.83146],[125.15515,24.83333]]],[[[125.14801,24.83363],[125.148,24.83358],[125.14797,24.83363],[125.14801,24.83363]]],[[[125.15123,24.83376],[125.15132,24.83362],[125.15118,24.83365],[125.15123,24.83376]]],[[[125.14801,24.83492],[125.14799,24.83493],[125.148,24.83493],[125.14801,24.83492]]],[[[125.14836,24.83461],[125.14837,24.8346],[125.14835,24.83461],[125.14836,24.83461]]],[[[125.14868,24.83478],[125.14868,24.83474],[125.14865,24.83477],[125.14868,24.83478]]],[[[125.15137,24.83458],[125.1514,24.83461],[125.15141,24.83458],[125.15137,24.83458]]],[[[125.15167,24.83481],[125.1517,24.83477],[125.15165,24.8348],[125.15167,24.83481]]],[[[125.15201,24.83473],[125.15203,24.83469],[125.15199,24.83472],[125.15201,24.83473]]],[[[125.15229,24.83492],[125.15228,24.83495],[125.15231,24.83494],[125.15229,24.83492]]],[[[125.15269,24.83489],[125.15268,24.83486],[125.15266,24.83489],[125.15269,24.83489]]],[[[125.15333,24.83486],[125.15329,24.83483],[125.15328,24.83487],[125.15333,24.83486]]],[[[125.15335,24.8346],[125.15331,24.83459],[125.15333,24.83461],[125.15335,24.8346]]],[[[125.15493,24.83357],[125.15504,24.83359],[125.15505,24.83353],[125.15493,24.83357]]],[[[125.15499,24.83384],[125.15496,24.83381],[125.15495,24.83383],[125.15499,24.83384]]]]}},{"type":"Feature","properties":{"pref":"沖縄県","name":"座間味村","type":"村","code":"47354","region":"47"},"geometry":{"type":"MultiPolygon","coordinates":[[[[127.24294,26.17409],[127.24289,26.174],[127.24284,26.17409],[127.24294,26.17409]]],[[[127.27039,26.14749],[127.26962,26.14649],[127.26938,26.14772],[127.27039,26.14749]]],[[[127.23191,26.17621],[127.23184,26.17584],[127.23154,26.17573],[127.23191,26.17621]]],[[[127.23644,26.18245],[127.23639,26.18225],[127.23631,26.18226],[127.23644,26.18245]]],[[[127.23875,26.18043],[127.23883,26.18032],[127.23873,26.18028],[127.23875,26.18043]]],[[[127.24256,26.17767],[127.24255,26.17752],[127.24243,26.17766],[127.24256,26.17767]]],[[[127.24277,26.17748],[127.24273,26.17742],[127.24272,26.17747],[127.24277,26.17748]]],[[[127.24282,26.17728],[127.24298,26.17726],[127.24296,26.17722],[127.24282,26.17728]]],[[[127.24221,26.17805],[127.24235,26.17778],[127.2421,26.178],[127.24221,26.17805]]],[[[127.26488,26.20033],[127.26439,26.20074],[127.26488,26.20057],[127.26488,26.20033]]],[[[127.27305,26.15506],[127.27196,26.15675],[127.27433,26.15774],[127.27433,26.15611],[127.27305,26.15506]]],[[[127.27041,26.14645],[127.27061,26.14618],[127.27052,26.14616],[127.27041,26.14645]]],[[[127.27044,26.14774],[127.27049,26.14765],[127.27035,26.14768],[127.27044,26.14774]]],[[[127.28887,26.15695],[127.29061,26.15777],[127.29151,26.15692],[127.28999,26.15539],[127.28887,26.15695]]],[[[127.28845,26.16584],[127.28818,26.16562],[127.28817,26.16583],[127.28845,26.16584]]],[[[127.2887,26.16559],[127.28857,26.16551],[127.28854,26.16554],[127.2887,26.16559]]],[[[127.27446,26.15545],[127.27456,26.15547],[127.27453,26.15539],[127.27446,26.15545]]],[[[127.28909,26.15566],[127.28895,26.15573],[127.28901,26.15575],[127.28909,26.15566]]],[[[127.28922,26.15552],[127.28917,26.15534],[127.28904,26.15548],[127.28922,26.15552]]],[[[127.2887,26.16893],[127.28881,26.16886],[127.28869,26.16888],[127.2887,26.16893]]],[[[127.28472,26.17528],[127.28482,26.17511],[127.28476,26.17503],[127.28472,26.17528]]],[[[127.23962,26.2107],[127.23932,26.21075],[127.23965,26.21076],[127.23962,26.2107]]],[[[127.23987,26.21086],[127.23961,26.21088],[127.23958,26.21097],[127.23987,26.21086]]],[[[127.23971,26.21068],[127.23967,26.21042],[127.23954,26.21049],[127.23971,26.21068]]],[[[127.23993,26.21061],[127.23988,26.21075],[127.23997,26.2107],[127.23993,26.21061]]],[[[127.24174,26.20865],[127.2417,26.20859],[127.24169,26.20863],[127.24174,26.20865]]],[[[127.24185,26.20886],[127.24169,26.20883],[127.24171,26.20892],[127.24185,26.20886]]],[[[127.24041,26.20962],[127.24026,26.20946],[127.24024,26.20969],[127.24041,26.20962]]],[[[127.24117,26.20962],[127.241,26.20943],[127.24093,26.20959],[127.24117,26.20962]]],[[[127.24046,26.21029],[127.24055,26.21024],[127.24045,26.21026],[127.24046,26.21029]]],[[[127.23868,26.21203],[127.23922,26.2118],[127.2388,26.21158],[127.23868,26.21203]]],[[[127.23901,26.21307],[127.23908,26.21304],[127.239,26.21305],[127.23901,26.21307]]],[[[127.2441,26.20874],[127.24409,26.20866],[127.24406,26.20868],[127.2441,26.20874]]],[[[127.24455,26.20919],[127.24479,26.20821],[127.24447,26.20917],[127.24455,26.20919]]],[[[127.26936,26.20373],[127.26953,26.20359],[127.26929,26.2036],[127.26936,26.20373]]],[[[127.26991,26.20636],[127.27001,26.20614],[127.26978,26.20632],[127.26991,26.20636]]],[[[127.2685,26.21323],[127.2684,26.21299],[127.26821,26.21309],[127.2685,26.21323]]],[[[127.24977,26.21561],[127.24968,26.21563],[127.2498,26.21566],[127.24977,26.21561]]],[[[127.24989,26.21558],[127.24986,26.21548],[127.24983,26.2155],[127.24989,26.21558]]],[[[127.24554,26.22168],[127.24547,26.22163],[127.24549,26.22168],[127.24554,26.22168]]],[[[127.24571,26.22146],[127.24579,26.22141],[127.24571,26.22142],[127.24571,26.22146]]],[[[127.24756,26.22283],[127.24751,26.22276],[127.2475,26.22282],[127.24756,26.22283]]],[[[127.2911,26.19305],[127.29123,26.19328],[127.29134,26.19326],[127.2911,26.19305]]],[[[127.29196,26.193],[127.29132,26.19288],[127.29127,26.19298],[127.29196,26.193]]],[[[127.29464,26.18178],[127.29462,26.18153],[127.29455,26.18175],[127.29464,26.18178]]],[[[127.29455,26.18307],[127.29439,26.18259],[127.29425,26.18306],[127.29455,26.18307]]],[[[127.29316,26.18808],[127.2926,26.18814],[127.29256,26.18837],[127.29316,26.18808]]],[[[127.29162,26.19326],[127.29143,26.19326],[127.29144,26.19333],[127.29162,26.19326]]],[[[127.2911,26.19342],[127.29129,26.19343],[127.29111,26.19336],[127.2911,26.19342]]],[[[127.29198,26.19367],[127.29184,26.1937],[127.29204,26.1937],[127.29198,26.19367]]],[[[127.29218,26.19365],[127.29219,26.19358],[127.29216,26.19361],[127.29218,26.19365]]],[[[127.29203,26.19392],[127.29202,26.19381],[127.29197,26.19382],[127.29203,26.19392]]],[[[127.29334,26.19497],[127.29359,26.1948],[127.29329,26.19494],[127.29334,26.19497]]],[[[127.33523,26.22739],[127.33576,26.22696],[127.33562,26.22676],[127.33523,26.22739]]],[[[127.3326,26.22654],[127.33468,26.2275],[127.33563,26.22619],[127.33472,26.22506],[127.3326,26.22654]]],[[[127.3,26.22239],[127.29898,26.22228],[127.30149,26.22264],[127.3,26.22239]]],[[[127.23324,26.16667],[127.23194,26.16795],[127.23397,26.17028],[127.23268,26.17588],[127.23727,26.17962],[127.23671,26.18283],[127.24424,26.17541],[127.24148,26.17065],[127.24208,26.16235],[127.23602,26.1645],[127.23221,26.16306],[127.23324,26.16667]]],[[[127.23358,26.16959],[127.2335,26.1697],[127.23359,26.16967],[127.23358,26.16959]]],[[[127.2335,26.17128],[127.23324,26.17135],[127.23342,26.17144],[127.2335,26.17128]]],[[[127.2335,26.17068],[127.23348,26.17099],[127.2337,26.17099],[127.2335,26.17068]]],[[[127.23176,26.17561],[127.23229,26.17546],[127.23183,26.17513],[127.23176,26.17561]]],[[[127.2336,26.17232],[127.23355,26.17226],[127.23356,26.17231],[127.2336,26.17232]]],[[[127.23363,26.17214],[127.23368,26.17219],[127.23371,26.17215],[127.23363,26.17214]]],[[[127.24196,26.1665],[127.24218,26.16662],[127.24217,26.16645],[127.24196,26.1665]]],[[[127.23774,26.16311],[127.23758,26.16331],[127.23779,26.16328],[127.23774,26.16311]]],[[[127.23786,26.16316],[127.23823,26.1632],[127.23819,26.16303],[127.23786,26.16316]]],[[[127.24245,26.16299],[127.24245,26.16274],[127.24235,26.16281],[127.24245,26.16299]]],[[[127.24894,26.22384],[127.24843,26.21294],[127.24234,26.20809],[127.2391,26.21144],[127.23954,26.2206],[127.24613,26.22124],[127.24894,26.22384]]],[[[127.28962,26.16505],[127.28969,26.16491],[127.28963,26.1649],[127.28962,26.16505]]],[[[127.29118,26.17319],[127.28944,26.17396],[127.29121,26.17325],[127.29118,26.17319]]],[[[127.288,26.16667],[127.29226,26.17497],[127.29605,26.17295],[127.29716,26.16867],[127.29255,26.16082],[127.29107,26.1607],[127.29007,26.16535],[127.288,26.16667]]],[[[127.28326,26.18235],[127.28497,26.18762],[127.2903,26.1874],[127.29302,26.18586],[127.29374,26.18009],[127.29645,26.17705],[127.28669,26.17583],[127.28326,26.18235]]],[[[127.27454,26.19292],[127.274,26.19211],[127.27423,26.19311],[127.27454,26.19292]]],[[[127.2867,26.19101],[127.28662,26.19131],[127.28677,26.19104],[127.2867,26.19101]]],[[[127.2839,26.22545],[127.28434,26.22724],[127.28532,26.22696],[127.2839,26.22545]]],[[[127.28288,26.22691],[127.28329,26.22686],[127.28284,26.22659],[127.28288,26.22691]]],[[[127.26516,26.19873],[127.26939,26.20224],[127.27121,26.20824],[127.27461,26.20842],[127.28103,26.21326],[127.28159,26.20912],[127.29169,26.19844],[127.29342,26.19419],[127.28729,26.19339],[127.28636,26.19253],[127.28738,26.19076],[127.28701,26.18996],[127.2863,26.19175],[127.28495,26.19111],[127.2861,26.18959],[127.28267,26.18957],[127.28346,26.18775],[127.28078,26.1896],[127.27559,26.18663],[127.27605,26.19],[127.27439,26.19173],[127.27604,26.19553],[127.27063,26.19698],[127.26747,26.1938],[127.26791,26.19647],[127.26531,26.19613],[127.26516,26.19873]]],[[[127.28112,26.21888],[127.28128,26.21861],[127.28108,26.21873],[127.28112,26.21888]]],[[[127.28281,26.22557],[127.28309,26.2253],[127.28278,26.22529],[127.28281,26.22557]]],[[[127.28186,26.22733],[127.28175,26.22709],[127.28169,26.22725],[127.28186,26.22733]]],[[[127.28269,26.23285],[127.28238,26.23278],[127.28233,26.23291],[127.28269,26.23285]]],[[[127.28691,26.23392],[127.28709,26.23362],[127.28689,26.23373],[127.28691,26.23392]]],[[[127.28738,26.23348],[127.28744,26.23323],[127.28726,26.23318],[127.28738,26.23348]]],[[[127.29386,26.22558],[127.29365,26.22562],[127.29369,26.22568],[127.29386,26.22558]]],[[[127.28637,26.23482],[127.28677,26.23432],[127.28635,26.23436],[127.28637,26.23482]]],[[[127.28333,26.21894],[127.28454,26.22029],[127.28849,26.21871],[127.28709,26.21635],[127.28333,26.21894]]],[[[127.33572,26.22764],[127.33579,26.22725],[127.33544,26.22777],[127.33572,26.22764]]],[[[127.30983,26.25],[127.31003,26.25197],[127.31254,26.24592],[127.31475,26.24531],[127.31782,26.248],[127.33233,26.24058],[127.32747,26.23553],[127.32911,26.23243],[127.33314,26.23295],[127.33318,26.22852],[127.32746,26.23205],[127.32027,26.22999],[127.32244,26.23508],[127.32085,26.23915],[127.31843,26.24025],[127.31095,26.23736],[127.3156,26.22626],[127.30956,26.22442],[127.30808,26.21855],[127.30338,26.21972],[127.30111,26.22379],[127.3041,26.22528],[127.30139,26.22624],[127.30196,26.22743],[127.30037,26.22776],[127.29963,26.22433],[127.29797,26.2257],[127.29583,26.22356],[127.29085,26.22736],[127.28178,26.22858],[127.2821,26.23443],[127.2839,26.23248],[127.2906,26.23357],[127.29349,26.23561],[127.29513,26.24224],[127.29868,26.24121],[127.30099,26.23794],[127.30709,26.24042],[127.30798,26.24541],[127.30572,26.24716],[127.30773,26.24597],[127.30691,26.24894],[127.30983,26.25]]],[[[127.26987,26.14842],[127.2697,26.14823],[127.26967,26.14826],[127.26987,26.14842]]],[[[127.2316,26.17555],[127.23145,26.17554],[127.23161,26.17562],[127.2316,26.17555]]],[[[127.2305,26.17605],[127.23123,26.1759],[127.23051,26.17562],[127.2305,26.17605]]],[[[127.27447,26.15581],[127.27442,26.15565],[127.27434,26.15579],[127.27447,26.15581]]],[[[127.27446,26.15621],[127.27453,26.15604],[127.27442,26.15614],[127.27446,26.15621]]],[[[127.27,26.1479],[127.27025,26.14776],[127.26993,26.14783],[127.27,26.1479]]],[[[127.2703,26.14822],[127.27012,26.14823],[127.27014,26.14828],[127.2703,26.14822]]],[[[127.27066,26.14795],[127.27055,26.14777],[127.27033,26.14798],[127.27066,26.14795]]],[[[127.28954,26.15396],[127.28937,26.15361],[127.28929,26.15368],[127.28954,26.15396]]],[[[127.2898,26.15329],[127.28987,26.1536],[127.28998,26.15331],[127.2898,26.15329]]],[[[127.2893,26.15545],[127.28953,26.15534],[127.28931,26.15531],[127.2893,26.15545]]],[[[127.28967,26.15516],[127.28967,26.15501],[127.28958,26.15513],[127.28967,26.15516]]],[[[127.28985,26.15416],[127.28878,26.1547],[127.28962,26.15492],[127.28985,26.15416]]],[[[127.28798,26.1602],[127.28806,26.15964],[127.28769,26.15972],[127.28798,26.1602]]],[[[127.28865,26.15998],[127.28876,26.16014],[127.2888,26.15998],[127.28865,26.15998]]],[[[127.26892,26.21423],[127.26878,26.21342],[127.26849,26.21367],[127.26892,26.21423]]],[[[127.26729,26.21677],[127.26688,26.21751],[127.2674,26.21725],[127.26729,26.21677]]],[[[127.26855,26.21651],[127.26705,26.21599],[127.26811,26.21709],[127.26855,26.21651]]],[[[127.26903,26.21507],[127.26864,26.21595],[127.26985,26.21587],[127.26903,26.21507]]],[[[127.26795,26.21439],[127.26767,26.21432],[127.26766,26.21444],[127.26795,26.21439]]],[[[127.26847,26.21449],[127.26841,26.21431],[127.26837,26.21442],[127.26847,26.21449]]],[[[127.26886,26.21488],[127.26866,26.21454],[127.2684,26.21477],[127.26886,26.21488]]],[[[127.3361,26.22335],[127.3363,26.22319],[127.33614,26.22314],[127.3361,26.22335]]],[[[127.23236,26.16094],[127.23286,26.16119],[127.23294,26.16081],[127.23236,26.16094]]],[[[127.23335,26.16216],[127.23296,26.16127],[127.23256,26.16169],[127.23335,26.16216]]],[[[127.2335,26.16103],[127.23327,26.16116],[127.23351,26.16136],[127.2335,26.16103]]],[[[127.23409,26.16221],[127.23413,26.16217],[127.23408,26.16217],[127.23409,26.16221]]],[[[127.23425,26.16228],[127.23412,26.16231],[127.23422,26.16238],[127.23425,26.16228]]],[[[127.2345,26.16264],[127.2338,26.16257],[127.23447,26.16293],[127.2345,26.16264]]],[[[127.23449,26.16298],[127.23464,26.16299],[127.23464,26.16295],[127.23449,26.16298]]],[[[127.23413,26.16207],[127.23423,26.16201],[127.23415,26.16202],[127.23413,26.16207]]],[[[127.23154,26.17539],[127.23147,26.17527],[127.23145,26.17533],[127.23154,26.17539]]],[[[127.24175,26.1676],[127.24148,26.16754],[127.24174,26.16766],[127.24175,26.1676]]],[[[127.242,26.16749],[127.24198,26.16727],[127.24195,26.1675],[127.242,26.16749]]],[[[127.24185,26.16927],[127.24195,26.16923],[127.24184,26.16925],[127.24185,26.16927]]],[[[127.24243,26.17132],[127.24214,26.17113],[127.24202,26.17142],[127.24243,26.17132]]],[[[127.24283,26.17182],[127.24278,26.17159],[127.24269,26.17169],[127.24283,26.17182]]],[[[127.23904,26.16211],[127.23923,26.16194],[127.23896,26.16204],[127.23904,26.16211]]],[[[127.24212,26.1611],[127.24231,26.16101],[127.24218,26.16092],[127.24212,26.1611]]],[[[127.24234,26.16138],[127.24246,26.1613],[127.24236,26.16132],[127.24234,26.16138]]],[[[127.2422,26.16148],[127.24246,26.16158],[127.24241,26.16146],[127.2422,26.16148]]],[[[127.24289,26.16264],[127.24275,26.16276],[127.24284,26.16286],[127.24289,26.16264]]],[[[127.31044,26.19913],[127.31047,26.19897],[127.31039,26.19904],[127.31044,26.19913]]],[[[127.30928,26.2079],[127.30947,26.20775],[127.30925,26.20784],[127.30928,26.2079]]],[[[127.31366,26.19823],[127.31395,26.19774],[127.31353,26.19793],[127.31366,26.19823]]],[[[127.31514,26.20083],[127.31524,26.20081],[127.31517,26.20076],[127.31514,26.20083]]],[[[127.31608,26.20168],[127.31616,26.2015],[127.31609,26.20147],[127.31608,26.20168]]],[[[127.30983,26.19994],[127.31044,26.20427],[127.30847,26.21106],[127.3089,26.21772],[127.31119,26.20855],[127.31744,26.20371],[127.3132,26.19757],[127.30983,26.19994]]],[[[127.29691,26.21277],[127.29754,26.21304],[127.29742,26.21243],[127.29691,26.21277]]],[[[127.29761,26.21209],[127.29738,26.21174],[127.29729,26.21191],[127.29761,26.21209]]],[[[127.31765,26.20312],[127.31771,26.20295],[127.31759,26.20312],[127.31765,26.20312]]],[[[127.32166,26.20191],[127.32183,26.20162],[127.3216,26.20162],[127.32166,26.20191]]],[[[127.32214,26.20127],[127.32231,26.20176],[127.32247,26.20179],[127.32214,26.20127]]],[[[127.3261,26.19836],[127.32648,26.19802],[127.326,26.19811],[127.3261,26.19836]]],[[[127.31489,26.18468],[127.31542,26.18498],[127.31507,26.18441],[127.31489,26.18468]]],[[[127.31557,26.18583],[127.3151,26.18504],[127.31482,26.18502],[127.31557,26.18583]]],[[[127.31602,26.18553],[127.31573,26.18531],[127.31583,26.18566],[127.31602,26.18553]]],[[[127.31511,26.1861],[127.31555,26.18607],[127.31537,26.18586],[127.31511,26.1861]]],[[[127.31881,26.18362],[127.3185,26.18346],[127.31877,26.18372],[127.31881,26.18362]]],[[[127.31302,26.19633],[127.31323,26.19623],[127.31311,26.19614],[127.31302,26.19633]]],[[[127.25038,26.21639],[127.25023,26.21641],[127.25025,26.21646],[127.25038,26.21639]]],[[[127.25021,26.21802],[127.25029,26.21777],[127.25008,26.21777],[127.25021,26.21802]]],[[[127.29327,26.16266],[127.29356,26.16256],[127.29343,26.16241],[127.29327,26.16266]]],[[[127.29377,26.16247],[127.29419,26.16289],[127.29427,26.16255],[127.29377,26.16247]]],[[[127.29571,26.16572],[127.29588,26.16485],[127.29536,26.16575],[127.29571,26.16572]]],[[[127.29647,26.1663],[127.29637,26.16698],[127.29674,26.16669],[127.29647,26.1663]]],[[[127.2967,26.16838],[127.29702,26.16823],[127.29704,26.16813],[127.2967,26.16838]]],[[[127.29662,26.17166],[127.29641,26.17184],[127.29667,26.17175],[127.29662,26.17166]]],[[[127.29695,26.16673],[127.29684,26.16691],[127.297,26.16681],[127.29695,26.16673]]],[[[127.2974,26.16695],[127.29709,26.16697],[127.29712,26.16705],[127.2974,26.16695]]],[[[127.29725,26.16754],[127.29734,26.16704],[127.29697,26.16748],[127.29725,26.16754]]],[[[127.29701,26.16789],[127.297,26.16778],[127.29697,26.16787],[127.29701,26.16789]]],[[[127.29719,26.17018],[127.29735,26.16974],[127.29697,26.17011],[127.29719,26.17018]]],[[[127.29722,26.16948],[127.29744,26.16903],[127.29737,26.16897],[127.29722,26.16948]]],[[[127.28661,26.16659],[127.28657,26.16677],[127.28673,26.16663],[127.28661,26.16659]]],[[[127.289,26.15313],[127.28902,26.15294],[127.28892,26.15308],[127.289,26.15313]]],[[[127.28759,26.15979],[127.28761,26.15995],[127.28765,26.15992],[127.28759,26.15979]]],[[[127.28703,26.16711],[127.28712,26.16703],[127.28701,26.16704],[127.28703,26.16711]]],[[[127.26803,26.14379],[127.26844,26.1436],[127.26839,26.14353],[127.26803,26.14379]]],[[[127.26853,26.14406],[127.26834,26.14402],[127.26837,26.14411],[127.26853,26.14406]]],[[[127.2683,26.14454],[127.26841,26.14465],[127.26844,26.14452],[127.2683,26.14454]]],[[[127.26843,26.14472],[127.26865,26.1448],[127.2687,26.1446],[127.26843,26.14472]]],[[[127.2674,26.15142],[127.26727,26.15146],[127.26742,26.15149],[127.2674,26.15142]]],[[[127.2679,26.15166],[127.26736,26.15116],[127.26763,26.15173],[127.2679,26.15166]]],[[[127.26818,26.15106],[127.26801,26.15114],[127.26816,26.15114],[127.26818,26.15106]]],[[[127.26854,26.14535],[127.26843,26.14508],[127.26837,26.14527],[127.26854,26.14535]]],[[[127.2697,26.14812],[127.26977,26.14794],[127.26964,26.14807],[127.2697,26.14812]]],[[[127.26875,26.15071],[127.26859,26.14978],[127.26783,26.15043],[127.26875,26.15071]]],[[[127.26909,26.15014],[127.26899,26.14997],[127.26899,26.15015],[127.26909,26.15014]]],[[[127.26622,26.15284],[127.26624,26.15257],[127.26592,26.15271],[127.26622,26.15284]]],[[[127.26812,26.15418],[127.26809,26.15408],[127.26806,26.15412],[127.26812,26.15418]]],[[[127.2689,26.15397],[127.26854,26.15397],[127.26873,26.15424],[127.2689,26.15397]]],[[[127.27298,26.15388],[127.27332,26.1539],[127.27327,26.15369],[127.27298,26.15388]]],[[[127.27325,26.15417],[127.2731,26.15421],[127.27325,26.15425],[127.27325,26.15417]]],[[[127.27272,26.15506],[127.27254,26.15495],[127.27257,26.15515],[127.27272,26.15506]]],[[[127.27314,26.15487],[127.27309,26.155],[127.27318,26.15499],[127.27314,26.15487]]],[[[127.27086,26.1473],[127.27121,26.14756],[127.27128,26.14711],[127.27086,26.1473]]],[[[127.27189,26.15485],[127.27184,26.15459],[127.27174,26.15472],[127.27189,26.15485]]],[[[127.27276,26.1547],[127.27274,26.15454],[127.27263,26.1546],[127.27276,26.1547]]],[[[127.27344,26.15988],[127.27314,26.15842],[127.27281,26.15964],[127.27344,26.15988]]],[[[127.27407,26.15787],[127.27417,26.15784],[127.27411,26.15781],[127.27407,26.15787]]],[[[127.2904,26.15547],[127.29046,26.15557],[127.29053,26.15555],[127.2904,26.15547]]],[[[127.29112,26.15605],[127.29081,26.15585],[127.29073,26.15603],[127.29112,26.15605]]],[[[127.2914,26.15586],[127.29151,26.15598],[127.29163,26.15578],[127.2914,26.15586]]],[[[127.29179,26.1593],[127.29184,26.15922],[127.29177,26.15928],[127.29179,26.1593]]],[[[127.29177,26.15889],[127.29272,26.16001],[127.29298,26.15941],[127.29177,26.15889]]],[[[127.29015,26.15373],[127.29003,26.15368],[127.29001,26.15372],[127.29015,26.15373]]],[[[127.2902,26.15498],[127.29038,26.15492],[127.29034,26.15488],[127.2902,26.15498]]],[[[127.29039,26.15513],[127.29057,26.15508],[127.29038,26.1551],[127.29039,26.15513]]],[[[127.29051,26.15464],[127.29084,26.15471],[127.29054,26.1545],[127.29051,26.15464]]],[[[127.29186,26.15527],[127.29175,26.15514],[127.29179,26.15529],[127.29186,26.15527]]],[[[127.29202,26.15515],[127.29195,26.15534],[127.29205,26.15535],[127.29202,26.15515]]],[[[127.29242,26.15772],[127.29261,26.15722],[127.29216,26.15743],[127.29242,26.15772]]],[[[127.27779,26.21137],[127.27802,26.21133],[127.27787,26.21123],[127.27779,26.21137]]],[[[127.27031,26.21674],[127.2703,26.21655],[127.27026,26.21657],[127.27031,26.21674]]],[[[127.29654,26.21192],[127.2966,26.21178],[127.29646,26.21184],[127.29654,26.21192]]],[[[127.29667,26.21215],[127.2966,26.21232],[127.29668,26.21231],[127.29667,26.21215]]],[[[127.29597,26.21731],[127.29411,26.21298],[127.29547,26.21824],[127.29597,26.21731]]],[[[127.27384,26.18054],[127.27316,26.17993],[127.27293,26.18016],[127.27384,26.18054]]],[[[127.27248,26.18406],[127.27237,26.18276],[127.27192,26.18365],[127.27248,26.18406]]],[[[127.27453,26.17754],[127.27379,26.17868],[127.27462,26.17905],[127.27453,26.17754]]],[[[127.27361,26.17948],[127.27397,26.17906],[127.27363,26.1791],[127.27361,26.17948]]],[[[127.27486,26.17824],[127.27487,26.17793],[127.27472,26.17822],[127.27486,26.17824]]],[[[127.27349,26.17991],[127.27423,26.17982],[127.27341,26.17972],[127.27349,26.17991]]],[[[127.27426,26.18099],[127.27281,26.18083],[127.27427,26.18193],[127.27426,26.18099]]],[[[127.27579,26.18336],[127.27596,26.18319],[127.27579,26.18321],[127.27579,26.18336]]],[[[127.28596,26.17544],[127.28626,26.1759],[127.28616,26.17539],[127.28596,26.17544]]],[[[127.28545,26.1757],[127.28536,26.17592],[127.2855,26.17587],[127.28545,26.1757]]],[[[127.28295,26.18216],[127.28299,26.18199],[127.28286,26.18204],[127.28295,26.18216]]],[[[127.28235,26.18386],[127.2826,26.18375],[127.28235,26.18369],[127.28235,26.18386]]],[[[127.2826,26.18404],[127.28281,26.18388],[127.28266,26.18384],[127.2826,26.18404]]],[[[127.27487,26.18434],[127.27279,26.18229],[127.27658,26.18653],[127.27487,26.18434]]],[[[127.24018,26.21918],[127.24026,26.21919],[127.24024,26.21916],[127.24018,26.21918]]],[[[127.2396,26.22137],[127.23983,26.22141],[127.23981,26.22132],[127.2396,26.22137]]],[[[127.24029,26.22118],[127.23996,26.22115],[127.24005,26.22146],[127.24029,26.22118]]],[[[127.23967,26.22216],[127.23998,26.22179],[127.23992,26.22167],[127.23967,26.22216]]],[[[127.24027,26.22092],[127.24031,26.22109],[127.24041,26.22105],[127.24027,26.22092]]],[[[127.24119,26.22204],[127.24117,26.22174],[127.24099,26.22163],[127.24119,26.22204]]],[[[127.24093,26.22234],[127.24103,26.22214],[127.24087,26.22233],[127.24093,26.22234]]],[[[127.24134,26.22145],[127.24145,26.22144],[127.24132,26.2214],[127.24134,26.22145]]],[[[127.24102,26.22424],[127.2414,26.2236],[127.24137,26.22334],[127.24102,26.22424]]],[[[127.24346,26.22113],[127.24345,26.22105],[127.24342,26.22108],[127.24346,26.22113]]],[[[127.23845,26.21505],[127.23854,26.21497],[127.23844,26.21498],[127.23845,26.21505]]],[[[127.2392,26.22657],[127.23905,26.22654],[127.23908,26.22662],[127.2392,26.22657]]],[[[127.24071,26.22466],[127.24085,26.22465],[127.24076,26.22451],[127.24071,26.22466]]],[[[127.24091,26.22442],[127.2411,26.22452],[127.24091,26.22433],[127.24091,26.22442]]],[[[127.24087,26.22496],[127.24105,26.22481],[127.24093,26.22477],[127.24087,26.22496]]],[[[127.23849,26.22677],[127.23858,26.22659],[127.23845,26.22669],[127.23849,26.22677]]],[[[127.23061,26.17634],[127.23065,26.17621],[127.23048,26.17621],[127.23061,26.17634]]],[[[127.23086,26.17637],[127.23095,26.17656],[127.23103,26.17648],[127.23086,26.17637]]],[[[127.22972,26.17559],[127.2287,26.17565],[127.2292,26.17634],[127.22972,26.17559]]],[[[127.23006,26.17598],[127.23025,26.17613],[127.23039,26.17609],[127.23006,26.17598]]],[[[127.23158,26.17656],[127.23168,26.17654],[127.23163,26.17651],[127.23158,26.17656]]],[[[127.23171,26.17632],[127.23179,26.17644],[127.23177,26.17629],[127.23171,26.17632]]],[[[127.26379,26.199],[127.26349,26.19922],[127.26384,26.19909],[127.26379,26.199]]],[[[127.302,26.23817],[127.30181,26.23799],[127.30176,26.23809],[127.302,26.23817]]],[[[127.30203,26.23832],[127.30168,26.23821],[127.30155,26.23829],[127.30203,26.23832]]],[[[127.30753,26.24216],[127.30753,26.24197],[127.30742,26.24209],[127.30753,26.24216]]],[[[127.30537,26.24976],[127.30545,26.2492],[127.3051,26.24977],[127.30537,26.24976]]],[[[127.31124,26.2499],[127.31126,26.24971],[127.31105,26.24978],[127.31124,26.2499]]],[[[127.31558,26.23785],[127.31599,26.23807],[127.31561,26.23776],[127.31558,26.23785]]],[[[127.3241,26.24476],[127.32391,26.24462],[127.32387,26.24472],[127.3241,26.24476]]],[[[127.32064,26.24683],[127.3208,26.24639],[127.32047,26.24654],[127.32064,26.24683]]],[[[127.32535,26.24457],[127.32515,26.24471],[127.32531,26.24488],[127.32535,26.24457]]],[[[127.33585,26.2282],[127.33637,26.22785],[127.33613,26.22763],[127.33585,26.2282]]],[[[127.3329,26.24014],[127.33267,26.24017],[127.33297,26.24021],[127.3329,26.24014]]],[[[127.32879,26.24246],[127.32879,26.24219],[127.32866,26.24217],[127.32879,26.24246]]],[[[127.3337,26.24797],[127.33374,26.24775],[127.33362,26.24783],[127.3337,26.24797]]],[[[127.33365,26.24863],[127.33429,26.24837],[127.33384,26.2482],[127.33365,26.24863]]]]}},{"type":"Feature","properties":{"pref":"沖縄県","name":"恩納村","type":"村","code":"47311","region":"47"},"geometry":{"type":"MultiPolygon","coordinates":[[[[127.75418,26.43223],[127.75424,26.4322],[127.75421,26.43218],[127.75418,26.43223]]],[[[127.75415,26.43232],[127.7542,26.43231],[127.75417,26.43229],[127.75415,26.43232]]],[[[127.75746,26.43326],[127.75773,26.43316],[127.75756,26.43302],[127.75746,26.43326]]],[[[127.75759,26.43347],[127.75756,26.43355],[127.75761,26.43352],[127.75759,26.43347]]],[[[127.75895,26.43362],[127.75897,26.43364],[127.75897,26.43361],[127.75895,26.43362]]],[[[127.76122,26.43594],[127.7612,26.43585],[127.76115,26.43591],[127.76122,26.43594]]],[[[127.76143,26.43589],[127.76131,26.43582],[127.76136,26.43596],[127.76143,26.43589]]],[[[127.76153,26.43577],[127.76156,26.43584],[127.76158,26.43582],[127.76153,26.43577]]],[[[127.76155,26.43599],[127.76145,26.43606],[127.76153,26.43608],[127.76155,26.43599]]],[[[127.7624,26.43658],[127.76244,26.43659],[127.76241,26.43656],[127.7624,26.43658]]],[[[127.76602,26.43887],[127.76605,26.43881],[127.766,26.43886],[127.76602,26.43887]]],[[[127.77632,26.4405],[127.77637,26.44045],[127.77629,26.44044],[127.77632,26.4405]]],[[[127.77622,26.44057],[127.77627,26.44056],[127.77623,26.44054],[127.77622,26.44057]]],[[[127.77901,26.43959],[127.77908,26.43965],[127.77908,26.43959],[127.77901,26.43959]]],[[[127.78122,26.43852],[127.78122,26.43859],[127.78127,26.43857],[127.78122,26.43852]]],[[[127.7793,26.43982],[127.77933,26.43987],[127.77931,26.43982],[127.7793,26.43982]]],[[[127.7813,26.43834],[127.78134,26.43842],[127.78134,26.43834],[127.7813,26.43834]]],[[[127.78155,26.43812],[127.78148,26.43827],[127.78163,26.43821],[127.78155,26.43812]]],[[[127.78176,26.43779],[127.78171,26.4379],[127.78172,26.43792],[127.78176,26.43779]]],[[[127.76285,26.4377],[127.76288,26.4377],[127.76288,26.43769],[127.76285,26.4377]]],[[[127.76283,26.43787],[127.76286,26.43782],[127.76281,26.43784],[127.76283,26.43787]]],[[[127.76285,26.43778],[127.76294,26.43778],[127.763,26.43772],[127.76285,26.43778]]],[[[127.76247,26.43657],[127.76248,26.4366],[127.76249,26.43659],[127.76247,26.43657]]],[[[127.7625,26.43668],[127.76252,26.43671],[127.76254,26.43669],[127.7625,26.43668]]],[[[127.76244,26.438],[127.76243,26.43793],[127.76241,26.43799],[127.76244,26.438]]],[[[127.76248,26.43813],[127.76246,26.43804],[127.76243,26.4381],[127.76248,26.43813]]],[[[127.76518,26.43859],[127.76518,26.43853],[127.76515,26.43857],[127.76518,26.43859]]],[[[127.76587,26.4389],[127.76596,26.43891],[127.76597,26.43887],[127.76587,26.4389]]],[[[127.7658,26.43899],[127.76584,26.439],[127.76584,26.43896],[127.7658,26.43899]]],[[[127.76792,26.44311],[127.76778,26.44299],[127.7678,26.44316],[127.76792,26.44311]]],[[[127.768,26.44316],[127.76789,26.44317],[127.76789,26.44318],[127.768,26.44316]]],[[[127.76793,26.44296],[127.76804,26.44296],[127.76793,26.44295],[127.76793,26.44296]]],[[[127.7685,26.44379],[127.76851,26.44369],[127.76842,26.44372],[127.7685,26.44379]]],[[[127.76826,26.44404],[127.76806,26.44368],[127.76792,26.44403],[127.76826,26.44404]]],[[[127.76873,26.44352],[127.76863,26.44337],[127.76858,26.44342],[127.76873,26.44352]]],[[[127.76885,26.44337],[127.76883,26.44345],[127.76888,26.44338],[127.76885,26.44337]]],[[[127.77569,26.44082],[127.77577,26.44082],[127.77573,26.44078],[127.77569,26.44082]]],[[[127.77547,26.44095],[127.77548,26.44102],[127.7755,26.44096],[127.77547,26.44095]]],[[[127.77453,26.44169],[127.77457,26.4417],[127.77455,26.44167],[127.77453,26.44169]]],[[[127.81006,26.46259],[127.81042,26.46279],[127.8101,26.4623],[127.81006,26.46259]]],[[[127.81077,26.46272],[127.81125,26.4631],[127.81091,26.46251],[127.81077,26.46272]]],[[[127.81103,26.4639],[127.81103,26.46338],[127.81083,26.46339],[127.81103,26.4639]]],[[[127.81846,26.46472],[127.81843,26.4648],[127.8185,26.46481],[127.81846,26.46472]]],[[[127.82049,26.46693],[127.82059,26.46705],[127.82063,26.46704],[127.82049,26.46693]]],[[[127.82087,26.46687],[127.82074,26.46689],[127.82078,26.46694],[127.82087,26.46687]]],[[[127.82298,26.46705],[127.82293,26.46712],[127.823,26.46718],[127.82298,26.46705]]],[[[127.82312,26.46716],[127.82307,26.46714],[127.82309,26.46719],[127.82312,26.46716]]],[[[127.82898,26.48857],[127.82878,26.48846],[127.82879,26.48856],[127.82898,26.48857]]],[[[127.82932,26.48879],[127.82917,26.48864],[127.82919,26.48878],[127.82932,26.48879]]],[[[127.85457,26.50425],[127.85451,26.50414],[127.85447,26.50423],[127.85457,26.50425]]],[[[127.85791,26.50433],[127.8581,26.50437],[127.8581,26.50428],[127.85791,26.50433]]],[[[127.85842,26.50418],[127.85815,26.50412],[127.85824,26.50429],[127.85842,26.50418]]],[[[127.85789,26.50745],[127.85791,26.50749],[127.85793,26.50746],[127.85789,26.50745]]],[[[127.85665,26.50908],[127.8562,26.50945],[127.8565,26.50956],[127.85665,26.50908]]],[[[127.85667,26.50836],[127.85669,26.50826],[127.85661,26.50832],[127.85667,26.50836]]],[[[127.85723,26.50932],[127.8571,26.50925],[127.8571,26.50942],[127.85723,26.50932]]],[[[127.86136,26.50769],[127.8614,26.50782],[127.8615,26.50769],[127.86136,26.50769]]],[[[127.86181,26.50768],[127.86183,26.50778],[127.86188,26.50767],[127.86181,26.50768]]],[[[127.9209,26.52697],[127.92089,26.52703],[127.92092,26.52703],[127.9209,26.52697]]],[[[127.92096,26.52681],[127.92107,26.52699],[127.92112,26.5269],[127.92096,26.52681]]],[[[127.92062,26.52201],[127.92032,26.52192],[127.92033,26.52202],[127.92062,26.52201]]],[[[127.9214,26.52342],[127.92135,26.52353],[127.92144,26.52353],[127.9214,26.52342]]],[[[127.92125,26.52413],[127.92131,26.5242],[127.9213,26.52414],[127.92125,26.52413]]],[[[127.92104,26.52482],[127.92121,26.52495],[127.92119,26.52478],[127.92104,26.52482]]],[[[127.92101,26.52783],[127.92099,26.52795],[127.92104,26.52795],[127.92101,26.52783]]],[[[127.92362,26.5284],[127.92394,26.52843],[127.92372,26.52818],[127.92362,26.5284]]],[[[127.75212,26.41521],[127.74446,26.4179],[127.74198,26.42334],[127.74403,26.42269],[127.74761,26.4276],[127.75653,26.43144],[127.75653,26.4332],[127.75901,26.43303],[127.76391,26.43742],[127.76141,26.43882],[127.76374,26.44002],[127.76564,26.43807],[127.77122,26.44597],[127.7737,26.44212],[127.78031,26.43943],[127.78326,26.43546],[127.78706,26.43501],[127.79283,26.43744],[127.7963,26.436],[127.80036,26.43852],[127.80392,26.44456],[127.8003,26.44501],[127.79913,26.44736],[127.80258,26.44507],[127.80249,26.44883],[127.79963,26.44821],[127.80375,26.45484],[127.80585,26.45432],[127.81066,26.45793],[127.80985,26.45931],[127.81154,26.45991],[127.81007,26.45972],[127.80998,26.46164],[127.8125,26.46314],[127.81185,26.46446],[127.81436,26.46277],[127.82118,26.46729],[127.82608,26.46784],[127.83109,26.47144],[127.83535,26.47903],[127.84056,26.47824],[127.84584,26.48125],[127.8431,26.49198],[127.83886,26.49644],[127.84249,26.49832],[127.84496,26.5045],[127.85053,26.50541],[127.85558,26.49905],[127.85734,26.50074],[127.85541,26.50149],[127.8592,26.50451],[127.85858,26.50759],[127.85669,26.50783],[127.85735,26.50974],[127.86241,26.50465],[127.87182,26.5123],[127.87448,26.50831],[127.87964,26.50669],[127.8804,26.5039],[127.88513,26.50276],[127.88981,26.5048],[127.89163,26.50841],[127.8909,26.51169],[127.90314,26.51497],[127.90864,26.5201],[127.91158,26.51653],[127.91623,26.5158],[127.91939,26.51768],[127.92153,26.52882],[127.92545,26.52725],[127.93063,26.53122],[127.93685,26.52417],[127.93698,26.51688],[127.94097,26.51019],[127.93573,26.50793],[127.93495,26.50467],[127.92806,26.50011],[127.9234,26.50207],[127.91975,26.50065],[127.9212,26.49767],[127.91772,26.49612],[127.91934,26.49036],[127.91419,26.48325],[127.90769,26.48521],[127.90387,26.49184],[127.89319,26.48608],[127.89151,26.48281],[127.89335,26.47804],[127.89231,26.4765],[127.88445,26.47516],[127.87552,26.47678],[127.87321,26.47898],[127.86809,26.47661],[127.86593,26.47258],[127.86289,26.47435],[127.8578,26.46939],[127.85306,26.4694],[127.83627,26.45845],[127.83706,26.45233],[127.83538,26.44964],[127.82921,26.45009],[127.81715,26.44511],[127.81372,26.44028],[127.81053,26.44005],[127.80777,26.43373],[127.78843,26.42204],[127.78603,26.41587],[127.77622,26.41696],[127.77225,26.42071],[127.76477,26.42252],[127.75624,26.42078],[127.75273,26.41813],[127.75212,26.41521]]],[[[127.75282,26.43158],[127.75285,26.43162],[127.75287,26.4316],[127.75282,26.43158]]],[[[127.83492,26.48757],[127.83501,26.48778],[127.83504,26.48776],[127.83492,26.48757]]],[[[127.83501,26.48679],[127.8351,26.48684],[127.83505,26.48675],[127.83501,26.48679]]],[[[127.83556,26.48801],[127.83645,26.4864],[127.83467,26.48558],[127.83556,26.48801]]],[[[127.83324,26.47601],[127.83314,26.47598],[127.83319,26.47606],[127.83324,26.47601]]],[[[127.83305,26.48657],[127.83312,26.48668],[127.83315,26.48663],[127.83305,26.48657]]],[[[127.83444,26.48717],[127.8344,26.48728],[127.83447,26.48732],[127.83444,26.48717]]],[[[127.8369,26.48486],[127.83702,26.48495],[127.83704,26.48486],[127.8369,26.48486]]],[[[127.83732,26.48511],[127.83777,26.48538],[127.8373,26.48497],[127.83732,26.48511]]],[[[127.83136,26.48406],[127.83211,26.48405],[127.83068,26.4836],[127.83136,26.48406]]],[[[127.83253,26.48472],[127.83276,26.48436],[127.83248,26.48439],[127.83253,26.48472]]],[[[127.83507,26.48796],[127.83503,26.48789],[127.83501,26.48795],[127.83507,26.48796]]],[[[127.83508,26.48802],[127.83552,26.4882],[127.83517,26.48794],[127.83508,26.48802]]],[[[127.83747,26.4922],[127.83748,26.49231],[127.83754,26.49228],[127.83747,26.4922]]],[[[127.83962,26.49416],[127.8396,26.49428],[127.83967,26.49422],[127.83962,26.49416]]],[[[127.83978,26.4942],[127.83965,26.49408],[127.83972,26.49424],[127.83978,26.4942]]],[[[127.83879,26.49511],[127.8378,26.49228],[127.83443,26.49281],[127.83879,26.49511]]],[[[127.83799,26.49146],[127.838,26.49158],[127.83806,26.49146],[127.83799,26.49146]]],[[[127.84038,26.48942],[127.84049,26.48952],[127.84053,26.48951],[127.84038,26.48942]]],[[[127.84077,26.48988],[127.84094,26.48992],[127.8408,26.48969],[127.84077,26.48988]]],[[[127.84097,26.49002],[127.84105,26.49012],[127.84105,26.49006],[127.84097,26.49002]]],[[[127.84239,26.49036],[127.84255,26.4905],[127.84259,26.49047],[127.84239,26.49036]]],[[[127.84276,26.49097],[127.843,26.4909],[127.84267,26.49091],[127.84276,26.49097]]],[[[127.88012,26.5057],[127.88025,26.50598],[127.88035,26.50598],[127.88012,26.5057]]],[[[127.87908,26.50684],[127.87911,26.50699],[127.87916,26.50695],[127.87908,26.50684]]],[[[127.88968,26.50525],[127.88951,26.50545],[127.88959,26.50556],[127.88968,26.50525]]],[[[127.88998,26.50608],[127.88988,26.50611],[127.88992,26.50617],[127.88998,26.50608]]],[[[127.89054,26.51141],[127.89053,26.51112],[127.89035,26.51109],[127.89054,26.51141]]],[[[127.89068,26.5113],[127.8907,26.51112],[127.89059,26.51105],[127.89068,26.5113]]],[[[127.89195,26.51228],[127.89205,26.51256],[127.89214,26.51253],[127.89195,26.51228]]],[[[127.8943,26.51327],[127.89444,26.51337],[127.89425,26.51318],[127.8943,26.51327]]],[[[127.9002,26.5151],[127.90023,26.51498],[127.90012,26.51499],[127.9002,26.5151]]],[[[127.90018,26.51526],[127.90043,26.51523],[127.90015,26.51517],[127.90018,26.51526]]],[[[127.89983,26.5166],[127.89977,26.51638],[127.89968,26.51642],[127.89983,26.5166]]],[[[127.90088,26.51612],[127.90064,26.51574],[127.90022,26.51559],[127.90088,26.51612]]],[[[127.86938,26.51327],[127.86912,26.5108],[127.86698,26.5128],[127.86938,26.51327]]],[[[127.87015,26.51308],[127.87396,26.51287],[127.87432,26.51227],[127.87015,26.51308]]],[[[127.86298,26.51191],[127.8631,26.51178],[127.863,26.51176],[127.86298,26.51191]]],[[[127.86345,26.51212],[127.86335,26.51217],[127.86344,26.51217],[127.86345,26.51212]]],[[[127.86421,26.51229],[127.86438,26.51233],[127.86432,26.51225],[127.86421,26.51229]]],[[[127.86399,26.51121],[127.86374,26.51109],[127.86336,26.51144],[127.86399,26.51121]]],[[[127.9008,26.51574],[127.90067,26.51564],[127.90065,26.51568],[127.9008,26.51574]]],[[[127.90052,26.51609],[127.90059,26.51636],[127.90074,26.51626],[127.90052,26.51609]]],[[[127.85309,26.5076],[127.8533,26.50748],[127.85322,26.50745],[127.85309,26.5076]]],[[[127.84322,26.50085],[127.84316,26.5011],[127.84329,26.5009],[127.84322,26.50085]]],[[[127.84339,26.50103],[127.8433,26.50099],[127.84333,26.50107],[127.84339,26.50103]]],[[[127.84337,26.50113],[127.8434,26.50134],[127.84349,26.50134],[127.84337,26.50113]]],[[[127.84369,26.50167],[127.84361,26.50159],[127.84365,26.5017],[127.84369,26.50167]]],[[[127.85077,26.50538],[127.85069,26.50528],[127.85068,26.50537],[127.85077,26.50538]]],[[[127.85274,26.50347],[127.85275,26.50333],[127.85267,26.50345],[127.85274,26.50347]]],[[[127.85288,26.5067],[127.85274,26.50659],[127.85281,26.50674],[127.85288,26.5067]]],[[[127.86751,26.51247],[127.86743,26.51249],[127.86747,26.51258],[127.86751,26.51247]]],[[[127.86978,26.51293],[127.86967,26.51302],[127.86974,26.5131],[127.86978,26.51293]]],[[[127.87023,26.51294],[127.86997,26.51292],[127.87017,26.51303],[127.87023,26.51294]]],[[[127.87004,26.51303],[127.86978,26.51302],[127.86998,26.51312],[127.87004,26.51303]]],[[[127.86237,26.50848],[127.86235,26.50817],[127.86223,26.50831],[127.86237,26.50848]]],[[[127.87345,26.50994],[127.87349,26.51008],[127.87351,26.51007],[127.87345,26.50994]]],[[[127.87378,26.50992],[127.87378,26.50986],[127.87372,26.50989],[127.87378,26.50992]]],[[[127.86258,26.50583],[127.862,26.50582],[127.86211,26.5066],[127.86258,26.50583]]],[[[127.86326,26.50694],[127.86274,26.50828],[127.86381,26.50733],[127.86326,26.50694]]],[[[127.7426,26.42323],[127.74259,26.42343],[127.74267,26.4234],[127.7426,26.42323]]],[[[127.74336,26.4241],[127.74329,26.42405],[127.7433,26.42412],[127.74336,26.4241]]],[[[127.74335,26.42421],[127.74338,26.42419],[127.74336,26.42419],[127.74335,26.42421]]],[[[127.74348,26.42395],[127.74338,26.42395],[127.74342,26.42399],[127.74348,26.42395]]],[[[127.74352,26.42407],[127.74341,26.42407],[127.74345,26.42412],[127.74352,26.42407]]],[[[127.74739,26.42735],[127.74747,26.42737],[127.74747,26.42734],[127.74739,26.42735]]],[[[127.90825,26.51997],[127.90814,26.52005],[127.90824,26.5202],[127.90825,26.51997]]],[[[127.90859,26.52022],[127.90848,26.52052],[127.90878,26.52077],[127.90859,26.52022]]],[[[127.91786,26.51998],[127.91798,26.52002],[127.91795,26.51993],[127.91786,26.51998]]],[[[127.91868,26.51914],[127.91894,26.51924],[127.91896,26.51891],[127.91868,26.51914]]],[[[127.91869,26.51958],[127.91889,26.51972],[127.91887,26.51956],[127.91869,26.51958]]],[[[127.78926,26.43646],[127.78897,26.43672],[127.78977,26.43677],[127.78926,26.43646]]],[[[127.78193,26.43771],[127.78201,26.43784],[127.78199,26.43768],[127.78193,26.43771]]],[[[127.78212,26.43759],[127.78211,26.4377],[127.7822,26.43769],[127.78212,26.43759]]],[[[127.79989,26.4446],[127.79997,26.44455],[127.79994,26.44451],[127.79989,26.4446]]],[[[127.79984,26.44455],[127.79982,26.44466],[127.79985,26.44468],[127.79984,26.44455]]],[[[127.80027,26.44435],[127.80013,26.44439],[127.80028,26.44435],[127.80027,26.44435]]],[[[127.80133,26.44738],[127.80067,26.44795],[127.80067,26.448],[127.8017,26.44784],[127.80133,26.44738]]],[[[127.80008,26.44442],[127.80044,26.4447],[127.80082,26.44437],[127.80008,26.44442]]]]}},{"type":"Feature","properties":{"pref":"沖縄県","name":"本部町","type":"町","code":"47308","region":"47"},"geometry":{"type":"MultiPolygon","coordinates":[[[[127.85567,26.6443],[127.85569,26.64438],[127.85573,26.64436],[127.85567,26.6443]]],[[[127.85576,26.64463],[127.8558,26.64481],[127.85583,26.64477],[127.85576,26.64463]]],[[[127.88552,26.63185],[127.88554,26.63178],[127.88551,26.63185],[127.88552,26.63185]]],[[[127.88614,26.63122],[127.88613,26.63125],[127.88615,26.63123],[127.88614,26.63122]]],[[[127.88579,26.63195],[127.88576,26.63198],[127.88577,26.63199],[127.88579,26.63195]]],[[[127.8848,26.63315],[127.88483,26.63313],[127.88476,26.63313],[127.8848,26.63315]]],[[[127.88494,26.63308],[127.88501,26.63315],[127.88502,26.63307],[127.88494,26.63308]]],[[[127.88499,26.63339],[127.88496,26.63339],[127.88499,26.63341],[127.88499,26.63339]]],[[[127.87111,26.64176],[127.87109,26.64179],[127.87111,26.64177],[127.87111,26.64176]]],[[[127.87126,26.64207],[127.87133,26.64206],[127.87129,26.64204],[127.87126,26.64207]]],[[[127.87125,26.6423],[127.87131,26.64234],[127.87129,26.64229],[127.87125,26.6423]]],[[[127.87146,26.65207],[127.87151,26.65211],[127.87151,26.65207],[127.87146,26.65207]]],[[[127.88002,26.65599],[127.87854,26.65468],[127.87843,26.65469],[127.87854,26.65494],[127.88002,26.65599]]],[[[127.87971,26.68144],[127.87976,26.68146],[127.87974,26.68144],[127.87971,26.68144]]],[[[127.87705,26.71199],[127.87684,26.71181],[127.87686,26.71189],[127.87705,26.71199]]],[[[127.87726,26.71198],[127.8773,26.71202],[127.87732,26.712],[127.87726,26.71198]]],[[[127.91062,26.70217],[127.91064,26.70223],[127.91065,26.70217],[127.91062,26.70217]]],[[[127.91095,26.7022],[127.91099,26.70224],[127.911,26.7022],[127.91095,26.7022]]],[[[127.91429,26.70311],[127.91423,26.70306],[127.91424,26.70311],[127.91429,26.70311]]],[[[127.91576,26.70284],[127.91582,26.70284],[127.91579,26.70282],[127.91576,26.70284]]],[[[127.91645,26.70221],[127.91649,26.70223],[127.9165,26.70221],[127.91645,26.70221]]],[[[127.9144,26.70317],[127.91434,26.70317],[127.91439,26.7032],[127.9144,26.70317]]],[[[127.85579,26.6454],[127.85576,26.64545],[127.85581,26.64543],[127.85579,26.6454]]],[[[127.85908,26.65183],[127.85907,26.65191],[127.85911,26.65189],[127.85908,26.65183]]],[[[127.86275,26.63059],[127.86279,26.63057],[127.86274,26.63056],[127.86275,26.63059]]],[[[127.86296,26.63166],[127.863,26.63164],[127.86296,26.63163],[127.86296,26.63166]]],[[[127.86296,26.63171],[127.86302,26.63172],[127.86301,26.63169],[127.86296,26.63171]]],[[[127.86406,26.65372],[127.86407,26.65379],[127.8641,26.65376],[127.86406,26.65372]]],[[[127.89034,26.61213],[127.89062,26.61017],[127.89044,26.60997],[127.89034,26.61213]]],[[[127.89058,26.61821],[127.89065,26.61823],[127.89063,26.61819],[127.89058,26.61821]]],[[[127.88875,26.62302],[127.88876,26.62306],[127.88877,26.62303],[127.88875,26.62302]]],[[[127.88881,26.62291],[127.88882,26.62296],[127.88884,26.62293],[127.88881,26.62291]]],[[[127.89093,26.61854],[127.89103,26.6185],[127.89093,26.61847],[127.89093,26.61854]]],[[[127.88638,26.63094],[127.88637,26.6309],[127.88635,26.63093],[127.88638,26.63094]]],[[[127.88356,26.63508],[127.88369,26.6351],[127.88359,26.63503],[127.88356,26.63508]]],[[[127.88341,26.63543],[127.88342,26.63548],[127.88345,26.63547],[127.88341,26.63543]]],[[[127.88287,26.63629],[127.88285,26.63615],[127.88278,26.63621],[127.88287,26.63629]]],[[[127.88302,26.63598],[127.88312,26.63599],[127.8831,26.63594],[127.88302,26.63598]]],[[[127.88211,26.6757],[127.88305,26.6738],[127.88299,26.6736],[127.88236,26.67426],[127.88191,26.67548],[127.88211,26.6757]]],[[[127.8799,26.68116],[127.87994,26.68118],[127.87994,26.68115],[127.8799,26.68116]]],[[[127.87675,26.68345],[127.87678,26.68344],[127.87675,26.68343],[127.87675,26.68345]]],[[[127.87788,26.68248],[127.87788,26.68251],[127.87789,26.68249],[127.87788,26.68248]]],[[[127.87751,26.68285],[127.87757,26.68287],[127.87758,26.68285],[127.87751,26.68285]]],[[[127.87842,26.68215],[127.8785,26.68214],[127.87846,26.6821],[127.87842,26.68215]]],[[[127.87854,26.68214],[127.87861,26.68215],[127.87856,26.68212],[127.87854,26.68214]]],[[[127.87819,26.68217],[127.87834,26.68223],[127.87833,26.68215],[127.87819,26.68217]]],[[[127.87954,26.68157],[127.87957,26.68153],[127.87954,26.68151],[127.87954,26.68157]]],[[[127.87899,26.68193],[127.87902,26.6819],[127.879,26.68187],[127.87899,26.68193]]],[[[127.87956,26.68163],[127.8796,26.68168],[127.8796,26.6816],[127.87956,26.68163]]],[[[127.88955,26.70417],[127.88956,26.70411],[127.88952,26.70416],[127.88955,26.70417]]],[[[127.89189,26.70417],[127.89194,26.70414],[127.89187,26.70414],[127.89189,26.70417]]],[[[127.89291,26.704],[127.89304,26.70392],[127.89298,26.70389],[127.89291,26.704]]],[[[127.87861,26.71037],[127.87863,26.71031],[127.87859,26.71034],[127.87861,26.71037]]],[[[127.88098,26.70976],[127.88088,26.70976],[127.8809,26.70979],[127.88098,26.70976]]],[[[127.87885,26.71108],[127.87892,26.71101],[127.87883,26.71105],[127.87885,26.71108]]],[[[127.88455,26.70837],[127.8846,26.70838],[127.88459,26.70834],[127.88455,26.70837]]],[[[127.88586,26.70757],[127.88584,26.70746],[127.88578,26.70758],[127.88586,26.70757]]],[[[127.88573,26.70766],[127.88578,26.70775],[127.88582,26.70765],[127.88573,26.70766]]],[[[127.87663,26.68348],[127.87668,26.68349],[127.87666,26.68347],[127.87663,26.68348]]],[[[127.8767,26.68349],[127.87673,26.6835],[127.87672,26.68349],[127.8767,26.68349]]],[[[127.87698,26.6956],[127.87693,26.69554],[127.87694,26.69561],[127.87698,26.6956]]],[[[127.87695,26.70057],[127.87686,26.7006],[127.87693,26.70068],[127.87695,26.70057]]],[[[127.87921,26.70989],[127.87756,26.71196],[127.87979,26.71012],[127.87921,26.70989]]],[[[127.85833,26.63125],[127.85953,26.63836],[127.85546,26.64399],[127.85511,26.64906],[127.86282,26.65345],[127.87079,26.65266],[127.87448,26.64876],[127.87076,26.6407],[127.86468,26.63579],[127.8623,26.62951],[127.85995,26.62903],[127.85833,26.63125]]],[[[127.88372,26.63518],[127.88369,26.63521],[127.88372,26.6352],[127.88372,26.63518]]],[[[127.8985,26.61027],[127.90085,26.60762],[127.89911,26.60507],[127.89473,26.60682],[127.89437,26.6159],[127.88687,26.62526],[127.88613,26.63197],[127.88269,26.63679],[127.88028,26.63627],[127.87897,26.64072],[127.8767,26.64115],[127.88013,26.64116],[127.8801,26.64295],[127.87789,26.64207],[127.87831,26.64433],[127.87994,26.64359],[127.88006,26.64542],[127.87843,26.64541],[127.8806,26.65063],[127.87884,26.65439],[127.88831,26.6606],[127.88968,26.65892],[127.89497,26.66049],[127.88849,26.66125],[127.89055,26.66388],[127.88796,26.67464],[127.88309,26.67584],[127.885,26.67734],[127.88299,26.67772],[127.88391,26.67885],[127.88224,26.67705],[127.88208,26.67984],[127.87419,26.68475],[127.87419,26.69213],[127.87814,26.69716],[127.87651,26.69944],[127.87861,26.69972],[127.88018,26.70353],[127.88005,26.70987],[127.89663,26.70161],[127.90159,26.70317],[127.90236,26.69952],[127.90565,26.69846],[127.91352,26.70314],[127.91825,26.70207],[127.92003,26.68842],[127.91736,26.68304],[127.92311,26.68222],[127.92965,26.67228],[127.93562,26.66986],[127.94508,26.67137],[127.94954,26.66649],[127.95538,26.67036],[127.95804,26.66971],[127.95957,26.65379],[127.96265,26.64877],[127.95902,26.63925],[127.95096,26.63706],[127.94558,26.63068],[127.93769,26.63103],[127.9342,26.63452],[127.92031,26.63392],[127.91675,26.63098],[127.91664,26.62808],[127.91218,26.62798],[127.90855,26.62282],[127.90899,26.61916],[127.90208,26.61648],[127.8985,26.61027]]],[[[127.88668,26.67483],[127.88678,26.67489],[127.88681,26.6748],[127.88668,26.67483]]],[[[127.91084,26.70218],[127.91088,26.70216],[127.91084,26.70215],[127.91084,26.70218]]],[[[127.87775,26.71101],[127.87781,26.71102],[127.87777,26.71098],[127.87775,26.71101]]],[[[127.87737,26.71199],[127.87742,26.71202],[127.87743,26.71199],[127.87737,26.71199]]],[[[127.87788,26.7116],[127.87798,26.71161],[127.87789,26.71157],[127.87788,26.7116]]],[[[127.87805,26.71169],[127.878,26.7117],[127.87804,26.71172],[127.87805,26.71169]]],[[[127.87836,26.71124],[127.87851,26.71122],[127.8785,26.71117],[127.87836,26.71124]]],[[[127.87698,26.71184],[127.87694,26.71181],[127.87693,26.71182],[127.87698,26.71184]]],[[[127.87698,26.71208],[127.87703,26.7121],[127.877,26.71207],[127.87698,26.71208]]],[[[127.87679,26.71191],[127.87682,26.71226],[127.87699,26.71201],[127.87679,26.71191]]],[[[127.87594,26.7125],[127.87581,26.71233],[127.87577,26.71251],[127.87594,26.7125]]],[[[127.8843,26.63453],[127.88433,26.63449],[127.88427,26.63451],[127.8843,26.63453]]],[[[127.88387,26.63506],[127.88389,26.63497],[127.88385,26.63504],[127.88387,26.63506]]],[[[127.81863,26.65131],[127.81759,26.65151],[127.81864,26.65137],[127.81863,26.65131]]],[[[127.81536,26.64811],[127.80951,26.64669],[127.81537,26.65134],[127.81828,26.65061],[127.82144,26.64545],[127.81745,26.64397],[127.81307,26.64518],[127.81604,26.64649],[127.81536,26.64811]]],[[[127.81251,26.64304],[127.81167,26.64311],[127.81273,26.64321],[127.81251,26.64304]]],[[[127.81578,26.65162],[127.81578,26.65215],[127.81586,26.65214],[127.81578,26.65162]]],[[[127.87095,26.64132],[127.87097,26.64134],[127.87097,26.64132],[127.87095,26.64132]]],[[[127.87103,26.64119],[127.87112,26.64124],[127.87112,26.64119],[127.87103,26.64119]]],[[[127.87091,26.64138],[127.87092,26.64142],[127.87093,26.6414],[127.87091,26.64138]]],[[[127.87107,26.64154],[127.87106,26.64162],[127.87111,26.64159],[127.87107,26.64154]]],[[[127.87097,26.64171],[127.87102,26.64176],[127.87101,26.6417],[127.87097,26.64171]]],[[[127.90337,26.69912],[127.90349,26.69933],[127.90364,26.69915],[127.90337,26.69912]]],[[[127.90891,26.69976],[127.90895,26.69985],[127.90896,26.69979],[127.90891,26.69976]]],[[[127.90936,26.70062],[127.90938,26.70074],[127.9094,26.70063],[127.90936,26.70062]]],[[[127.9107,26.70215],[127.91072,26.7021],[127.91068,26.70213],[127.9107,26.70215]]]]}},{"type":"Feature","properties":{"pref":"沖縄県","name":"東村","type":"村","code":"47303","region":"47"},"geometry":{"type":"MultiPolygon","coordinates":[[[[128.2015,26.62465],[128.20163,26.62467],[128.20154,26.62461],[128.2015,26.62465]]],[[[128.20183,26.62453],[128.20189,26.62446],[128.20182,26.62451],[128.20183,26.62453]]],[[[128.20209,26.62447],[128.20225,26.62439],[128.2022,26.62434],[128.20209,26.62447]]],[[[128.19726,26.62518],[128.19729,26.62516],[128.19725,26.62517],[128.19726,26.62518]]],[[[128.19733,26.62528],[128.19732,26.62521],[128.1973,26.62527],[128.19733,26.62528]]],[[[128.1974,26.62533],[128.19737,26.62542],[128.19742,26.62544],[128.1974,26.62533]]],[[[128.20316,26.62567],[128.20326,26.62551],[128.20306,26.62542],[128.20316,26.62567]]],[[[128.2063,26.62528],[128.2064,26.6252],[128.20628,26.62519],[128.2063,26.62528]]],[[[128.1341,26.60051],[128.13394,26.60047],[128.13407,26.60055],[128.1341,26.60051]]],[[[128.13406,26.60024],[128.1342,26.60046],[128.13424,26.60044],[128.13406,26.60024]]],[[[128.12966,26.60124],[128.12968,26.60135],[128.12975,26.6013],[128.12966,26.60124]]],[[[128.13046,26.60074],[128.13036,26.60075],[128.13046,26.60081],[128.13046,26.60074]]],[[[128.13098,26.60047],[128.13094,26.60062],[128.13109,26.60055],[128.13098,26.60047]]],[[[128.1316,26.60039],[128.13139,26.60055],[128.13159,26.60064],[128.1316,26.60039]]],[[[128.13882,26.60038],[128.13878,26.60044],[128.13887,26.60048],[128.13882,26.60038]]],[[[128.13904,26.60033],[128.13895,26.6004],[128.13906,26.60044],[128.13904,26.60033]]],[[[128.14069,26.59892],[128.1408,26.59901],[128.14074,26.59887],[128.14069,26.59892]]],[[[128.14325,26.59848],[128.14327,26.59852],[128.14326,26.59848],[128.14325,26.59848]]],[[[128.14321,26.59874],[128.14324,26.59876],[128.14322,26.59873],[128.14321,26.59874]]],[[[128.14353,26.59858],[128.14362,26.59862],[128.14353,26.59854],[128.14353,26.59858]]],[[[128.14401,26.59833],[128.14404,26.59842],[128.14407,26.5984],[128.14401,26.59833]]],[[[128.14614,26.5979],[128.14622,26.59803],[128.14615,26.59788],[128.14614,26.5979]]],[[[128.15027,26.59746],[128.15036,26.59739],[128.15033,26.59734],[128.15027,26.59746]]],[[[128.15659,26.62842],[128.15642,26.62841],[128.15656,26.62845],[128.15659,26.62842]]],[[[128.1567,26.62835],[128.15655,26.62803],[128.15647,26.62807],[128.1567,26.62835]]],[[[128.17972,26.62449],[128.17958,26.62448],[128.17972,26.62462],[128.17972,26.62449]]],[[[128.1804,26.62406],[128.18043,26.62438],[128.18049,26.62411],[128.1804,26.62406]]],[[[128.1811,26.62419],[128.18117,26.62419],[128.18115,26.62415],[128.1811,26.62419]]],[[[128.18381,26.62387],[128.18389,26.62379],[128.18382,26.62376],[128.18381,26.62387]]],[[[128.16054,26.62971],[128.16064,26.62975],[128.16061,26.62968],[128.16054,26.62971]]],[[[128.15506,26.60528],[128.15559,26.60527],[128.15526,26.60505],[128.15506,26.60528]]],[[[128.2147,26.62733],[128.21481,26.6272],[128.2147,26.62724],[128.2147,26.62733]]],[[[128.21505,26.62657],[128.21522,26.62654],[128.21511,26.62647],[128.21505,26.62657]]],[[[128.21483,26.62757],[128.21496,26.62748],[128.21476,26.62737],[128.21483,26.62757]]],[[[128.21522,26.62824],[128.21524,26.62814],[128.21518,26.62814],[128.21522,26.62824]]],[[[128.21555,26.62806],[128.21558,26.62791],[128.2155,26.62792],[128.21555,26.62806]]],[[[128.21946,26.62899],[128.21964,26.62894],[128.21948,26.62865],[128.21946,26.62899]]],[[[128.22,26.62902],[128.22,26.62914],[128.22006,26.62914],[128.22,26.62902]]],[[[128.22005,26.62918],[128.22011,26.62933],[128.22015,26.62933],[128.22005,26.62918]]],[[[128.2237,26.62964],[128.22388,26.62967],[128.22384,26.62955],[128.2237,26.62964]]],[[[128.22596,26.62977],[128.22589,26.62993],[128.22596,26.62994],[128.22596,26.62977]]],[[[128.22678,26.62998],[128.22682,26.63011],[128.2268,26.62997],[128.22678,26.62998]]],[[[128.22758,26.63055],[128.22786,26.63061],[128.22762,26.63048],[128.22758,26.63055]]],[[[128.22801,26.63053],[128.22803,26.63064],[128.22808,26.63055],[128.22801,26.63053]]],[[[128.23196,26.63074],[128.232,26.63069],[128.23195,26.63068],[128.23196,26.63074]]],[[[128.23616,26.63081],[128.23647,26.63101],[128.2362,26.63071],[128.23616,26.63081]]],[[[128.23704,26.63047],[128.23699,26.6309],[128.23721,26.63073],[128.23704,26.63047]]],[[[128.23733,26.63051],[128.23751,26.63052],[128.23734,26.63041],[128.23733,26.63051]]],[[[128.23824,26.632],[128.23823,26.63211],[128.23828,26.63209],[128.23824,26.632]]],[[[128.23861,26.63239],[128.23878,26.63252],[128.23878,26.63227],[128.23861,26.63239]]],[[[128.23903,26.63259],[128.23906,26.63285],[128.23913,26.63259],[128.23903,26.63259]]],[[[128.23938,26.63307],[128.23932,26.63324],[128.23937,26.63326],[128.23938,26.63307]]],[[[128.23941,26.63289],[128.23971,26.63301],[128.23954,26.63277],[128.23941,26.63289]]],[[[128.24019,26.63421],[128.2402,26.63433],[128.24026,26.63422],[128.24019,26.63421]]],[[[128.24048,26.63399],[128.24059,26.63415],[128.24059,26.63402],[128.24048,26.63399]]],[[[128.24066,26.63424],[128.24076,26.63463],[128.24087,26.63434],[128.24066,26.63424]]],[[[128.24091,26.63414],[128.24086,26.63427],[128.24093,26.63425],[128.24091,26.63414]]],[[[128.24357,26.63681],[128.24362,26.637],[128.24364,26.63679],[128.24357,26.63681]]],[[[128.24367,26.63676],[128.24374,26.63688],[128.24372,26.63673],[128.24367,26.63676]]],[[[128.2424,26.63652],[128.2425,26.63659],[128.24244,26.6365],[128.2424,26.63652]]],[[[128.24298,26.63664],[128.24302,26.63674],[128.24307,26.63663],[128.24298,26.63664]]],[[[128.24323,26.63654],[128.24338,26.63664],[128.24326,26.63651],[128.24323,26.63654]]],[[[128.24391,26.63723],[128.24399,26.63732],[128.24398,26.6372],[128.24391,26.63723]]],[[[128.24463,26.63766],[128.24465,26.63774],[128.24467,26.63766],[128.24463,26.63766]]],[[[128.2448,26.63783],[128.24483,26.63793],[128.24484,26.63784],[128.2448,26.63783]]],[[[128.24495,26.6382],[128.24509,26.63809],[128.24496,26.63803],[128.24495,26.6382]]],[[[128.24543,26.64064],[128.24567,26.64055],[128.24541,26.64056],[128.24543,26.64064]]],[[[128.24599,26.64114],[128.2461,26.64125],[128.2461,26.64114],[128.24599,26.64114]]],[[[128.24626,26.64122],[128.24631,26.64133],[128.24631,26.64121],[128.24626,26.64122]]],[[[128.24648,26.64206],[128.24669,26.64224],[128.24659,26.64201],[128.24648,26.64206]]],[[[128.24952,26.64298],[128.24957,26.64311],[128.24964,26.64297],[128.24952,26.64298]]],[[[128.26049,26.65784],[128.26059,26.65786],[128.26048,26.6577],[128.26049,26.65784]]],[[[128.26061,26.6577],[128.26059,26.65775],[128.26064,26.65777],[128.26061,26.6577]]],[[[128.25661,26.65908],[128.25664,26.65917],[128.25667,26.65915],[128.25661,26.65908]]],[[[128.26429,26.65977],[128.26433,26.65997],[128.26442,26.65984],[128.26429,26.65977]]],[[[128.26375,26.66157],[128.26384,26.66165],[128.26379,26.66156],[128.26375,26.66157]]],[[[128.14652,26.62145],[128.14665,26.62148],[128.14658,26.62139],[128.14652,26.62145]]],[[[128.14667,26.6215],[128.14673,26.62142],[128.14671,26.62141],[128.14667,26.6215]]],[[[128.14679,26.62143],[128.14691,26.62147],[128.14687,26.6214],[128.14679,26.62143]]],[[[128.14709,26.62153],[128.14721,26.62156],[128.1472,26.6214],[128.14709,26.62153]]],[[[128.14727,26.62146],[128.14731,26.62157],[128.14733,26.62145],[128.14727,26.62146]]],[[[128.14681,26.62679],[128.14676,26.6266],[128.14671,26.62662],[128.14681,26.62679]]],[[[128.14794,26.62772],[128.14777,26.62773],[128.14792,26.6278],[128.14794,26.62772]]],[[[128.10306,26.60214],[128.09568,26.6104],[128.09955,26.61239],[128.09834,26.61519],[128.10892,26.62222],[128.10739,26.62729],[128.10948,26.63052],[128.1136,26.63206],[128.117,26.62963],[128.11932,26.63625],[128.12248,26.63723],[128.12512,26.6411],[128.12868,26.63846],[128.13317,26.64761],[128.13616,26.64868],[128.14278,26.64624],[128.14491,26.64759],[128.14746,26.64348],[128.15315,26.64452],[128.15718,26.64177],[128.16323,26.65048],[128.16914,26.65248],[128.17587,26.66522],[128.17867,26.66557],[128.18052,26.66894],[128.18663,26.67038],[128.18815,26.67474],[128.19228,26.67768],[128.19289,26.68344],[128.2001,26.68963],[128.20611,26.68968],[128.2085,26.69879],[128.22112,26.70471],[128.22207,26.70844],[128.23381,26.70357],[128.24252,26.70306],[128.24167,26.69842],[128.24402,26.68962],[128.25008,26.6863],[128.25103,26.67969],[128.26058,26.6685],[128.26471,26.66776],[128.26383,26.65929],[128.25954,26.65733],[128.25675,26.65982],[128.25522,26.65427],[128.25103,26.65173],[128.25177,26.64545],[128.25012,26.64324],[128.24657,26.64307],[128.24355,26.63979],[128.24437,26.63752],[128.24057,26.63667],[128.2385,26.63191],[128.23533,26.63049],[128.22995,26.63152],[128.22331,26.62872],[128.21649,26.62903],[128.21262,26.6261],[128.18251,26.62373],[128.17266,26.62784],[128.16604,26.62703],[128.16741,26.62837],[128.16537,26.62763],[128.15939,26.63088],[128.15728,26.62938],[128.14804,26.62936],[128.14543,26.62221],[128.14961,26.61724],[128.14951,26.6144],[128.15323,26.61333],[128.15521,26.60819],[128.1514,26.60174],[128.15213,26.59763],[128.14095,26.59901],[128.13979,26.60132],[128.13774,26.59876],[128.1356,26.59863],[128.13806,26.59948],[128.12447,26.60319],[128.12859,26.59264],[128.12027,26.58949],[128.11293,26.59508],[128.11241,26.59966],[128.10306,26.60214]]],[[[128.15038,26.59735],[128.1505,26.59738],[128.15042,26.59732],[128.15038,26.59735]]],[[[128.1542,26.60498],[128.15437,26.60499],[128.15422,26.60487],[128.1542,26.60498]]],[[[128.1551,26.60553],[128.15535,26.6055],[128.15506,26.60544],[128.1551,26.60553]]],[[[128.15225,26.61427],[128.15232,26.61423],[128.15223,26.61419],[128.15225,26.61427]]],[[[128.15386,26.61105],[128.15393,26.61115],[128.15396,26.61113],[128.15386,26.61105]]],[[[128.15334,26.61316],[128.15348,26.61326],[128.15347,26.61314],[128.15334,26.61316]]],[[[128.15301,26.6032],[128.15349,26.60344],[128.15305,26.6031],[128.15301,26.6032]]],[[[128.252,26.6457],[128.25199,26.64547],[128.25187,26.64547],[128.252,26.6457]]],[[[128.25285,26.64801],[128.25272,26.64791],[128.25273,26.64803],[128.25285,26.64801]]],[[[128.25273,26.64809],[128.25294,26.64834],[128.25295,26.64803],[128.25273,26.64809]]],[[[128.25296,26.64794],[128.25305,26.64805],[128.25308,26.648],[128.25296,26.64794]]],[[[128.25207,26.64541],[128.25251,26.64614],[128.25209,26.64526],[128.25207,26.64541]]],[[[128.25046,26.64327],[128.25057,26.64336],[128.25054,26.64327],[128.25046,26.64327]]],[[[128.25292,26.64843],[128.25298,26.64858],[128.25305,26.64855],[128.25292,26.64843]]],[[[128.25317,26.65333],[128.25324,26.65342],[128.25327,26.6533],[128.25317,26.65333]]],[[[128.2529,26.65341],[128.25295,26.65348],[128.25297,26.65339],[128.2529,26.65341]]],[[[128.2603,26.65765],[128.26041,26.65773],[128.26039,26.65761],[128.2603,26.65765]]],[[[128.15164,26.59701],[128.15173,26.59713],[128.15173,26.59702],[128.15164,26.59701]]],[[[128.25432,26.65383],[128.25448,26.65389],[128.25444,26.65375],[128.25432,26.65383]]],[[[128.25606,26.65751],[128.25608,26.6576],[128.25613,26.65759],[128.25606,26.65751]]],[[[128.20397,26.62575],[128.20407,26.62574],[128.20399,26.62571],[128.20397,26.62575]]],[[[128.2075,26.62574],[128.20757,26.62567],[128.20749,26.62566],[128.2075,26.62574]]],[[[128.20837,26.62603],[128.20819,26.62596],[128.20829,26.62608],[128.20837,26.62603]]],[[[128.20928,26.62617],[128.20933,26.62609],[128.20923,26.62609],[128.20928,26.62617]]],[[[128.20982,26.62639],[128.20992,26.62636],[128.20984,26.62633],[128.20982,26.62639]]],[[[128.21335,26.62664],[128.21347,26.62653],[128.21336,26.62653],[128.21335,26.62664]]]]}},{"type":"Feature","properties":{"pref":"沖縄県","name":"沖縄市","type":"市","code":"47211","region":"47"},"geometry":{"type":"MultiPolygon","coordinates":[[[[127.83629,26.32322],[127.83603,26.32254],[127.836,26.32255],[127.83629,26.32322]]],[[[127.83668,26.32401],[127.83642,26.32342],[127.83639,26.32343],[127.83668,26.32401]]],[[[127.83887,26.32348],[127.83882,26.32346],[127.83827,26.3237],[127.83887,26.32348]]],[[[127.84311,26.33438],[127.84876,26.33062],[127.85562,26.32618],[127.85351,26.32454],[127.84382,26.32698],[127.84252,26.32537],[127.84377,26.32703],[127.84168,26.32915],[127.83964,26.32753],[127.84075,26.326],[127.83725,26.32943],[127.84311,26.33438]]],[[[127.77863,26.32931],[127.77216,26.33928],[127.77785,26.34297],[127.78045,26.34123],[127.78451,26.34824],[127.78342,26.35229],[127.7793,26.3509],[127.77808,26.36622],[127.78277,26.37278],[127.78287,26.38194],[127.78129,26.38256],[127.7862,26.38833],[127.78856,26.40612],[127.78511,26.40796],[127.78431,26.41053],[127.78834,26.42175],[127.79366,26.41054],[127.79239,26.40923],[127.79436,26.4037],[127.80384,26.39125],[127.80822,26.39331],[127.81181,26.39973],[127.82005,26.3902],[127.82057,26.38684],[127.82566,26.39305],[127.83079,26.38944],[127.83273,26.38351],[127.83613,26.38375],[127.83689,26.38047],[127.82879,26.37588],[127.8304,26.37474],[127.83031,26.36744],[127.82451,26.36211],[127.82277,26.36311],[127.82119,26.35949],[127.82244,26.35745],[127.82658,26.35739],[127.82481,26.35166],[127.82965,26.34447],[127.83789,26.34008],[127.84256,26.33462],[127.8347,26.32595],[127.83908,26.32436],[127.83597,26.32538],[127.83491,26.32229],[127.83745,26.32391],[127.84075,26.32284],[127.84052,26.32086],[127.84125,26.32284],[127.84155,26.32021],[127.84699,26.31931],[127.8478,26.3151],[127.84658,26.31372],[127.84538,26.31519],[127.84725,26.31535],[127.83715,26.31514],[127.83366,26.31289],[127.82927,26.31318],[127.82849,26.31102],[127.83127,26.3096],[127.83345,26.30539],[127.83658,26.30751],[127.84161,26.30756],[127.84426,26.30398],[127.84671,26.30397],[127.84699,26.30221],[127.84928,26.30269],[127.84929,26.30152],[127.84691,26.30194],[127.84653,26.29949],[127.84547,26.29896],[127.8465,26.30058],[127.84318,26.30161],[127.83821,26.2996],[127.8285,26.31074],[127.82741,26.30672],[127.82873,26.30413],[127.82539,26.30661],[127.8107,26.30509],[127.80738,26.31086],[127.80651,26.31805],[127.80852,26.32295],[127.80724,26.32605],[127.80062,26.32572],[127.79774,26.3211],[127.79515,26.32273],[127.79285,26.32032],[127.79575,26.31862],[127.79071,26.31576],[127.78576,26.31801],[127.77868,26.31752],[127.78206,26.32155],[127.77755,26.3256],[127.77863,26.32931]]],[[[127.86846,26.30643],[127.86041,26.30615],[127.86041,26.30622],[127.86846,26.30643]]]]}},{"type":"Feature","properties":{"pref":"沖縄県","name":"浦添市","type":"市","code":"47208","region":"47"},"geometry":{"type":"MultiPolygon","coordinates":[[[[127.67497,26.2461],[127.66863,26.2461],[127.66893,26.25063],[127.67309,26.25062],[127.67309,26.25198],[127.67314,26.25062],[127.67755,26.25062],[127.67494,26.25038],[127.67497,26.2461]]],[[[127.67989,26.24431],[127.67668,26.24549],[127.67674,26.24611],[127.68031,26.24611],[127.67863,26.24593],[127.67989,26.24431]]],[[[127.68282,26.24327],[127.681,26.24391],[127.68024,26.24555],[127.68203,26.24429],[127.68282,26.24327]]],[[[127.72279,26.27447],[127.72357,26.27428],[127.72278,26.27443],[127.72279,26.27447]]],[[[127.69639,26.23958],[127.68508,26.24258],[127.68366,26.25579],[127.67606,26.25673],[127.6731,26.25517],[127.67597,26.25685],[127.68578,26.25683],[127.69087,26.25513],[127.70021,26.26569],[127.70419,26.26718],[127.70842,26.27397],[127.71083,26.27112],[127.71263,26.2745],[127.72079,26.27426],[127.71991,26.27018],[127.72059,26.27207],[127.72257,26.27357],[127.72195,26.27103],[127.72429,26.27281],[127.7271,26.26689],[127.72936,26.26756],[127.73023,26.26608],[127.72817,26.26146],[127.73195,26.25913],[127.73186,26.25507],[127.73882,26.2534],[127.73944,26.25733],[127.74225,26.25797],[127.75296,26.25133],[127.75021,26.2502],[127.74733,26.24472],[127.73984,26.2397],[127.73873,26.23646],[127.73423,26.23511],[127.73281,26.23728],[127.72586,26.23344],[127.70421,26.23345],[127.7008,26.23726],[127.69781,26.23675],[127.69639,26.23958]]],[[[127.6711,26.25467],[127.67251,26.25454],[127.6711,26.25455],[127.6711,26.25467]]],[[[127.6679,26.26184],[127.65406,26.25778],[127.66938,26.2625],[127.6679,26.26184]]],[[[127.67602,26.24857],[127.67662,26.24839],[127.67602,26.2484],[127.67602,26.24857]]]]}},{"type":"Feature","properties":{"pref":"沖縄県","name":"渡名喜村","type":"村","code":"47356","region":"47"},"geometry":{"type":"MultiPolygon","coordinates":[[[[127.10283,26.38243],[127.1029,26.38252],[127.10288,26.38244],[127.10283,26.38243]]],[[[127.13716,26.35825],[127.13737,26.35811],[127.13719,26.35801],[127.13716,26.35825]]],[[[127.13807,26.36014],[127.13865,26.36045],[127.13814,26.35982],[127.13807,26.36014]]],[[[127.14178,26.35835],[127.14188,26.35849],[127.14182,26.35834],[127.14178,26.35835]]],[[[127.14182,26.35398],[127.14218,26.35375],[127.14182,26.35377],[127.14182,26.35398]]],[[[127.14162,26.3583],[127.14136,26.35792],[127.14125,26.35825],[127.14162,26.3583]]],[[[127.14777,26.37087],[127.14812,26.37006],[127.14769,26.37084],[127.14777,26.37087]]],[[[127.1473,26.37196],[127.14767,26.3711],[127.14722,26.37193],[127.1473,26.37196]]],[[[127.1488,26.37316],[127.14892,26.37316],[127.14881,26.37311],[127.1488,26.37316]]],[[[127.149,26.3738],[127.14912,26.37383],[127.1491,26.37378],[127.149,26.3738]]],[[[127.1488,26.37383],[127.1489,26.37389],[127.14886,26.3738],[127.1488,26.37383]]],[[[127.14403,26.37829],[127.14401,26.37851],[127.14413,26.37831],[127.14403,26.37829]]],[[[127.14588,26.38195],[127.146,26.38197],[127.14591,26.3819],[127.14588,26.38195]]],[[[127.14943,26.37465],[127.14956,26.37469],[127.14946,26.37459],[127.14943,26.37465]]],[[[127.15364,26.38134],[127.15389,26.3816],[127.15396,26.38137],[127.15364,26.38134]]],[[[127.14984,26.38166],[127.14984,26.38185],[127.14995,26.38166],[127.14984,26.38166]]],[[[127.15318,26.38158],[127.15315,26.38137],[127.15311,26.38156],[127.15318,26.38158]]],[[[127.15344,26.38182],[127.1534,26.38162],[127.15335,26.38181],[127.15344,26.38182]]],[[[127.1,26.38229],[127.10035,26.38785],[127.10507,26.38704],[127.10433,26.38339],[127.1,26.38229]]],[[[127.14167,26.35547],[127.14213,26.35924],[127.13688,26.36504],[127.13806,26.36829],[127.13656,26.37146],[127.1391,26.37196],[127.13774,26.36968],[127.1403,26.37053],[127.1408,26.37428],[127.13686,26.37303],[127.13885,26.37701],[127.1443,26.37719],[127.14589,26.38184],[127.15047,26.38144],[127.15093,26.37768],[127.14632,26.37161],[127.14968,26.36305],[127.15403,26.36107],[127.16122,26.36418],[127.1614,26.36221],[127.15791,26.35693],[127.14657,26.35192],[127.14645,26.34838],[127.14439,26.34973],[127.14537,26.35234],[127.14167,26.35547]]],[[[127.10001,26.38173],[127.09991,26.38162],[127.09988,26.38165],[127.10001,26.38173]]],[[[127.14588,26.38211],[127.14599,26.38219],[127.14595,26.38209],[127.14588,26.38211]]],[[[127.15304,26.35301],[127.15385,26.35384],[127.1539,26.35301],[127.15304,26.35301]]],[[[127.13309,26.37351],[127.13089,26.3723],[127.13082,26.37241],[127.13309,26.37351]]],[[[127.1305,26.37296],[127.12899,26.37204],[127.1289,26.3722],[127.1305,26.37296]]],[[[127.10015,26.38314],[127.10034,26.38322],[127.10016,26.38311],[127.10015,26.38314]]],[[[127.09909,26.3816],[127.09928,26.38189],[127.09941,26.38183],[127.09909,26.3816]]],[[[127.10018,26.38179],[127.10033,26.38177],[127.10015,26.38177],[127.10018,26.38179]]],[[[127.09948,26.38144],[127.09957,26.38151],[127.09956,26.38139],[127.09948,26.38144]]]]}},{"type":"Feature","properties":{"pref":"沖縄県","name":"渡嘉敷村","type":"村","code":"47353","region":"47"},"geometry":{"type":"MultiPolygon","coordinates":[[[[127.33672,26.15958],[127.3368,26.15921],[127.33645,26.15928],[127.33672,26.15958]]],[[[127.33783,26.1589],[127.33783,26.15882],[127.33779,26.15886],[127.33783,26.1589]]],[[[127.33806,26.1589],[127.33796,26.15881],[127.33793,26.15886],[127.33806,26.1589]]],[[[127.33654,26.16177],[127.33648,26.16172],[127.33647,26.16176],[127.33654,26.16177]]],[[[127.33703,26.16063],[127.33703,26.16055],[127.33698,26.1606],[127.33703,26.16063]]],[[[127.33716,26.16163],[127.33724,26.1616],[127.33712,26.16158],[127.33716,26.16163]]],[[[127.3395,26.16073],[127.33945,26.16079],[127.3395,26.16082],[127.3395,26.16073]]],[[[127.34557,26.15716],[127.34561,26.15709],[127.34557,26.15712],[127.34557,26.15716]]],[[[127.34594,26.15748],[127.34593,26.15741],[127.34588,26.15745],[127.34594,26.15748]]],[[[127.34622,26.15723],[127.34625,26.15732],[127.34625,26.15725],[127.34622,26.15723]]],[[[127.37225,26.23183],[127.37157,26.23154],[127.37153,26.23181],[127.37225,26.23183]]],[[[127.37262,26.22713],[127.37231,26.22702],[127.37241,26.2272],[127.37262,26.22713]]],[[[127.37293,26.2269],[127.37283,26.2273],[127.37311,26.22725],[127.37293,26.2269]]],[[[127.3722,26.22771],[127.37229,26.22769],[127.37221,26.22768],[127.3722,26.22771]]],[[[127.3723,26.22812],[127.37241,26.22803],[127.37232,26.228],[127.3723,26.22812]]],[[[127.37292,26.229],[127.37272,26.22875],[127.37262,26.22891],[127.37292,26.229]]],[[[127.40572,26.24865],[127.40561,26.24854],[127.40562,26.24864],[127.40572,26.24865]]],[[[127.40617,26.24844],[127.40599,26.24835],[127.40598,26.24845],[127.40617,26.24844]]],[[[127.43857,26.20007],[127.43884,26.19977],[127.43855,26.19988],[127.43857,26.20007]]],[[[127.43938,26.2001],[127.43949,26.19991],[127.4393,26.19972],[127.43938,26.2001]]],[[[127.44121,26.20039],[127.4413,26.20029],[127.44124,26.20025],[127.44121,26.20039]]],[[[127.44284,26.20104],[127.44311,26.20101],[127.44272,26.20071],[127.44284,26.20104]]],[[[127.44414,26.20004],[127.44415,26.19994],[127.44409,26.19997],[127.44414,26.20004]]],[[[127.44352,26.20031],[127.44367,26.20016],[127.4435,26.20013],[127.44352,26.20031]]],[[[127.44723,26.20418],[127.44736,26.20422],[127.44735,26.20414],[127.44723,26.20418]]],[[[127.44065,26.20473],[127.44059,26.20477],[127.44064,26.20481],[127.44065,26.20473]]],[[[127.44082,26.20519],[127.4406,26.20524],[127.44075,26.20538],[127.44082,26.20519]]],[[[127.44113,26.20666],[127.44104,26.20641],[127.44098,26.20662],[127.44113,26.20666]]],[[[127.44286,26.20939],[127.44293,26.20913],[127.44281,26.20908],[127.44286,26.20939]]],[[[127.44583,26.21644],[127.44581,26.21639],[127.44579,26.21643],[127.44583,26.21644]]],[[[127.44596,26.21629],[127.44608,26.2164],[127.44613,26.21635],[127.44596,26.21629]]],[[[127.34151,26.13854],[127.34301,26.14585],[127.34709,26.14498],[127.34324,26.14072],[127.34393,26.1392],[127.34151,26.13854]]],[[[127.33711,26.16075],[127.33866,26.1626],[127.3372,26.16364],[127.34071,26.16478],[127.33813,26.15912],[127.33711,26.16075]]],[[[127.3407,26.16962],[127.3408,26.16965],[127.34071,26.16956],[127.3407,26.16962]]],[[[127.34065,26.16977],[127.34066,26.1697],[127.34061,26.16972],[127.34065,26.16977]]],[[[127.34054,26.17013],[127.34035,26.1699],[127.3403,26.16997],[127.34054,26.17013]]],[[[127.34048,26.17109],[127.34071,26.17083],[127.34044,26.17077],[127.34048,26.17109]]],[[[127.34063,26.16921],[127.34125,26.16942],[127.34078,26.16883],[127.34063,26.16921]]],[[[127.34112,26.16889],[127.34156,26.16922],[127.34141,26.16884],[127.34112,26.16889]]],[[[127.34711,26.16579],[127.34679,26.16689],[127.34723,26.16659],[127.34711,26.16579]]],[[[127.34087,26.16967],[127.34095,26.16971],[127.34089,26.16963],[127.34087,26.16967]]],[[[127.34147,26.17209],[127.34164,26.17213],[127.34151,26.17204],[127.34147,26.17209]]],[[[127.34718,26.16718],[127.34767,26.16719],[127.34766,26.16712],[127.34718,26.16718]]],[[[127.36237,26.16178],[127.36244,26.16191],[127.36248,26.16176],[127.36237,26.16178]]],[[[127.36243,26.16201],[127.36253,26.1621],[127.36256,26.162],[127.36243,26.16201]]],[[[127.3626,26.16178],[127.36272,26.1619],[127.36271,26.16176],[127.3626,26.16178]]],[[[127.36221,26.16261],[127.36217,26.16284],[127.36228,26.16274],[127.36221,26.16261]]],[[[127.36219,26.16738],[127.36239,26.16725],[127.36216,26.16728],[127.36219,26.16738]]],[[[127.36245,26.16621],[127.36274,26.1664],[127.36259,26.16619],[127.36245,26.16621]]],[[[127.4491,26.23133],[127.45023,26.23407],[127.45236,26.23403],[127.45203,26.227],[127.4491,26.23133]]],[[[127.45526,26.24108],[127.45539,26.24116],[127.45542,26.24113],[127.45526,26.24108]]],[[[127.45558,26.24129],[127.4554,26.24126],[127.4554,26.24132],[127.45558,26.24129]]],[[[127.45646,26.24174],[127.4564,26.24178],[127.45645,26.24178],[127.45646,26.24174]]],[[[127.45698,26.24209],[127.45699,26.24199],[127.45695,26.24202],[127.45698,26.24209]]],[[[127.45936,26.23933],[127.45934,26.23925],[127.4593,26.23931],[127.45936,26.23933]]],[[[127.45658,26.24165],[127.4588,26.24178],[127.45931,26.23875],[127.45534,26.23759],[127.45658,26.24165]]],[[[127.40371,26.25],[127.40108,26.25546],[127.40311,26.25662],[127.40558,26.25486],[127.40742,26.24788],[127.40371,26.25]]],[[[127.34605,26.14597],[127.34599,26.14588],[127.34597,26.14594],[127.34605,26.14597]]],[[[127.34533,26.1571],[127.34546,26.15695],[127.34519,26.15695],[127.34533,26.1571]]],[[[127.34596,26.15715],[127.34581,26.15713],[127.34592,26.15721],[127.34596,26.15715]]],[[[127.34821,26.16667],[127.3456,26.17017],[127.34079,26.16988],[127.34192,26.17582],[127.33889,26.18273],[127.34086,26.18511],[127.34416,26.18346],[127.34772,26.18565],[127.34782,26.18815],[127.34416,26.19037],[127.34594,26.193],[127.34537,26.20161],[127.34979,26.20643],[127.34832,26.21105],[127.35532,26.21747],[127.35279,26.22542],[127.35717,26.22647],[127.3702,26.21979],[127.37442,26.2038],[127.37137,26.20066],[127.36724,26.20046],[127.36719,26.19871],[127.36841,26.19734],[127.37308,26.1981],[127.36984,26.1933],[127.37288,26.19008],[127.36823,26.18931],[127.35844,26.18089],[127.36426,26.15717],[127.36166,26.15567],[127.35679,26.15733],[127.35247,26.15611],[127.34907,26.14973],[127.35037,26.14742],[127.34769,26.1457],[127.34564,26.14648],[127.34623,26.1504],[127.34407,26.15105],[127.34691,26.1586],[127.34493,26.16162],[127.34821,26.16667]]],[[[127.34618,26.14424],[127.34641,26.14428],[127.34642,26.1441],[127.34618,26.14424]]],[[[127.34618,26.14455],[127.34609,26.14453],[127.34606,26.14459],[127.34618,26.14455]]],[[[127.34691,26.14529],[127.34683,26.14521],[127.3468,26.14524],[127.34691,26.14529]]],[[[127.43967,26.2],[127.43883,26.20342],[127.44524,26.21301],[127.44618,26.21846],[127.45017,26.22114],[127.45215,26.22589],[127.45658,26.22128],[127.45556,26.2178],[127.44865,26.21068],[127.44665,26.20233],[127.43967,26.2]]],[[[127.45017,26.22832],[127.44981,26.22837],[127.45009,26.22871],[127.45017,26.22832]]],[[[127.45262,26.22835],[127.45264,26.22815],[127.45255,26.22833],[127.45262,26.22835]]],[[[127.36667,26.23253],[127.3688,26.23689],[127.37305,26.23013],[127.37155,26.22662],[127.36832,26.22531],[127.3689,26.22347],[127.36719,26.22395],[127.36825,26.22823],[127.36667,26.23253]]],[[[127.3733,26.22845],[127.37355,26.2284],[127.37326,26.22836],[127.3733,26.22845]]],[[[127.45955,26.23879],[127.45943,26.23845],[127.45948,26.23888],[127.45955,26.23879]]],[[[127.45937,26.23899],[127.45943,26.239],[127.4594,26.23893],[127.45937,26.23899]]],[[[127.56284,26.24978],[127.55849,26.25003],[127.55822,26.25021],[127.56047,26.25054],[127.56284,26.24978]]],[[[127.57471,26.26074],[127.5784,26.26494],[127.57938,26.26463],[127.57875,26.25953],[127.57518,26.25861],[127.57471,26.26074]]],[[[127.57824,26.25841],[127.57807,26.25892],[127.57836,26.25846],[127.57824,26.25841]]],[[[127.585,26.26324],[127.58019,26.26083],[127.57932,26.26226],[127.585,26.26324]]],[[[127.46025,26.23963],[127.46035,26.2398],[127.46034,26.23963],[127.46025,26.23963]]],[[[127.46028,26.24015],[127.46037,26.2401],[127.46028,26.24009],[127.46028,26.24015]]],[[[127.54167,26.2641],[127.54094,26.26621],[127.54581,26.267],[127.55464,26.26476],[127.54167,26.2641]]],[[[127.40236,26.2509],[127.40242,26.25099],[127.40246,26.25089],[127.40236,26.2509]]],[[[127.4032,26.25067],[127.40307,26.25057],[127.40304,26.25065],[127.4032,26.25067]]],[[[127.40514,26.25335],[127.40522,26.25331],[127.40517,26.2533],[127.40514,26.25335]]],[[[127.40505,26.25349],[127.405,26.25343],[127.40499,26.25349],[127.40505,26.25349]]],[[[127.40029,26.25457],[127.39968,26.25446],[127.39988,26.25483],[127.40029,26.25457]]],[[[127.39897,26.25653],[127.39931,26.25669],[127.39939,26.25657],[127.39897,26.25653]]],[[[127.39954,26.25702],[127.40025,26.25704],[127.4004,26.25664],[127.39954,26.25702]]],[[[127.40315,26.25708],[127.40332,26.25708],[127.40326,26.25703],[127.40315,26.25708]]],[[[127.40054,26.25769],[127.40023,26.25802],[127.40054,26.25797],[127.40054,26.25769]]],[[[127.40028,26.25874],[127.40056,26.25864],[127.40043,26.25857],[127.40028,26.25874]]],[[[127.45981,26.23981],[127.46,26.23945],[127.45964,26.23967],[127.45981,26.23981]]],[[[127.46019,26.23992],[127.46013,26.23978],[127.4601,26.23993],[127.46019,26.23992]]],[[[127.4595,26.23901],[127.45956,26.23895],[127.45952,26.23894],[127.4595,26.23901]]],[[[127.45967,26.23898],[127.45972,26.23905],[127.45976,26.239],[127.45967,26.23898]]],[[[127.45963,26.23911],[127.45969,26.23916],[127.4597,26.23913],[127.45963,26.23911]]],[[[127.45771,26.23832],[127.45766,26.23836],[127.4577,26.23836],[127.45771,26.23832]]],[[[127.45776,26.24213],[127.45787,26.24219],[127.45787,26.24208],[127.45776,26.24213]]],[[[127.4593,26.24018],[127.45924,26.2402],[127.45928,26.24023],[127.4593,26.24018]]],[[[127.45917,26.24048],[127.45918,26.24052],[127.4592,26.24051],[127.45917,26.24048]]],[[[127.45916,26.24062],[127.45908,26.2406],[127.45908,26.24064],[127.45916,26.24062]]],[[[127.4591,26.24156],[127.45917,26.24124],[127.45907,26.2412],[127.4591,26.24156]]],[[[127.45715,26.24233],[127.45719,26.24237],[127.45722,26.24231],[127.45715,26.24233]]],[[[127.45729,26.24239],[127.45735,26.24243],[127.45735,26.24238],[127.45729,26.24239]]],[[[127.4574,26.24247],[127.45753,26.24248],[127.45745,26.24242],[127.4574,26.24247]]],[[[127.45731,26.24285],[127.45738,26.24259],[127.45709,26.24269],[127.45731,26.24285]]],[[[127.45768,26.24262],[127.45769,26.24276],[127.45772,26.24276],[127.45768,26.24262]]],[[[127.44886,26.23131],[127.44866,26.23126],[127.44867,26.23132],[127.44886,26.23131]]],[[[127.44964,26.23368],[127.44983,26.23378],[127.44965,26.23362],[127.44964,26.23368]]],[[[127.44994,26.23431],[127.4498,26.23396],[127.4497,26.23415],[127.44994,26.23431]]],[[[127.45507,26.23606],[127.45286,26.23431],[127.45271,26.23599],[127.45507,26.23606]]],[[[127.4547,26.23488],[127.45465,26.23482],[127.45464,26.23486],[127.4547,26.23488]]],[[[127.4548,26.23476],[127.45481,26.23484],[127.45485,26.2348],[127.4548,26.23476]]],[[[127.4548,26.2344],[127.4549,26.23455],[127.45495,26.23448],[127.4548,26.2344]]],[[[127.45113,26.23437],[127.45106,26.23447],[127.45117,26.23442],[127.45113,26.23437]]],[[[127.43772,26.19899],[127.4378,26.19887],[127.43775,26.19885],[127.43772,26.19899]]],[[[127.43802,26.1988],[127.43807,26.19902],[127.43817,26.19888],[127.43802,26.1988]]],[[[127.43786,26.19947],[127.43774,26.19928],[127.43776,26.19952],[127.43786,26.19947]]],[[[127.43905,26.19991],[127.43915,26.19976],[127.43908,26.19974],[127.43905,26.19991]]],[[[127.43818,26.20219],[127.43831,26.20212],[127.43817,26.20201],[127.43818,26.20219]]],[[[127.44127,26.19947],[127.4413,26.19937],[127.44119,26.19946],[127.44127,26.19947]]],[[[127.41681,26.21923],[127.41659,26.21906],[127.41673,26.21932],[127.41681,26.21923]]],[[[127.41679,26.21949],[127.41682,26.21939],[127.41679,26.21939],[127.41679,26.21949]]],[[[127.41724,26.21976],[127.41721,26.21933],[127.41694,26.2196],[127.41724,26.21976]]],[[[127.40689,26.24644],[127.40715,26.24655],[127.40691,26.24638],[127.40689,26.24644]]],[[[127.40665,26.24693],[127.40687,26.24685],[127.40665,26.24667],[127.40665,26.24693]]],[[[127.40697,26.2473],[127.40724,26.24719],[127.40695,26.24707],[127.40697,26.2473]]],[[[127.40725,26.2463],[127.40735,26.24631],[127.4073,26.24628],[127.40725,26.2463]]],[[[127.37879,26.19674],[127.37901,26.19666],[127.37879,26.19663],[127.37879,26.19674]]],[[[127.38017,26.19915],[127.37679,26.19703],[127.37518,26.2002],[127.38017,26.19915]]],[[[127.37256,26.15661],[127.37279,26.15661],[127.3725,26.15642],[127.37256,26.15661]]],[[[127.38068,26.19896],[127.38065,26.19881],[127.38061,26.19892],[127.38068,26.19896]]],[[[127.4064,26.24735],[127.40635,26.24728],[127.40633,26.24733],[127.4064,26.24735]]],[[[127.36809,26.23709],[127.36793,26.23701],[127.36793,26.23707],[127.36809,26.23709]]],[[[127.36876,26.23722],[127.36806,26.238],[127.3689,26.23811],[127.36876,26.23722]]],[[[127.36736,26.2401],[127.3674,26.2397],[127.36711,26.2399],[127.36736,26.2401]]],[[[127.3671,26.24009],[127.36727,26.24095],[127.36769,26.24052],[127.3671,26.24009]]],[[[127.36455,26.24189],[127.36449,26.24174],[127.36445,26.2418],[127.36455,26.24189]]],[[[127.36488,26.24206],[127.3649,26.24146],[127.36466,26.24185],[127.36488,26.24206]]],[[[127.36719,26.2395],[127.36712,26.23941],[127.36708,26.23948],[127.36719,26.2395]]],[[[127.36571,26.24175],[127.36561,26.24166],[127.36557,26.24172],[127.36571,26.24175]]],[[[127.3667,26.24068],[127.36658,26.24063],[127.3666,26.2407],[127.3667,26.24068]]],[[[127.36733,26.23931],[127.36754,26.23931],[127.36733,26.23922],[127.36733,26.23931]]],[[[127.36755,26.23966],[127.36779,26.23962],[127.36769,26.23955],[127.36755,26.23966]]],[[[127.36779,26.24001],[127.3679,26.23991],[127.36777,26.23996],[127.36779,26.24001]]],[[[127.33677,26.16197],[127.33668,26.16201],[127.33674,26.16204],[127.33677,26.16197]]],[[[127.33652,26.16341],[127.33665,26.16346],[127.33655,26.16335],[127.33652,26.16341]]],[[[127.33761,26.1624],[127.33763,26.16234],[127.33757,26.16236],[127.33761,26.1624]]],[[[127.33802,26.16249],[127.33792,26.16243],[127.33794,26.16249],[127.33802,26.16249]]],[[[127.33812,26.16255],[127.33817,26.16248],[127.33809,26.16253],[127.33812,26.16255]]],[[[127.33992,26.16192],[127.33988,26.16184],[127.33986,26.16191],[127.33992,26.16192]]],[[[127.33816,26.16437],[127.33839,26.16415],[127.33813,26.16409],[127.33816,26.16437]]],[[[127.3362,26.16393],[127.33627,26.16387],[127.33618,26.16389],[127.3362,26.16393]]],[[[127.33725,26.15758],[127.33724,26.15741],[127.33716,26.15742],[127.33725,26.15758]]],[[[127.33737,26.15782],[127.33729,26.15767],[127.33725,26.15775],[127.33737,26.15782]]],[[[127.33733,26.15877],[127.33732,26.15866],[127.33725,26.15875],[127.33733,26.15877]]],[[[127.44853,26.20935],[127.44851,26.20953],[127.44859,26.20937],[127.44853,26.20935]]],[[[127.45016,26.21259],[127.45035,26.21237],[127.45011,26.21242],[127.45016,26.21259]]],[[[127.45509,26.21783],[127.455,26.21789],[127.45509,26.21799],[127.45509,26.21783]]],[[[127.45568,26.21805],[127.45591,26.21799],[127.45581,26.21786],[127.45568,26.21805]]],[[[127.45589,26.21867],[127.45592,26.21857],[127.45584,26.21859],[127.45589,26.21867]]],[[[127.45626,26.21824],[127.45626,26.21813],[127.4562,26.2182],[127.45626,26.21824]]],[[[127.44775,26.21963],[127.4476,26.21972],[127.44786,26.21971],[127.44775,26.21963]]],[[[127.45612,26.21876],[127.45613,26.21892],[127.45618,26.21894],[127.45612,26.21876]]],[[[127.4535,26.22408],[127.4536,26.22402],[127.45348,26.22405],[127.4535,26.22408]]],[[[127.45436,26.22338],[127.45431,26.22357],[127.45448,26.22341],[127.45436,26.22338]]],[[[127.3464,26.14835],[127.34626,26.14834],[127.3464,26.14837],[127.3464,26.14835]]],[[[127.34927,26.14635],[127.34917,26.14625],[127.34913,26.14629],[127.34927,26.14635]]],[[[127.34954,26.14667],[127.3499,26.14671],[127.34994,26.14662],[127.34954,26.14667]]],[[[127.34588,26.15054],[127.34583,26.15035],[127.34572,26.15035],[127.34588,26.15054]]],[[[127.35086,26.1521],[127.3508,26.15213],[127.35084,26.15215],[127.35086,26.1521]]],[[[127.35102,26.1526],[127.35099,26.15274],[127.35107,26.15272],[127.35102,26.1526]]],[[[127.341,26.13981],[127.34069,26.13972],[127.34037,26.13983],[127.341,26.13981]]],[[[127.34406,26.14066],[127.34437,26.14064],[127.34436,26.14059],[127.34406,26.14066]]],[[[127.34456,26.14078],[127.34416,26.14093],[127.34465,26.14085],[127.34456,26.14078]]],[[[127.34528,26.14146],[127.34542,26.14155],[127.34549,26.1415],[127.34528,26.14146]]],[[[127.34504,26.14182],[127.34488,26.14183],[127.34503,26.14188],[127.34504,26.14182]]],[[[127.34539,26.14266],[127.34536,26.14259],[127.34531,26.14261],[127.34539,26.14266]]],[[[127.34607,26.14283],[127.34618,26.14287],[127.34619,26.14283],[127.34607,26.14283]]],[[[127.34111,26.13476],[127.34109,26.13459],[127.34098,26.13463],[127.34111,26.13476]]],[[[127.34057,26.13635],[127.34044,26.13627],[127.34037,26.13633],[127.34057,26.13635]]],[[[127.3413,26.13563],[127.34115,26.13545],[127.34108,26.13561],[127.3413,26.13563]]],[[[127.34189,26.13654],[127.34055,26.13658],[127.34203,26.13689],[127.34189,26.13654]]],[[[127.34185,26.13719],[127.34134,26.13725],[127.34133,26.13727],[127.34185,26.13719]]],[[[127.34187,26.17477],[127.34167,26.17475],[127.34183,26.17489],[127.34187,26.17477]]],[[[127.34134,26.17667],[127.3412,26.17668],[127.34124,26.17675],[127.34134,26.17667]]],[[[127.34139,26.17669],[127.34149,26.17671],[127.34148,26.17666],[127.34139,26.17669]]],[[[127.34117,26.17748],[127.34134,26.1775],[127.34116,26.17739],[127.34117,26.17748]]],[[[127.33917,26.18203],[127.33899,26.18183],[127.33885,26.1819],[127.33917,26.18203]]],[[[127.33899,26.18362],[127.3389,26.18319],[127.33864,26.18335],[127.33899,26.18362]]],[[[127.36731,26.22882],[127.36703,26.22865],[127.36729,26.22891],[127.36731,26.22882]]],[[[127.37025,26.22405],[127.37064,26.22438],[127.37065,26.22405],[127.37025,26.22405]]],[[[127.37084,26.22493],[127.36921,26.22508],[127.37079,26.22559],[127.37084,26.22493]]],[[[127.37168,26.2266],[127.37163,26.22647],[127.3716,26.2266],[127.37168,26.2266]]],[[[127.3719,26.22697],[127.37172,26.22677],[127.37156,26.22705],[127.3719,26.22697]]]]}},{"type":"Feature","properties":{"pref":"沖縄県","name":"石垣市","type":"市","code":"47207","region":"47"},"geometry":{"type":"MultiPolygon","coordinates":[[[[124.31483,24.61137],[124.31495,24.61155],[124.31503,24.61138],[124.31483,24.61137]]],[[[124.31551,24.61174],[124.31513,24.6118],[124.31551,24.61193],[124.31551,24.61174]]],[[[124.31555,24.61189],[124.31563,24.61192],[124.31557,24.61185],[124.31555,24.61189]]],[[[124.31553,24.61198],[124.31555,24.61207],[124.31569,24.61202],[124.31553,24.61198]]],[[[124.31566,24.61194],[124.31571,24.61193],[124.31566,24.61191],[124.31566,24.61194]]],[[[124.31709,24.61149],[124.31717,24.61152],[124.31711,24.61147],[124.31709,24.61149]]],[[[124.31707,24.61184],[124.31709,24.6118],[124.31706,24.6118],[124.31707,24.61184]]],[[[124.31761,24.6114],[124.31773,24.61143],[124.31771,24.61139],[124.31761,24.6114]]],[[[124.29594,24.51544],[124.29616,24.51542],[124.29596,24.51536],[124.29594,24.51544]]],[[[124.27935,24.51924],[124.2794,24.51924],[124.27939,24.51923],[124.27935,24.51924]]],[[[124.27936,24.51928],[124.27941,24.51926],[124.27939,24.51925],[124.27936,24.51928]]],[[[124.29611,24.51551],[124.29611,24.51556],[124.29613,24.51551],[124.29611,24.51551]]],[[[124.11662,24.46282],[124.11658,24.46276],[124.11655,24.46279],[124.11662,24.46282]]],[[[124.28197,24.48792],[124.28232,24.48789],[124.28233,24.48781],[124.28197,24.48792]]],[[[124.1202,24.46462],[124.12015,24.46471],[124.12027,24.46471],[124.1202,24.46462]]],[[[124.12098,24.46565],[124.12106,24.4658],[124.12107,24.4657],[124.12098,24.46565]]],[[[124.12162,24.46527],[124.12164,24.46525],[124.12161,24.46525],[124.12162,24.46527]]],[[[124.12204,24.46518],[124.12199,24.46521],[124.12201,24.46522],[124.12204,24.46518]]],[[[124.13029,24.477],[124.13026,24.47694],[124.13026,24.477],[124.13029,24.477]]],[[[124.13224,24.47683],[124.13227,24.47681],[124.13224,24.47678],[124.13224,24.47683]]],[[[124.13262,24.47658],[124.13262,24.47668],[124.13265,24.47665],[124.13262,24.47658]]],[[[124.13362,24.47614],[124.13358,24.47614],[124.13359,24.47618],[124.13362,24.47614]]],[[[124.13403,24.47542],[124.13402,24.47545],[124.13403,24.47544],[124.13403,24.47542]]],[[[124.13418,24.47539],[124.13418,24.47543],[124.13419,24.47543],[124.13418,24.47539]]],[[[124.13554,24.47433],[124.13557,24.47433],[124.13557,24.47432],[124.13554,24.47433]]],[[[124.13827,24.47225],[124.13822,24.47221],[124.1382,24.47228],[124.13827,24.47225]]],[[[124.13975,24.47109],[124.13971,24.47105],[124.13971,24.47108],[124.13975,24.47109]]],[[[124.14057,24.47151],[124.14054,24.47169],[124.14067,24.47161],[124.14057,24.47151]]],[[[124.13781,24.47265],[124.1378,24.4727],[124.13783,24.47268],[124.13781,24.47265]]],[[[124.13307,24.47679],[124.13316,24.47683],[124.13314,24.47676],[124.13307,24.47679]]],[[[124.22631,24.46033],[124.22633,24.46042],[124.22637,24.46036],[124.22631,24.46033]]],[[[124.22631,24.46044],[124.22621,24.46048],[124.22622,24.46051],[124.22631,24.46044]]],[[[124.25705,24.47026],[124.25702,24.4702],[124.25702,24.47025],[124.25705,24.47026]]],[[[124.25718,24.47033],[124.25709,24.47027],[124.25709,24.47032],[124.25718,24.47033]]],[[[124.22578,24.46172],[124.22576,24.46168],[124.22574,24.46171],[124.22578,24.46172]]],[[[124.22585,24.4623],[124.22593,24.46232],[124.22594,24.46229],[124.22585,24.4623]]],[[[124.22383,24.46766],[124.22383,24.46771],[124.22386,24.46769],[124.22383,24.46766]]],[[[124.22464,24.46777],[124.22466,24.46778],[124.22467,24.46778],[124.22464,24.46777]]],[[[124.22622,24.48508],[124.2262,24.48512],[124.22623,24.4851],[124.22622,24.48508]]],[[[124.2273,24.48619],[124.22723,24.48617],[124.22722,24.4862],[124.2273,24.48619]]],[[[124.25273,24.45699],[124.25326,24.45642],[124.25319,24.45637],[124.25273,24.45699]]],[[[124.25153,24.46102],[124.25158,24.46086],[124.25145,24.46088],[124.25153,24.46102]]],[[[124.25489,24.46984],[124.25481,24.46977],[124.25477,24.4698],[124.25489,24.46984]]],[[[124.25534,24.46982],[124.25531,24.46984],[124.25533,24.46985],[124.25534,24.46982]]],[[[124.25544,24.46982],[124.25535,24.46985],[124.25535,24.46986],[124.25544,24.46982]]],[[[124.25555,24.46982],[124.25552,24.4698],[124.25552,24.46982],[124.25555,24.46982]]],[[[124.25554,24.46988],[124.25552,24.46986],[124.25551,24.46986],[124.25554,24.46988]]],[[[124.25555,24.46996],[124.25549,24.46991],[124.25549,24.46992],[124.25555,24.46996]]],[[[124.26013,24.47658],[124.2601,24.47651],[124.26004,24.47656],[124.26013,24.47658]]],[[[124.26552,24.48129],[124.26554,24.48125],[124.2655,24.48128],[124.26552,24.48129]]],[[[124.28182,24.48836],[124.28187,24.48846],[124.28202,24.48822],[124.28182,24.48836]]],[[[124.282,24.4886],[124.28212,24.48845],[124.28194,24.48858],[124.282,24.4886]]],[[[124.28003,24.48837],[124.28012,24.48837],[124.28015,24.48834],[124.28003,24.48837]]],[[[124.28209,24.48985],[124.28261,24.48961],[124.28259,24.48947],[124.28209,24.48985]]],[[[124.2814,24.49107],[124.28138,24.49114],[124.28143,24.49112],[124.2814,24.49107]]],[[[124.28152,24.49077],[124.28156,24.49084],[124.28159,24.49082],[124.28152,24.49077]]],[[[124.28219,24.49021],[124.28223,24.49024],[124.28224,24.49021],[124.28219,24.49021]]],[[[124.28218,24.49118],[124.28218,24.49127],[124.28222,24.4912],[124.28218,24.49118]]],[[[124.28221,24.49069],[124.28251,24.49079],[124.28261,24.49068],[124.28221,24.49069]]],[[[124.28226,24.49148],[124.28238,24.49147],[124.28238,24.49142],[124.28226,24.49148]]],[[[124.28142,24.49378],[124.28136,24.49376],[124.28139,24.49379],[124.28142,24.49378]]],[[[124.27374,24.50742],[124.2737,24.50742],[124.27369,24.50743],[124.27374,24.50742]]],[[[124.27464,24.50592],[124.27466,24.50593],[124.27466,24.50592],[124.27464,24.50592]]],[[[124.27907,24.5069],[124.27876,24.50696],[124.2791,24.50695],[124.27907,24.5069]]],[[[124.25507,24.51734],[124.25514,24.5174],[124.25508,24.51732],[124.25507,24.51734]]],[[[124.25513,24.51745],[124.25519,24.51743],[124.25517,24.51739],[124.25513,24.51745]]],[[[124.25522,24.51744],[124.25525,24.51755],[124.25533,24.51747],[124.25522,24.51744]]],[[[124.25093,24.51267],[124.25089,24.51267],[124.25088,24.51269],[124.25093,24.51267]]],[[[124.25085,24.51297],[124.25074,24.51291],[124.25067,24.51297],[124.25085,24.51297]]],[[[124.25506,24.51745],[124.25501,24.51743],[124.25503,24.51747],[124.25506,24.51745]]],[[[124.25548,24.51776],[124.25549,24.5178],[124.25552,24.51779],[124.25548,24.51776]]],[[[124.25552,24.51791],[124.25553,24.51795],[124.25554,24.51794],[124.25552,24.51791]]],[[[124.25614,24.51835],[124.25615,24.51839],[124.25617,24.51838],[124.25614,24.51835]]],[[[124.25628,24.51853],[124.25623,24.51855],[124.25625,24.51857],[124.25628,24.51853]]],[[[124.25616,24.51953],[124.25619,24.51953],[124.25619,24.51952],[124.25616,24.51953]]],[[[124.25593,24.51967],[124.25598,24.51968],[124.25598,24.51965],[124.25593,24.51967]]],[[[124.25613,24.51955],[124.25606,24.51959],[124.25609,24.5196],[124.25613,24.51955]]],[[[124.25617,24.5197],[124.25618,24.51967],[124.25616,24.51968],[124.25617,24.5197]]],[[[124.25633,24.51969],[124.25635,24.51976],[124.25639,24.5197],[124.25633,24.51969]]],[[[124.25757,24.51947],[124.25764,24.51945],[124.25762,24.51942],[124.25757,24.51947]]],[[[124.25762,24.5195],[124.25769,24.5195],[124.25769,24.51947],[124.25762,24.5195]]],[[[124.2574,24.51941],[124.25741,24.5196],[124.25745,24.51958],[124.2574,24.51941]]],[[[124.25756,24.51944],[124.25753,24.51942],[124.25753,24.51944],[124.25756,24.51944]]],[[[124.2565,24.51988],[124.25653,24.51994],[124.25656,24.51992],[124.2565,24.51988]]],[[[124.25715,24.51953],[124.25717,24.51956],[124.25718,24.51955],[124.25715,24.51953]]],[[[124.25716,24.51958],[124.25718,24.51961],[124.25719,24.5196],[124.25716,24.51958]]],[[[124.25721,24.51972],[124.25725,24.5197],[124.25722,24.51968],[124.25721,24.51972]]],[[[124.25721,24.51977],[124.25725,24.51977],[124.25723,24.51975],[124.25721,24.51977]]],[[[124.25711,24.51978],[124.25711,24.51983],[124.25713,24.51982],[124.25711,24.51978]]],[[[124.25744,24.51963],[124.25748,24.51968],[124.25748,24.51965],[124.25744,24.51963]]],[[[124.25746,24.51977],[124.25738,24.5198],[124.25742,24.51983],[124.25746,24.51977]]],[[[124.25756,24.51962],[124.25762,24.5196],[124.25761,24.51959],[124.25756,24.51962]]],[[[124.25781,24.51963],[124.25777,24.51963],[124.25777,24.51964],[124.25781,24.51963]]],[[[124.25753,24.52016],[124.25753,24.52011],[124.2575,24.52013],[124.25753,24.52016]]],[[[124.25871,24.51952],[124.25874,24.5195],[124.25872,24.51949],[124.25871,24.51952]]],[[[124.25784,24.51956],[124.25785,24.5196],[124.25786,24.51959],[124.25784,24.51956]]],[[[124.25786,24.51962],[124.25787,24.51966],[124.25789,24.51965],[124.25786,24.51962]]],[[[124.25788,24.51968],[124.25791,24.51969],[124.2579,24.51967],[124.25788,24.51968]]],[[[124.25807,24.51998],[124.25805,24.52003],[124.25808,24.52003],[124.25807,24.51998]]],[[[124.25883,24.51948],[124.25888,24.51945],[124.25881,24.51944],[124.25883,24.51948]]],[[[124.25939,24.5187],[124.25941,24.51873],[124.25942,24.51872],[124.25939,24.5187]]],[[[124.25946,24.51864],[124.25953,24.51863],[124.25951,24.5186],[124.25946,24.51864]]],[[[124.2595,24.51867],[124.2595,24.51871],[124.25951,24.5187],[124.2595,24.51867]]],[[[124.25933,24.51885],[124.2593,24.51884],[124.25929,24.51885],[124.25933,24.51885]]],[[[124.25943,24.51895],[124.25947,24.51891],[124.25946,24.5189],[124.25943,24.51895]]],[[[124.25941,24.51899],[124.25946,24.51897],[124.25946,24.51896],[124.25941,24.51899]]],[[[124.25954,24.5187],[124.25957,24.51868],[124.25954,24.51867],[124.25954,24.5187]]],[[[124.25969,24.51876],[124.25972,24.51873],[124.25968,24.51873],[124.25969,24.51876]]],[[[124.25951,24.51901],[124.25953,24.51905],[124.25955,24.51904],[124.25951,24.51901]]],[[[124.25966,24.51901],[124.25969,24.51904],[124.25969,24.51902],[124.25966,24.51901]]],[[[124.25932,24.51918],[124.25932,24.51923],[124.25935,24.51922],[124.25932,24.51918]]],[[[124.25988,24.51838],[124.25991,24.51841],[124.25992,24.51839],[124.25988,24.51838]]],[[[124.26069,24.51812],[124.26079,24.51808],[124.26069,24.51804],[124.26069,24.51812]]],[[[124.2602,24.5189],[124.26016,24.5189],[124.26019,24.51892],[124.2602,24.5189]]],[[[124.25989,24.51905],[124.25989,24.51911],[124.25991,24.51908],[124.25989,24.51905]]],[[[124.26105,24.51789],[124.26113,24.51804],[124.26121,24.51791],[124.26105,24.51789]]],[[[124.26135,24.51787],[124.26125,24.51786],[124.26132,24.51791],[124.26135,24.51787]]],[[[124.26078,24.51876],[124.26081,24.5188],[124.26082,24.51877],[124.26078,24.51876]]],[[[124.25961,24.51982],[124.25956,24.51979],[124.25958,24.51985],[124.25961,24.51982]]],[[[124.29412,24.51363],[124.29404,24.51369],[124.29412,24.51368],[124.29412,24.51363]]],[[[124.29419,24.51382],[124.29439,24.51377],[124.29408,24.51371],[124.29419,24.51382]]],[[[124.29437,24.51394],[124.29448,24.51391],[124.29447,24.51386],[124.29437,24.51394]]],[[[124.29495,24.51439],[124.29482,24.51424],[124.29478,24.51426],[124.29495,24.51439]]],[[[124.29481,24.51419],[124.29525,24.51441],[124.29494,24.51411],[124.29481,24.51419]]],[[[124.29556,24.51431],[124.29575,24.51443],[124.29578,24.51425],[124.29556,24.51431]]],[[[124.29588,24.5148],[124.29595,24.51443],[124.29567,24.51464],[124.29588,24.5148]]],[[[124.26885,24.51168],[124.26876,24.51172],[124.26877,24.51173],[124.26885,24.51168]]],[[[124.26737,24.51355],[124.26735,24.51352],[124.26736,24.51355],[124.26737,24.51355]]],[[[124.26747,24.51352],[124.26748,24.51349],[124.26747,24.51349],[124.26747,24.51352]]],[[[124.2661,24.51526],[124.26618,24.51529],[124.26618,24.51526],[124.2661,24.51526]]],[[[124.26726,24.5137],[124.26726,24.51372],[124.26728,24.51371],[124.26726,24.5137]]],[[[124.27092,24.5094],[124.27095,24.5094],[124.27094,24.50939],[124.27092,24.5094]]],[[[124.27092,24.50949],[124.27093,24.50952],[124.27094,24.50951],[124.27092,24.50949]]],[[[124.27126,24.50932],[124.27122,24.5093],[124.27122,24.50932],[124.27126,24.50932]]],[[[124.27176,24.50804],[124.27178,24.508],[124.27176,24.508],[124.27176,24.50804]]],[[[124.29602,24.51498],[124.29597,24.51512],[124.29605,24.51502],[124.29602,24.51498]]],[[[124.29607,24.51509],[124.29615,24.5151],[124.29614,24.51504],[124.29607,24.51509]]],[[[124.29625,24.51505],[124.29625,24.51509],[124.29628,24.51509],[124.29625,24.51505]]],[[[124.26478,24.51588],[124.2648,24.51591],[124.26481,24.51589],[124.26478,24.51588]]],[[[124.26479,24.51594],[124.26483,24.51594],[124.26483,24.51592],[124.26479,24.51594]]],[[[124.26457,24.51597],[124.26462,24.51599],[124.2646,24.51597],[124.26457,24.51597]]],[[[124.26429,24.51642],[124.26432,24.51642],[124.26431,24.5164],[124.26429,24.51642]]],[[[124.26431,24.51654],[124.26433,24.51651],[124.26431,24.5165],[124.26431,24.51654]]],[[[124.26448,24.51625],[124.2645,24.51629],[124.26451,24.51627],[124.26448,24.51625]]],[[[124.27787,24.51569],[124.27783,24.51573],[124.27786,24.51575],[124.27787,24.51569]]],[[[124.27798,24.51604],[124.27791,24.51601],[124.27793,24.51607],[124.27798,24.51604]]],[[[124.27796,24.51618],[124.27793,24.51617],[124.27795,24.51619],[124.27796,24.51618]]],[[[124.27826,24.51622],[124.27823,24.51619],[124.27823,24.5162],[124.27826,24.51622]]],[[[124.27826,24.51655],[124.27828,24.51658],[124.27829,24.51656],[124.27826,24.51655]]],[[[124.27769,24.51754],[124.27765,24.51754],[124.27766,24.51756],[124.27769,24.51754]]],[[[124.27818,24.51715],[124.27815,24.51713],[124.27814,24.51715],[124.27818,24.51715]]],[[[124.27845,24.51597],[124.27843,24.516],[124.27847,24.51598],[124.27845,24.51597]]],[[[124.279,24.51654],[124.27907,24.51643],[124.27905,24.51641],[124.279,24.51654]]],[[[124.27837,24.51713],[124.27833,24.51711],[124.27833,24.51714],[124.27837,24.51713]]],[[[124.27805,24.51758],[124.27808,24.51761],[124.27805,24.51757],[124.27805,24.51758]]],[[[124.27805,24.51769],[124.27801,24.51769],[124.27799,24.51771],[124.27805,24.51769]]],[[[124.27812,24.51763],[124.27815,24.51764],[124.27816,24.51763],[124.27812,24.51763]]],[[[124.30286,24.5238],[124.30277,24.52382],[124.30285,24.52385],[124.30286,24.5238]]],[[[124.303,24.52377],[124.3029,24.52379],[124.30301,24.52378],[124.303,24.52377]]],[[[124.27948,24.51957],[124.27948,24.51954],[124.27946,24.51955],[124.27948,24.51957]]],[[[124.27952,24.51953],[124.27952,24.51955],[124.27953,24.51955],[124.27952,24.51953]]],[[[124.27993,24.52028],[124.27991,24.52031],[124.27993,24.52031],[124.27993,24.52028]]],[[[124.28011,24.52107],[124.28015,24.52103],[124.28011,24.52104],[124.28011,24.52107]]],[[[124.28027,24.52123],[124.28029,24.52125],[124.28029,24.52124],[124.28027,24.52123]]],[[[124.28031,24.52118],[124.28034,24.52119],[124.28033,24.52117],[124.28031,24.52118]]],[[[124.28061,24.52147],[124.28049,24.52144],[124.28049,24.52146],[124.28061,24.52147]]],[[[124.28147,24.52356],[124.28142,24.52357],[124.28145,24.52359],[124.28147,24.52356]]],[[[124.29619,24.51561],[124.29617,24.51571],[124.29619,24.51571],[124.29619,24.51561]]],[[[124.29929,24.51994],[124.29956,24.52001],[124.29951,24.51984],[124.29929,24.51994]]],[[[124.30052,24.52114],[124.30045,24.52121],[124.30053,24.52118],[124.30052,24.52114]]],[[[124.3019,24.52272],[124.30188,24.52276],[124.30191,24.52275],[124.3019,24.52272]]],[[[124.30261,24.52321],[124.30268,24.52332],[124.30272,24.52329],[124.30261,24.52321]]],[[[124.30274,24.52295],[124.30272,24.523],[124.30276,24.52298],[124.30274,24.52295]]],[[[124.30319,24.52398],[124.30308,24.52397],[124.30316,24.52402],[124.30319,24.52398]]],[[[124.30439,24.52364],[124.30435,24.52362],[124.30435,24.52365],[124.30439,24.52364]]],[[[124.28572,24.53089],[124.28578,24.53106],[124.28587,24.53105],[124.28572,24.53089]]],[[[124.28585,24.53109],[124.28592,24.53116],[124.28596,24.53109],[124.28585,24.53109]]],[[[124.28163,24.524],[124.28153,24.52402],[124.28153,24.52409],[124.28163,24.524]]],[[[124.28164,24.5242],[124.28155,24.52426],[124.28165,24.52429],[124.28164,24.5242]]],[[[124.28257,24.52612],[124.28253,24.5261],[124.28252,24.52613],[124.28257,24.52612]]],[[[124.2828,24.5258],[124.28274,24.52578],[124.28279,24.52583],[124.2828,24.5258]]],[[[124.28342,24.52692],[124.28347,24.52693],[124.28344,24.52689],[124.28342,24.52692]]],[[[124.28347,24.52697],[124.28353,24.52705],[124.28348,24.52695],[124.28347,24.52697]]],[[[124.28457,24.52835],[124.28454,24.52827],[124.2845,24.52829],[124.28457,24.52835]]],[[[124.28496,24.52941],[124.28491,24.52942],[124.28491,24.52944],[124.28496,24.52941]]],[[[124.28542,24.53082],[124.28542,24.53076],[124.28539,24.53079],[124.28542,24.53082]]],[[[124.28556,24.53095],[124.28554,24.53089],[124.28551,24.53089],[124.28556,24.53095]]],[[[124.28577,24.5352],[124.28573,24.5352],[124.28573,24.53521],[124.28577,24.5352]]],[[[124.28584,24.53621],[124.2858,24.53619],[124.28578,24.53624],[124.28584,24.53621]]],[[[124.28599,24.53636],[124.28589,24.53641],[124.2859,24.53644],[124.28599,24.53636]]],[[[124.28611,24.53664],[124.28604,24.53671],[124.28611,24.53674],[124.28611,24.53664]]],[[[124.28795,24.53868],[124.28791,24.53868],[124.28791,24.5387],[124.28795,24.53868]]],[[[124.28815,24.53914],[124.28809,24.53912],[124.28809,24.53916],[124.28815,24.53914]]],[[[124.28816,24.53939],[124.28815,24.53931],[124.28814,24.53933],[124.28816,24.53939]]],[[[124.29286,24.53936],[124.29291,24.53941],[124.29292,24.5394],[124.29286,24.53936]]],[[[124.30344,24.52441],[124.30357,24.52437],[124.30351,24.52432],[124.30344,24.52441]]],[[[124.30362,24.52448],[124.30369,24.52453],[124.30372,24.52448],[124.30362,24.52448]]],[[[124.30467,24.5245],[124.30463,24.52446],[124.30463,24.52449],[124.30467,24.5245]]],[[[124.30463,24.52492],[124.30466,24.52487],[124.30463,24.52488],[124.30463,24.52492]]],[[[124.30457,24.52525],[124.30455,24.52521],[124.30455,24.52526],[124.30457,24.52525]]],[[[124.30467,24.52529],[124.30463,24.52535],[124.30468,24.52532],[124.30467,24.52529]]],[[[124.30484,24.52515],[124.30494,24.52509],[124.30481,24.5251],[124.30484,24.52515]]],[[[124.30526,24.52503],[124.3053,24.52513],[124.30534,24.52506],[124.30526,24.52503]]],[[[124.30541,24.52546],[124.30535,24.52548],[124.3054,24.52548],[124.30541,24.52546]]],[[[124.30546,24.52545],[124.30557,24.52546],[124.30558,24.52543],[124.30546,24.52545]]],[[[124.30549,24.52574],[124.30558,24.52574],[124.30561,24.52571],[124.30549,24.52574]]],[[[124.30594,24.52602],[124.30595,24.52599],[124.30592,24.52599],[124.30594,24.52602]]],[[[124.30626,24.52576],[124.30623,24.52575],[124.30622,24.52579],[124.30626,24.52576]]],[[[124.30644,24.52608],[124.30641,24.52602],[124.30639,24.52607],[124.30644,24.52608]]],[[[124.30622,24.52648],[124.30635,24.52643],[124.30635,24.5264],[124.30622,24.52648]]],[[[124.30644,24.52658],[124.30663,24.52668],[124.30664,24.52659],[124.30644,24.52658]]],[[[124.3071,24.52558],[124.30714,24.52563],[124.30716,24.5256],[124.3071,24.52558]]],[[[124.30728,24.52561],[124.30725,24.52557],[124.30724,24.52559],[124.30728,24.52561]]],[[[124.30844,24.52973],[124.30842,24.5298],[124.30845,24.5298],[124.30844,24.52973]]],[[[124.3093,24.52482],[124.30925,24.52484],[124.30928,24.52485],[124.3093,24.52482]]],[[[124.11799,24.45628],[124.11801,24.45621],[124.11797,24.45623],[124.11799,24.45628]]],[[[124.11797,24.45786],[124.11798,24.45781],[124.11795,24.45785],[124.11797,24.45786]]],[[[124.11773,24.45835],[124.11767,24.45842],[124.1178,24.45837],[124.11773,24.45835]]],[[[124.11746,24.46014],[124.11746,24.4601],[124.11744,24.46014],[124.11746,24.46014]]],[[[124.11732,24.46208],[124.11722,24.46212],[124.11735,24.46213],[124.11732,24.46208]]],[[[124.1182,24.46379],[124.11824,24.46381],[124.11822,24.46378],[124.1182,24.46379]]],[[[124.11868,24.46397],[124.11868,24.46391],[124.11865,24.46393],[124.11868,24.46397]]],[[[124.11918,24.46447],[124.11908,24.46442],[124.11915,24.4645],[124.11918,24.46447]]],[[[124.11924,24.46422],[124.11918,24.46436],[124.11927,24.46431],[124.11924,24.46422]]],[[[124.11937,24.46439],[124.11937,24.46436],[124.11935,24.46438],[124.11937,24.46439]]],[[[124.11977,24.46442],[124.11975,24.46437],[124.11973,24.4644],[124.11977,24.46442]]],[[[124.22968,24.49211],[124.22964,24.49215],[124.22966,24.49216],[124.22968,24.49211]]],[[[124.22976,24.4921],[124.22968,24.49217],[124.22973,24.49222],[124.22976,24.4921]]],[[[124.22927,24.49396],[124.2293,24.49399],[124.2293,24.49395],[124.22927,24.49396]]],[[[124.2298,24.49229],[124.22976,24.49232],[124.22979,24.49233],[124.2298,24.49229]]],[[[124.22979,24.49284],[124.22976,24.49285],[124.22977,24.49286],[124.22979,24.49284]]],[[[124.22982,24.49292],[124.22978,24.49292],[124.22981,24.49294],[124.22982,24.49292]]],[[[124.22964,24.4942],[124.2296,24.49421],[124.22965,24.49422],[124.22964,24.4942]]],[[[124.22996,24.49474],[124.22996,24.49468],[124.22994,24.49468],[124.22996,24.49474]]],[[[124.22838,24.49885],[124.2284,24.49888],[124.22839,24.49885],[124.22838,24.49885]]],[[[124.22886,24.49801],[124.22886,24.49795],[124.22884,24.49796],[124.22886,24.49801]]],[[[124.22929,24.4976],[124.22932,24.49757],[124.22929,24.49756],[124.22929,24.4976]]],[[[124.22858,24.49817],[124.22851,24.49816],[124.22851,24.49818],[124.22858,24.49817]]],[[[124.22938,24.49957],[124.2294,24.49954],[124.22935,24.49956],[124.22938,24.49957]]],[[[124.22948,24.49955],[124.22954,24.49955],[124.22955,24.49954],[124.22948,24.49955]]],[[[124.22987,24.49969],[124.22989,24.49974],[124.2299,24.49973],[124.22987,24.49969]]],[[[124.23059,24.49926],[124.23066,24.4994],[124.23073,24.49934],[124.23059,24.49926]]],[[[124.23894,24.49904],[124.23902,24.49903],[124.23901,24.499],[124.23894,24.49904]]],[[[124.24019,24.49989],[124.24017,24.49992],[124.24019,24.4999],[124.24019,24.49989]]],[[[124.30836,24.52976],[124.30826,24.53003],[124.30845,24.52992],[124.30836,24.52976]]],[[[124.3175,24.61136],[124.31759,24.61141],[124.31751,24.61133],[124.3175,24.61136]]],[[[124.1642,24.33333],[124.15652,24.33448],[124.15892,24.3357],[124.15748,24.33779],[124.15416,24.33576],[124.15345,24.33812],[124.14539,24.33711],[124.1451,24.33908],[124.14733,24.33899],[124.14608,24.34074],[124.14503,24.33952],[124.14617,24.34162],[124.14543,24.34239],[124.1458,24.34342],[124.14704,24.34092],[124.14877,24.34243],[124.14766,24.34356],[124.14948,24.34327],[124.1468,24.34616],[124.14661,24.34439],[124.14492,24.34548],[124.14668,24.34634],[124.14416,24.34944],[124.14269,24.34785],[124.14474,24.34407],[124.14366,24.34512],[124.14237,24.34859],[124.14476,24.351],[124.12431,24.35656],[124.11095,24.36549],[124.11882,24.37677],[124.12305,24.37898],[124.12854,24.37841],[124.13868,24.38718],[124.14109,24.39233],[124.13971,24.4008],[124.14411,24.40841],[124.14309,24.41376],[124.13407,24.41555],[124.13259,24.42174],[124.12396,24.42827],[124.12348,24.43318],[124.11921,24.43472],[124.11467,24.43384],[124.11468,24.43158],[124.11179,24.42987],[124.11153,24.43216],[124.10889,24.43332],[124.10052,24.43259],[124.08798,24.42346],[124.08537,24.41614],[124.08438,24.41621],[124.07737,24.42595],[124.07043,24.42817],[124.06904,24.43141],[124.07195,24.43358],[124.07223,24.43849],[124.07702,24.44058],[124.08071,24.44799],[124.07774,24.44977],[124.07666,24.4534],[124.08745,24.45181],[124.09403,24.45417],[124.09947,24.45363],[124.1005,24.45119],[124.10576,24.44867],[124.10601,24.44491],[124.10841,24.44426],[124.11966,24.44668],[124.11907,24.45191],[124.11901,24.44886],[124.11737,24.44887],[124.1174,24.45197],[124.11882,24.45224],[124.11663,24.45248],[124.11666,24.45506],[124.11856,24.4553],[124.11666,24.46256],[124.1236,24.46541],[124.12556,24.46967],[124.12348,24.47436],[124.11774,24.47729],[124.11306,24.47735],[124.11287,24.48006],[124.11781,24.48252],[124.13302,24.47655],[124.1432,24.46693],[124.14389,24.46193],[124.13919,24.45603],[124.14113,24.4504],[124.13374,24.4478],[124.13998,24.44241],[124.1525,24.4547],[124.1743,24.44862],[124.17988,24.449],[124.18798,24.45589],[124.19312,24.45779],[124.2001,24.45662],[124.20583,24.45817],[124.20941,24.45505],[124.21456,24.45634],[124.21815,24.45418],[124.22289,24.45536],[124.22634,24.45983],[124.22636,24.46508],[124.22485,24.46793],[124.22064,24.46862],[124.22055,24.47104],[124.22654,24.48574],[124.23106,24.48812],[124.22928,24.49024],[124.23046,24.49534],[124.22852,24.49911],[124.23919,24.49895],[124.25664,24.5198],[124.26738,24.51456],[124.275,24.50462],[124.27925,24.5065],[124.2769,24.50829],[124.27741,24.51166],[124.27989,24.52079],[124.28626,24.53118],[124.28567,24.53592],[124.28851,24.53933],[124.29297,24.53937],[124.29596,24.54186],[124.29244,24.55059],[124.28344,24.55637],[124.28264,24.5612],[124.29796,24.57037],[124.30185,24.58092],[124.30843,24.58742],[124.31158,24.59466],[124.31216,24.61053],[124.31646,24.61214],[124.32232,24.60752],[124.33996,24.60552],[124.33668,24.59594],[124.34046,24.58618],[124.33704,24.58248],[124.33701,24.57682],[124.3345,24.57118],[124.33038,24.56654],[124.32436,24.56384],[124.32348,24.56003],[124.31254,24.55591],[124.30426,24.546],[124.30343,24.53708],[124.309,24.53181],[124.30727,24.52724],[124.29555,24.51466],[124.28368,24.50819],[124.28165,24.50334],[124.2815,24.4879],[124.27361,24.48669],[124.26987,24.48267],[124.2628,24.47996],[124.25241,24.46677],[124.25072,24.45345],[124.25204,24.4505],[124.2578,24.44669],[124.25802,24.44358],[124.25519,24.43917],[124.25164,24.43797],[124.24994,24.43061],[124.25879,24.41297],[124.2522,24.39536],[124.252,24.38263],[124.25422,24.38029],[124.24992,24.36773],[124.2491,24.35808],[124.24236,24.34913],[124.23602,24.34506],[124.22632,24.34638],[124.21511,24.35531],[124.20177,24.35445],[124.19913,24.35273],[124.19837,24.34837],[124.20179,24.34394],[124.19105,24.33331],[124.18118,24.33052],[124.17116,24.3311],[124.16933,24.32895],[124.16899,24.32885],[124.16703,24.32973],[124.16695,24.32994],[124.16978,24.32989],[124.1664,24.33017],[124.1632,24.33142],[124.16534,24.332],[124.16292,24.33259],[124.1642,24.33333]]],[[[124.14069,24.47178],[124.14057,24.4717],[124.14063,24.4718],[124.14069,24.47178]]],[[[124.26558,24.48144],[124.26555,24.48138],[124.26554,24.48141],[124.26558,24.48144]]],[[[124.28172,24.4884],[124.28162,24.48822],[124.28155,24.48836],[124.28172,24.4884]]],[[[124.11275,24.47771],[124.11271,24.47767],[124.11269,24.47772],[124.11275,24.47771]]],[[[124.11267,24.47787],[124.11246,24.47777],[124.11246,24.47787],[124.11267,24.47787]]],[[[124.11274,24.47787],[124.1127,24.47785],[124.1127,24.47787],[124.11274,24.47787]]],[[[124.11318,24.47727],[124.11317,24.47723],[124.11316,24.47723],[124.11318,24.47727]]],[[[124.11277,24.47768],[124.11286,24.47765],[124.1128,24.47763],[124.11277,24.47768]]],[[[124.1131,24.47783],[124.11299,24.47779],[124.11296,24.47785],[124.1131,24.47783]]],[[[124.11315,24.4783],[124.11318,24.47829],[124.11314,24.47829],[124.11315,24.4783]]],[[[124.113,24.47867],[124.11292,24.47856],[124.11286,24.47868],[124.113,24.47867]]],[[[124.11296,24.47875],[124.11298,24.47877],[124.113,24.47875],[124.11296,24.47875]]],[[[124.11237,24.47862],[124.1119,24.47837],[124.11175,24.47889],[124.11237,24.47862]]],[[[123.68927,25.92169],[123.6892,25.92187],[123.68933,25.92182],[123.68927,25.92169]]],[[[124.5558,25.92152],[124.5558,25.92146],[124.55577,25.9215],[124.5558,25.92152]]],[[[123.68164,25.92898],[123.68167,25.92892],[123.68161,25.92893],[123.68164,25.92898]]],[[[123.68281,25.92902],[123.68275,25.92899],[123.68278,25.92905],[123.68281,25.92902]]],[[[123.68283,25.92911],[123.6828,25.92916],[123.68284,25.92914],[123.68283,25.92911]]],[[[123.67594,25.92431],[123.67589,25.92436],[123.67592,25.92436],[123.67594,25.92431]]],[[[123.67588,25.9235],[123.67585,25.92355],[123.6759,25.92354],[123.67588,25.9235]]],[[[123.67596,25.92362],[123.67591,25.92361],[123.67593,25.92363],[123.67596,25.92362]]],[[[124.55817,25.92153],[124.55812,25.92153],[124.55815,25.92155],[124.55817,25.92153]]],[[[124.55822,25.92163],[124.55823,25.92156],[124.55818,25.92161],[124.55822,25.92163]]],[[[124.55614,25.92185],[124.55642,25.92229],[124.55671,25.9221],[124.55614,25.92185]]],[[[124.55665,25.9223],[124.55671,25.92235],[124.55671,25.92229],[124.55665,25.9223]]],[[[124.55704,25.92248],[124.55702,25.92251],[124.55705,25.9225],[124.55704,25.92248]]],[[[124.5592,25.92356],[124.55897,25.92378],[124.55942,25.9237],[124.5592,25.92356]]],[[[124.55956,25.92306],[124.5596,25.92309],[124.55959,25.92305],[124.55956,25.92306]]],[[[124.55972,25.92313],[124.55976,25.92317],[124.55975,25.92312],[124.55972,25.92313]]],[[[124.55928,25.92351],[124.55996,25.92345],[124.55925,25.92341],[124.55928,25.92351]]],[[[124.56093,25.92229],[124.56102,25.92231],[124.56101,25.92224],[124.56093,25.92229]]],[[[124.56094,25.92262],[124.56097,25.92259],[124.56093,25.92257],[124.56094,25.92262]]],[[[124.55648,25.92157],[124.55876,25.92336],[124.56094,25.92245],[124.55648,25.92157]]],[[[124.55589,25.92153],[124.55593,25.92156],[124.55593,25.92152],[124.55589,25.92153]]],[[[124.55606,25.92154],[124.55601,25.92157],[124.55606,25.92158],[124.55606,25.92154]]],[[[124.55598,25.92164],[124.556,25.92167],[124.55599,25.92164],[124.55598,25.92164]]],[[[124.55617,25.92175],[124.55637,25.9216],[124.55607,25.92166],[124.55617,25.92175]]],[[[124.55883,25.9242],[124.55905,25.92405],[124.55882,25.924],[124.55883,25.9242]]],[[[124.5593,25.92446],[124.55936,25.92449],[124.55936,25.92445],[124.5593,25.92446]]],[[[124.55945,25.92398],[124.56015,25.92406],[124.56004,25.92385],[124.55945,25.92398]]],[[[124.56064,25.92411],[124.56057,25.9241],[124.56059,25.92414],[124.56064,25.92411]]],[[[123.54312,25.7797],[123.54307,25.77973],[123.54311,25.77974],[123.54312,25.7797]]],[[[123.54284,25.77984],[123.54313,25.7799],[123.54287,25.77973],[123.54284,25.77984]]],[[[123.505,25.73553],[123.50493,25.73551],[123.50493,25.73558],[123.505,25.73553]]],[[[123.50599,25.73573],[123.50597,25.73553],[123.50587,25.7359],[123.50599,25.73573]]],[[[123.50633,25.73547],[123.50637,25.73544],[123.50634,25.73544],[123.50633,25.73547]]],[[[123.50651,25.73553],[123.50668,25.73533],[123.50646,25.73546],[123.50651,25.73553]]],[[[123.50678,25.7359],[123.50674,25.73592],[123.50679,25.73593],[123.50678,25.7359]]],[[[123.50674,25.73601],[123.5067,25.73596],[123.50668,25.73598],[123.50674,25.73601]]],[[[123.50729,25.73547],[123.50734,25.73546],[123.50731,25.73543],[123.50729,25.73547]]],[[[123.50725,25.73557],[123.50727,25.73551],[123.50723,25.73555],[123.50725,25.73557]]],[[[123.5388,25.77931],[123.53886,25.77937],[123.53887,25.77931],[123.5388,25.77931]]],[[[123.53894,25.77942],[123.53895,25.77937],[123.53892,25.7794],[123.53894,25.77942]]],[[[123.54042,25.77874],[123.53934,25.77941],[123.54036,25.77934],[123.54042,25.77874]]],[[[123.5397,25.77981],[123.53973,25.77987],[123.53976,25.77982],[123.5397,25.77981]]],[[[123.54185,25.77893],[123.54064,25.77921],[123.54195,25.77919],[123.54185,25.77893]]],[[[123.54298,25.77964],[123.54295,25.77969],[123.54298,25.7797],[123.54298,25.77964]]],[[[123.56694,25.755],[123.566,25.75559],[123.56764,25.7556],[123.56694,25.755]]],[[[123.56717,25.75575],[123.56727,25.75576],[123.56724,25.75571],[123.56717,25.75575]]],[[[123.56752,25.75569],[123.56759,25.75576],[123.56761,25.75573],[123.56752,25.75569]]],[[[123.67958,25.91965],[123.67958,25.91961],[123.67957,25.91963],[123.67958,25.91965]]],[[[123.68029,25.91953],[123.68024,25.91955],[123.68029,25.91955],[123.68029,25.91953]]],[[[123.68501,25.91943],[123.68498,25.91939],[123.68497,25.91943],[123.68501,25.91943]]],[[[123.67937,25.928],[123.67933,25.92802],[123.67936,25.92802],[123.67937,25.928]]],[[[123.67961,25.92803],[123.67957,25.92807],[123.67962,25.92806],[123.67961,25.92803]]],[[[123.67968,25.92813],[123.67962,25.92818],[123.67965,25.92819],[123.67968,25.92813]]],[[[123.68428,25.92765],[123.68426,25.92769],[123.68429,25.92767],[123.68428,25.92765]]],[[[123.68439,25.92765],[123.68438,25.92771],[123.68441,25.92769],[123.68439,25.92765]]],[[[123.68471,25.92724],[123.68466,25.92724],[123.68468,25.92726],[123.68471,25.92724]]],[[[123.68481,25.92709],[123.68477,25.92712],[123.68482,25.92713],[123.68481,25.92709]]],[[[123.68477,25.9272],[123.68474,25.92721],[123.68476,25.92721],[123.68477,25.9272]]],[[[123.68492,25.92719],[123.68486,25.92722],[123.68492,25.92724],[123.68492,25.92719]]],[[[123.68468,25.92732],[123.68465,25.92729],[123.68464,25.92733],[123.68468,25.92732]]],[[[123.68394,25.92823],[123.68393,25.92827],[123.68398,25.92825],[123.68394,25.92823]]],[[[123.68389,25.92838],[123.68384,25.92838],[123.68384,25.92842],[123.68389,25.92838]]],[[[123.68421,25.92788],[123.68418,25.92784],[123.68417,25.92788],[123.68421,25.92788]]],[[[123.68423,25.92811],[123.68418,25.92813],[123.68421,25.92814],[123.68423,25.92811]]],[[[123.54318,25.78188],[123.54321,25.78176],[123.54312,25.78176],[123.54318,25.78188]]],[[[123.54143,25.78021],[123.54149,25.78019],[123.54144,25.78017],[123.54143,25.78021]]],[[[123.54154,25.78031],[123.54161,25.78032],[123.54159,25.7803],[123.54154,25.78031]]],[[[123.54155,25.7804],[123.54165,25.7804],[123.54166,25.78035],[123.54155,25.7804]]],[[[123.68241,25.91894],[123.68245,25.9189],[123.68241,25.9189],[123.68241,25.91894]]],[[[123.6831,25.91867],[123.68303,25.91868],[123.68308,25.91872],[123.6831,25.91867]]],[[[123.6832,25.91877],[123.68316,25.91879],[123.68321,25.91881],[123.6832,25.91877]]],[[[123.50483,25.73544],[123.50489,25.73538],[123.50481,25.73539],[123.50483,25.73544]]],[[[123.50466,25.73564],[123.50463,25.73573],[123.50473,25.73568],[123.50466,25.73564]]],[[[124.34146,24.60558],[124.34153,24.60574],[124.34162,24.6056],[124.34146,24.60558]]],[[[124.3177,24.61625],[124.31766,24.61621],[124.31767,24.61626],[124.3177,24.61625]]],[[[124.31793,24.61651],[124.31796,24.61649],[124.31791,24.61647],[124.31793,24.61651]]],[[[124.31856,24.61778],[124.31687,24.61699],[124.31783,24.61818],[124.31856,24.61778]]],[[[123.55636,25.7216],[123.55651,25.72168],[123.55645,25.72154],[123.55636,25.7216]]],[[[124.3157,24.61239],[124.31568,24.61248],[124.31581,24.61244],[124.3157,24.61239]]],[[[124.31578,24.61264],[124.31592,24.61272],[124.31594,24.6127],[124.31578,24.61264]]],[[[124.31724,24.61593],[124.31716,24.61614],[124.31741,24.61603],[124.31724,24.61593]]],[[[124.31675,24.61659],[124.31663,24.61656],[124.31666,24.61669],[124.31675,24.61659]]],[[[124.31773,24.61588],[124.31781,24.61603],[124.31787,24.61599],[124.31773,24.61588]]],[[[124.31795,24.61599],[124.31797,24.61596],[124.31792,24.61595],[124.31795,24.61599]]],[[[124.3407,24.60437],[124.34086,24.60442],[124.34086,24.6043],[124.3407,24.60437]]],[[[124.34061,24.60474],[124.34072,24.60466],[124.34057,24.6047],[124.34061,24.60474]]],[[[124.34096,24.60446],[124.34108,24.60452],[124.34103,24.60439],[124.34096,24.60446]]],[[[124.34081,24.6046],[124.34094,24.60446],[124.34075,24.60454],[124.34081,24.6046]]],[[[124.34094,24.60434],[124.34091,24.60432],[124.34091,24.60436],[124.34094,24.60434]]],[[[124.34068,24.58609],[124.34058,24.58613],[124.34059,24.58616],[124.34068,24.58609]]],[[[124.34083,24.586],[124.34076,24.58604],[124.34083,24.58602],[124.34083,24.586]]],[[[124.34072,24.58746],[124.34057,24.58741],[124.34056,24.58744],[124.34072,24.58746]]],[[[124.34082,24.5864],[124.3409,24.58643],[124.34093,24.58642],[124.34082,24.5864]]],[[[124.34098,24.5865],[124.34106,24.58652],[124.34107,24.5865],[124.34098,24.5865]]],[[[124.34097,24.5869],[124.341,24.58704],[124.34105,24.58692],[124.34097,24.5869]]],[[[123.54297,25.72282],[123.54298,25.72274],[123.54295,25.72277],[123.54297,25.72282]]],[[[123.54325,25.72311],[123.54321,25.72278],[123.54302,25.7231],[123.54325,25.72311]]],[[[123.54466,25.72381],[123.54494,25.72378],[123.54464,25.7237],[123.54466,25.72381]]],[[[123.54143,25.72741],[123.54137,25.72726],[123.54134,25.72739],[123.54143,25.72741]]],[[[123.54229,25.73428],[123.54217,25.73412],[123.54219,25.73434],[123.54229,25.73428]]],[[[123.54526,25.728],[123.54538,25.72781],[123.54497,25.72782],[123.54526,25.728]]],[[[123.54128,25.73484],[123.54111,25.73448],[123.54088,25.73444],[123.54128,25.73484]]],[[[123.54721,25.7221],[123.54713,25.72205],[123.54714,25.72211],[123.54721,25.7221]]],[[[123.55352,25.72425],[123.55365,25.72416],[123.55354,25.72416],[123.55352,25.72425]]],[[[123.55447,25.72362],[123.55443,25.72356],[123.5544,25.7236],[123.55447,25.72362]]],[[[123.55486,25.72345],[123.5548,25.72348],[123.55486,25.72348],[123.55486,25.72345]]],[[[123.53777,25.7318],[123.54206,25.73426],[123.54259,25.73104],[123.54562,25.72895],[123.54474,25.72623],[123.54164,25.72579],[123.53777,25.7318]]],[[[123.50499,25.73527],[123.50505,25.73528],[123.50504,25.73525],[123.50499,25.73527]]],[[[123.5051,25.73525],[123.50515,25.73527],[123.50513,25.73522],[123.5051,25.73525]]],[[[123.54435,25.72427],[123.54421,25.72391],[123.54399,25.72403],[123.54435,25.72427]]],[[[123.54451,25.72446],[123.54443,25.72442],[123.54446,25.72448],[123.54451,25.72446]]],[[[123.55635,25.72194],[123.55612,25.72194],[123.55626,25.72207],[123.55635,25.72194]]],[[[123.55623,25.72225],[123.55613,25.72224],[123.55617,25.72229],[123.55623,25.72225]]],[[[123.47616,25.74023],[123.47635,25.74016],[123.47623,25.74015],[123.47616,25.74023]]],[[[123.48014,25.74081],[123.48027,25.74066],[123.48013,25.74069],[123.48014,25.74081]]],[[[123.48273,25.74047],[123.48277,25.7404],[123.48272,25.74038],[123.48273,25.74047]]],[[[123.48283,25.74045],[123.48286,25.74042],[123.48283,25.74041],[123.48283,25.74045]]],[[[123.48291,25.74041],[123.48301,25.74044],[123.48293,25.74033],[123.48291,25.74041]]],[[[123.48186,25.74997],[123.48187,25.75002],[123.48191,25.74998],[123.48186,25.74997]]],[[[123.4821,25.74998],[123.48214,25.74994],[123.4821,25.74993],[123.4821,25.74998]]],[[[123.48839,25.74042],[123.4886,25.74026],[123.48838,25.74029],[123.48839,25.74042]]],[[[123.48894,25.74052],[123.48884,25.74043],[123.48879,25.7405],[123.48894,25.74052]]],[[[123.48538,25.74958],[123.48544,25.74959],[123.48541,25.74955],[123.48538,25.74958]]],[[[123.4858,25.74967],[123.48586,25.74971],[123.48582,25.74965],[123.4858,25.74967]]],[[[123.48592,25.74962],[123.48599,25.74963],[123.48594,25.74959],[123.48592,25.74962]]],[[[123.48752,25.74981],[123.48772,25.74986],[123.48772,25.74979],[123.48752,25.74981]]],[[[123.48157,25.75011],[123.48162,25.75014],[123.48162,25.7501],[123.48157,25.75011]]],[[[124.33846,24.58138],[124.33849,24.58135],[124.33847,24.58134],[124.33846,24.58138]]],[[[124.28369,24.48727],[124.2834,24.48759],[124.28385,24.48728],[124.28369,24.48727]]],[[[124.2837,24.48755],[124.28364,24.48754],[124.28364,24.48757],[124.2837,24.48755]]],[[[124.2837,24.48794],[124.28364,24.48793],[124.28363,24.48795],[124.2837,24.48794]]],[[[124.28378,24.48749],[124.28374,24.48746],[124.28373,24.4875],[124.28378,24.48749]]],[[[124.28399,24.48746],[124.28385,24.48748],[124.28386,24.48752],[124.28399,24.48746]]],[[[124.28383,24.48801],[124.28373,24.48799],[124.28369,24.48806],[124.28383,24.48801]]],[[[124.28241,24.48804],[124.28255,24.48807],[124.28259,24.48796],[124.28241,24.48804]]],[[[124.28314,24.48743],[124.28316,24.48752],[124.28323,24.48744],[124.28314,24.48743]]],[[[124.28284,24.48799],[124.28296,24.48799],[124.28297,24.48794],[124.28284,24.48799]]],[[[124.28307,24.488],[124.28315,24.488],[124.28316,24.48798],[124.28307,24.488]]],[[[124.2836,24.48767],[124.28365,24.48773],[124.28367,24.48767],[124.2836,24.48767]]],[[[124.28332,24.48805],[124.28331,24.48802],[124.28321,24.48806],[124.28332,24.48805]]],[[[124.2841,24.48728],[124.28407,24.48737],[124.28416,24.48732],[124.2841,24.48728]]],[[[124.2841,24.48776],[124.28398,24.48779],[124.28397,24.4878],[124.2841,24.48776]]],[[[124.28396,24.48797],[124.28393,24.48794],[124.28392,24.48796],[124.28396,24.48797]]],[[[124.2841,24.48816],[124.28408,24.48812],[124.28399,24.48818],[124.2841,24.48816]]],[[[124.28467,24.48734],[124.28462,24.48733],[124.28461,24.48735],[124.28467,24.48734]]],[[[124.28415,24.48806],[124.28426,24.48803],[124.28427,24.48799],[124.28415,24.48806]]],[[[124.28446,24.4881],[124.28438,24.488],[124.2843,24.48811],[124.28446,24.4881]]],[[[124.28243,24.48843],[124.28255,24.48846],[124.2826,24.48838],[124.28243,24.48843]]],[[[124.28282,24.49016],[124.28282,24.49009],[124.28273,24.49017],[124.28282,24.49016]]],[[[124.28269,24.49107],[124.28262,24.4911],[124.28264,24.49114],[124.28269,24.49107]]],[[[124.2828,24.49037],[124.28271,24.49036],[124.28267,24.49039],[124.2828,24.49037]]],[[[124.28349,24.4884],[124.28361,24.48838],[124.28361,24.48834],[124.28349,24.4884]]],[[[124.28324,24.4897],[124.28317,24.48972],[124.28318,24.48974],[124.28324,24.4897]]],[[[124.14368,24.28301],[124.14392,24.28282],[124.14368,24.28272],[124.14368,24.28301]]],[[[124.13844,24.32553],[124.13228,24.33253],[124.1385,24.32557],[124.13844,24.32553]]],[[[124.11143,24.47579],[124.11148,24.47574],[124.11143,24.47573],[124.11143,24.47579]]],[[[124.11217,24.47752],[124.11232,24.47751],[124.11238,24.47745],[124.11217,24.47752]]],[[[124.24575,24.50631],[124.24569,24.50629],[124.24571,24.50633],[124.24575,24.50631]]],[[[124.11875,24.47624],[124.11878,24.4762],[124.11874,24.47623],[124.11875,24.47624]]],[[[124.11881,24.47627],[124.11892,24.47626],[124.11885,24.47623],[124.11881,24.47627]]],[[[124.11881,24.47639],[124.11899,24.47633],[124.11878,24.47634],[124.11881,24.47639]]],[[[124.11735,24.47694],[124.1173,24.47689],[124.1173,24.47692],[124.11735,24.47694]]],[[[124.11758,24.48449],[124.11764,24.48451],[124.11762,24.48448],[124.11758,24.48449]]],[[[124.16759,24.3297],[124.16761,24.32962],[124.16757,24.32967],[124.16759,24.3297]]],[[[124.16684,24.33022],[124.16693,24.33017],[124.16687,24.33015],[124.16684,24.33022]]],[[[124.18934,24.33264],[124.18902,24.33229],[124.1889,24.33234],[124.18934,24.33264]]],[[[124.19006,24.3327],[124.19035,24.33297],[124.19082,24.33291],[124.19006,24.3327]]],[[[124.26564,24.48148],[124.26572,24.48142],[124.26562,24.48141],[124.26564,24.48148]]],[[[124.26809,24.48134],[124.26811,24.48125],[124.26809,24.48122],[124.26809,24.48134]]],[[[124.26779,24.48157],[124.26784,24.4815],[124.26775,24.48149],[124.26779,24.48157]]],[[[124.26844,24.482],[124.26844,24.48204],[124.26847,24.48201],[124.26844,24.482]]],[[[124.27131,24.48422],[124.27155,24.48425],[124.2715,24.48407],[124.27131,24.48422]]],[[[124.27162,24.48463],[124.27156,24.48457],[124.27154,24.48462],[124.27162,24.48463]]],[[[124.27507,24.48679],[124.27494,24.48677],[124.27497,24.48684],[124.27507,24.48679]]],[[[124.27914,24.488],[124.27902,24.48811],[124.27919,24.48809],[124.27914,24.488]]],[[[124.27955,24.48774],[124.27961,24.48776],[124.27961,24.48772],[124.27955,24.48774]]],[[[124.27937,24.48787],[124.27926,24.4879],[124.27926,24.48792],[124.27937,24.48787]]],[[[124.27956,24.48786],[124.27959,24.48782],[124.27954,24.48784],[124.27956,24.48786]]],[[[124.27983,24.48776],[124.27995,24.48776],[124.27996,24.48773],[124.27983,24.48776]]],[[[124.28003,24.48796],[124.2801,24.48794],[124.2801,24.4879],[124.28003,24.48796]]],[[[124.28116,24.48668],[124.2807,24.48735],[124.28156,24.48667],[124.28116,24.48668]]],[[[124.28032,24.48819],[124.28026,24.48815],[124.28026,24.48816],[124.28032,24.48819]]],[[[124.28165,24.48781],[124.28171,24.4878],[124.28172,24.48776],[124.28165,24.48781]]],[[[124.28162,24.48804],[124.28174,24.48804],[124.28176,24.48792],[124.28162,24.48804]]],[[[124.25385,24.38099],[124.25378,24.38081],[124.25372,24.38106],[124.25385,24.38099]]],[[[124.25306,24.38284],[124.25297,24.38278],[124.25304,24.38288],[124.25306,24.38284]]],[[[124.25326,24.383],[124.25304,24.38307],[124.25321,24.38313],[124.25326,24.383]]],[[[124.2528,24.38798],[124.25291,24.38777],[124.25274,24.38794],[124.2528,24.38798]]],[[[124.25278,24.38888],[124.25264,24.38882],[124.25271,24.38901],[124.25278,24.38888]]],[[[124.25448,24.38843],[124.2543,24.38823],[124.25425,24.38841],[124.25448,24.38843]]],[[[124.25448,24.38813],[124.25436,24.38809],[124.25437,24.38817],[124.25448,24.38813]]],[[[124.25447,24.38847],[124.25442,24.38871],[124.25456,24.38868],[124.25447,24.38847]]],[[[124.25463,24.38883],[124.25452,24.38897],[124.25464,24.38889],[124.25463,24.38883]]],[[[124.26747,24.40498],[124.26754,24.40501],[124.26754,24.40497],[124.26747,24.40498]]],[[[124.11108,24.36709],[124.11107,24.36694],[124.11093,24.36701],[124.11108,24.36709]]],[[[124.11393,24.36401],[124.114,24.36393],[124.11388,24.36391],[124.11393,24.36401]]],[[[124.11387,24.3642],[124.11382,24.36418],[124.11383,24.36421],[124.11387,24.3642]]],[[[124.11348,24.36466],[124.11341,24.36461],[124.1134,24.36465],[124.11348,24.36466]]],[[[124.11366,24.36437],[124.1137,24.36428],[124.11362,24.3643],[124.11366,24.36437]]],[[[124.11381,24.36451],[124.11369,24.36442],[124.1137,24.36452],[124.11381,24.36451]]],[[[124.11396,24.36441],[124.11399,24.36437],[124.11395,24.36438],[124.11396,24.36441]]],[[[124.11402,24.36432],[124.11407,24.36428],[124.11402,24.36429],[124.11402,24.36432]]],[[[124.11402,24.36439],[124.11404,24.36435],[124.11401,24.36437],[124.11402,24.36439]]],[[[124.11412,24.36431],[124.11413,24.36427],[124.11412,24.36431],[124.11412,24.36431]]],[[[124.11422,24.36435],[124.11421,24.36429],[124.11417,24.36431],[124.11422,24.36435]]],[[[124.11459,24.36401],[124.11456,24.36402],[124.1146,24.36403],[124.11459,24.36401]]],[[[124.11433,24.36431],[124.11434,24.36426],[124.11431,24.36431],[124.11433,24.36431]]],[[[124.11601,24.37445],[124.11587,24.37424],[124.11581,24.37436],[124.11601,24.37445]]],[[[124.1232,24.379],[124.12316,24.37898],[124.12316,24.379],[124.1232,24.379]]],[[[124.12335,24.379],[124.1233,24.37897],[124.12329,24.37901],[124.12335,24.379]]],[[[124.1234,24.37901],[124.12336,24.37903],[124.12339,24.37903],[124.1234,24.37901]]],[[[123.54326,25.78001],[123.54344,25.78016],[123.5435,25.78011],[123.54326,25.78001]]],[[[123.67747,25.92173],[123.67742,25.92175],[123.67747,25.92175],[123.67747,25.92173]]],[[[123.67748,25.92186],[123.67743,25.92186],[123.67745,25.92187],[123.67748,25.92186]]],[[[123.67759,25.92156],[123.67757,25.92161],[123.67761,25.9216],[123.67759,25.92156]]],[[[123.67756,25.92178],[123.67751,25.92177],[123.67752,25.9218],[123.67756,25.92178]]],[[[123.67772,25.92171],[123.67768,25.92174],[123.67771,25.92174],[123.67772,25.92171]]],[[[123.67795,25.92106],[123.67791,25.92104],[123.67792,25.92107],[123.67795,25.92106]]],[[[123.67795,25.92123],[123.6779,25.92123],[123.67792,25.92126],[123.67795,25.92123]]],[[[123.67806,25.92106],[123.67804,25.92113],[123.67806,25.92113],[123.67806,25.92106]]],[[[123.67802,25.92118],[123.67796,25.92121],[123.678,25.92121],[123.67802,25.92118]]],[[[123.67887,25.92023],[123.67885,25.92025],[123.67887,25.92024],[123.67887,25.92023]]],[[[123.67903,25.91999],[123.67899,25.91992],[123.67901,25.92],[123.67903,25.91999]]],[[[123.6764,25.92268],[123.67645,25.92264],[123.67641,25.92262],[123.6764,25.92268]]],[[[123.67652,25.92258],[123.6765,25.92259],[123.67654,25.92262],[123.67652,25.92258]]],[[[123.67669,25.92263],[123.67667,25.92269],[123.67671,25.92268],[123.67669,25.92263]]],[[[123.67694,25.92218],[123.67699,25.9222],[123.67697,25.92217],[123.67694,25.92218]]],[[[123.67693,25.92229],[123.67689,25.92227],[123.67691,25.9223],[123.67693,25.92229]]],[[[123.67716,25.92207],[123.6771,25.92206],[123.67711,25.92209],[123.67716,25.92207]]],[[[123.67705,25.92216],[123.67702,25.92213],[123.67701,25.92217],[123.67705,25.92216]]],[[[123.67731,25.92197],[123.67726,25.92196],[123.67727,25.92198],[123.67731,25.92197]]],[[[123.67739,25.92191],[123.67735,25.92189],[123.67734,25.92191],[123.67739,25.92191]]],[[[123.67631,25.92279],[123.67635,25.92278],[123.67632,25.92277],[123.67631,25.92279]]],[[[123.67653,25.92272],[123.67648,25.92271],[123.67649,25.92274],[123.67653,25.92272]]],[[[123.67639,25.92275],[123.67643,25.92274],[123.6764,25.92274],[123.67639,25.92275]]],[[[123.67647,25.92282],[123.67651,25.92284],[123.67648,25.92281],[123.67647,25.92282]]],[[[123.67656,25.92282],[123.67658,25.92282],[123.67656,25.92281],[123.67656,25.92282]]],[[[123.67673,25.92274],[123.67667,25.92275],[123.67673,25.92277],[123.67673,25.92274]]],[[[123.676,25.92313],[123.67588,25.92319],[123.67602,25.92315],[123.676,25.92313]]],[[[123.67609,25.92309],[123.67606,25.92297],[123.67602,25.92298],[123.67609,25.92309]]],[[[123.67625,25.92299],[123.67626,25.92308],[123.67629,25.92298],[123.67625,25.92299]]],[[[123.67604,25.92367],[123.676,25.92371],[123.67602,25.92372],[123.67604,25.92367]]],[[[123.67615,25.92368],[123.67612,25.92372],[123.67614,25.92371],[123.67615,25.92368]]],[[[123.6761,25.92379],[123.67606,25.92378],[123.67605,25.92382],[123.6761,25.92379]]],[[[123.67635,25.9229],[123.67636,25.92288],[123.67635,25.92287],[123.67635,25.9229]]],[[[123.67639,25.92298],[123.67635,25.92297],[123.67636,25.923],[123.67639,25.92298]]],[[[123.67643,25.923],[123.67652,25.92292],[123.67651,25.9229],[123.67643,25.923]]],[[[123.67612,25.92403],[123.6761,25.92399],[123.67608,25.92401],[123.67612,25.92403]]],[[[123.67611,25.92416],[123.67604,25.92419],[123.67611,25.92418],[123.67611,25.92416]]],[[[123.67619,25.92408],[123.67616,25.92413],[123.67622,25.92411],[123.67619,25.92408]]],[[[123.68012,25.92871],[123.68005,25.92875],[123.68013,25.92874],[123.68012,25.92871]]],[[[123.6804,25.92876],[123.6804,25.9288],[123.68041,25.92877],[123.6804,25.92876]]],[[[123.68033,25.92882],[123.68032,25.92885],[123.68034,25.92883],[123.68033,25.92882]]],[[[123.68049,25.92888],[123.68042,25.92891],[123.68043,25.92894],[123.68049,25.92888]]],[[[123.68138,25.92883],[123.68145,25.92876],[123.68137,25.9288],[123.68138,25.92883]]],[[[123.68238,25.92893],[123.68238,25.92887],[123.68235,25.92887],[123.68238,25.92893]]],[[[123.68345,25.92867],[123.68341,25.92871],[123.68348,25.92869],[123.68345,25.92867]]],[[[123.68358,25.9286],[123.68356,25.92864],[123.68361,25.92862],[123.68358,25.9286]]],[[[123.6827,25.92878],[123.68273,25.92881],[123.68276,25.92876],[123.6827,25.92878]]],[[[123.68292,25.9287],[123.68286,25.92871],[123.68287,25.92874],[123.68292,25.9287]]],[[[123.68336,25.92873],[123.68329,25.92872],[123.68332,25.92875],[123.68336,25.92873]]],[[[123.68355,25.92882],[123.6835,25.92881],[123.68351,25.92885],[123.68355,25.92882]]],[[[123.68372,25.92849],[123.68378,25.9285],[123.68378,25.92848],[123.68372,25.92849]]],[[[123.6838,25.92866],[123.68377,25.9287],[123.68382,25.92868],[123.6838,25.92866]]],[[[123.68391,25.92851],[123.68391,25.92857],[123.68395,25.92854],[123.68391,25.92851]]],[[[123.68365,25.92872],[123.6836,25.92873],[123.68361,25.92876],[123.68365,25.92872]]],[[[123.68431,25.92874],[123.68428,25.92873],[123.68428,25.92875],[123.68431,25.92874]]],[[[123.49014,25.74066],[123.49014,25.74052],[123.49005,25.74072],[123.49014,25.74066]]],[[[123.49013,25.74086],[123.4903,25.74076],[123.49029,25.7406],[123.49013,25.74086]]],[[[123.49076,25.74069],[123.49064,25.74063],[123.49075,25.74074],[123.49076,25.74069]]],[[[123.49036,25.74083],[123.49057,25.74068],[123.49037,25.74066],[123.49036,25.74083]]],[[[123.48905,25.74051],[123.48901,25.74047],[123.48901,25.7405],[123.48905,25.74051]]],[[[123.49057,25.74043],[123.49028,25.74048],[123.49057,25.74059],[123.49057,25.74043]]],[[[123.49098,25.74124],[123.49109,25.74121],[123.49107,25.74115],[123.49098,25.74124]]],[[[123.49173,25.74136],[123.49197,25.74144],[123.4917,25.74127],[123.49173,25.74136]]],[[[123.49199,25.74153],[123.49208,25.74166],[123.49218,25.74163],[123.49199,25.74153]]],[[[123.49274,25.74177],[123.49251,25.74181],[123.49266,25.74189],[123.49274,25.74177]]],[[[123.49298,25.74209],[123.493,25.74205],[123.49298,25.74205],[123.49298,25.74209]]],[[[123.4931,25.74211],[123.49309,25.74208],[123.49308,25.74209],[123.4931,25.74211]]],[[[123.4932,25.74208],[123.49323,25.74204],[123.49319,25.74206],[123.4932,25.74208]]],[[[123.49331,25.74211],[123.49335,25.74212],[123.49333,25.74211],[123.49331,25.74211]]],[[[123.49311,25.74227],[123.4931,25.74222],[123.49308,25.74226],[123.49311,25.74227]]],[[[123.49324,25.74228],[123.49321,25.74226],[123.49322,25.7423],[123.49324,25.74228]]],[[[123.49336,25.7423],[123.49331,25.74227],[123.4933,25.7423],[123.49336,25.7423]]],[[[123.49342,25.74239],[123.49353,25.74238],[123.49348,25.74231],[123.49342,25.74239]]],[[[123.55561,25.72119],[123.55566,25.72091],[123.5556,25.72091],[123.55561,25.72119]]],[[[123.54477,25.78091],[123.54319,25.78017],[123.54354,25.78203],[123.54477,25.78091]]],[[[123.68083,25.91926],[123.68082,25.9193],[123.68085,25.91928],[123.68083,25.91926]]],[[[123.68248,25.91901],[123.68251,25.91913],[123.68251,25.91902],[123.68248,25.91901]]],[[[123.68258,25.91912],[123.68258,25.91916],[123.6826,25.91916],[123.68258,25.91912]]],[[[123.68272,25.91913],[123.68271,25.91916],[123.68273,25.91915],[123.68272,25.91913]]],[[[123.68346,25.91914],[123.68344,25.91919],[123.68348,25.91916],[123.68346,25.91914]]],[[[123.68359,25.91937],[123.68355,25.91934],[123.68353,25.91937],[123.68359,25.91937]]],[[[123.68469,25.91903],[123.68466,25.91901],[123.68465,25.91904],[123.68469,25.91903]]],[[[123.68467,25.91908],[123.68466,25.91912],[123.68468,25.91911],[123.68467,25.91908]]],[[[123.68482,25.91903],[123.68477,25.91906],[123.6848,25.91907],[123.68482,25.91903]]],[[[123.68478,25.91929],[123.68472,25.91933],[123.6848,25.91931],[123.68478,25.91929]]],[[[123.68489,25.91931],[123.68493,25.91936],[123.68496,25.91934],[123.68489,25.91931]]],[[[123.68567,25.91916],[123.68563,25.91918],[123.68566,25.91918],[123.68567,25.91916]]],[[[123.67674,25.92575],[123.67672,25.92579],[123.67675,25.92578],[123.67674,25.92575]]],[[[123.67694,25.92568],[123.67692,25.92578],[123.67697,25.92575],[123.67694,25.92568]]],[[[123.67613,25.9245],[123.67604,25.92456],[123.67618,25.92456],[123.67613,25.9245]]],[[[123.67644,25.92453],[123.67639,25.92454],[123.67641,25.92458],[123.67644,25.92453]]],[[[123.6764,25.92471],[123.67642,25.92466],[123.67639,25.92466],[123.6764,25.92471]]],[[[123.67648,25.92482],[123.67642,25.92483],[123.67645,25.92487],[123.67648,25.92482]]],[[[123.67652,25.92504],[123.67649,25.92507],[123.67654,25.92508],[123.67652,25.92504]]],[[[123.67664,25.92504],[123.6766,25.92507],[123.67665,25.92506],[123.67664,25.92504]]],[[[123.67667,25.92525],[123.67663,25.92528],[123.67666,25.92529],[123.67667,25.92525]]],[[[123.67672,25.9253],[123.67674,25.92535],[123.67676,25.92533],[123.67672,25.9253]]],[[[123.67676,25.92549],[123.67671,25.92547],[123.67671,25.9255],[123.67676,25.92549]]],[[[123.6769,25.92551],[123.67685,25.92553],[123.67689,25.92553],[123.6769,25.92551]]],[[[123.67681,25.92558],[123.67676,25.92555],[123.67676,25.92557],[123.67681,25.92558]]],[[[123.67714,25.92575],[123.67708,25.92575],[123.6771,25.9258],[123.67714,25.92575]]],[[[123.67747,25.92644],[123.67741,25.92645],[123.67738,25.92646],[123.67747,25.92644]]],[[[123.67756,25.92638],[123.6775,25.92637],[123.67754,25.92639],[123.67756,25.92638]]],[[[123.67781,25.92653],[123.67778,25.92656],[123.67782,25.92656],[123.67781,25.92653]]],[[[123.67776,25.92667],[123.67772,25.9267],[123.67775,25.92673],[123.67776,25.92667]]],[[[123.67788,25.92666],[123.67784,25.92666],[123.67785,25.92669],[123.67788,25.92666]]],[[[123.67767,25.92671],[123.6776,25.92667],[123.6776,25.9267],[123.67767,25.92671]]],[[[123.67796,25.92671],[123.67791,25.92668],[123.67794,25.92672],[123.67796,25.92671]]],[[[123.67788,25.9268],[123.67782,25.92682],[123.67789,25.92682],[123.67788,25.9268]]],[[[123.67789,25.92709],[123.67783,25.92709],[123.67785,25.92711],[123.67789,25.92709]]],[[[123.67801,25.92725],[123.67791,25.92722],[123.67794,25.92728],[123.67801,25.92725]]],[[[123.67803,25.92676],[123.67796,25.92681],[123.67804,25.92679],[123.67803,25.92676]]],[[[123.67803,25.92693],[123.67798,25.92697],[123.67802,25.92697],[123.67803,25.92693]]],[[[123.6781,25.92713],[123.67805,25.92717],[123.67811,25.92717],[123.6781,25.92713]]],[[[123.67822,25.92707],[123.67816,25.92709],[123.67819,25.92712],[123.67822,25.92707]]],[[[123.67868,25.92741],[123.67863,25.92745],[123.67869,25.92746],[123.67868,25.92741]]],[[[123.67863,25.92753],[123.67856,25.92751],[123.67861,25.92755],[123.67863,25.92753]]],[[[123.67873,25.92751],[123.67868,25.92751],[123.6787,25.92756],[123.67873,25.92751]]],[[[123.67882,25.92741],[123.67876,25.92745],[123.67882,25.92745],[123.67882,25.92741]]],[[[123.67884,25.92754],[123.67879,25.92758],[123.67883,25.92758],[123.67884,25.92754]]],[[[123.67877,25.92763],[123.67871,25.92765],[123.67876,25.92766],[123.67877,25.92763]]],[[[123.67882,25.92772],[123.67877,25.92771],[123.67877,25.92773],[123.67882,25.92772]]],[[[123.67895,25.92766],[123.67889,25.92766],[123.6789,25.9277],[123.67895,25.92766]]],[[[123.67911,25.92774],[123.67906,25.92778],[123.67909,25.92778],[123.67911,25.92774]]],[[[123.67893,25.9282],[123.67922,25.92802],[123.67917,25.92787],[123.67893,25.9282]]],[[[123.6793,25.92781],[123.67928,25.92791],[123.67931,25.9279],[123.6793,25.92781]]],[[[123.68514,25.91942],[123.6851,25.91947],[123.68515,25.91944],[123.68514,25.91942]]],[[[123.68533,25.91942],[123.6853,25.91947],[123.68535,25.91944],[123.68533,25.91942]]],[[[123.68603,25.91943],[123.68595,25.91958],[123.68605,25.91955],[123.68603,25.91943]]],[[[123.68611,25.91963],[123.68605,25.91969],[123.68612,25.91969],[123.68611,25.91963]]],[[[123.68624,25.91964],[123.68623,25.9197],[123.68628,25.91966],[123.68624,25.91964]]],[[[123.68735,25.92022],[123.68729,25.92021],[123.68731,25.92023],[123.68735,25.92022]]],[[[123.68739,25.92027],[123.68744,25.92026],[123.68741,25.92025],[123.68739,25.92027]]],[[[123.6868,25.92528],[123.68674,25.92527],[123.68673,25.92528],[123.6868,25.92528]]],[[[123.68705,25.92527],[123.68693,25.9253],[123.68703,25.92532],[123.68705,25.92527]]],[[[123.68727,25.92488],[123.68738,25.92478],[123.68724,25.92486],[123.68727,25.92488]]],[[[123.68736,25.92494],[123.68731,25.92496],[123.68736,25.92497],[123.68736,25.92494]]],[[[123.68533,25.92663],[123.68528,25.92663],[123.68527,25.92665],[123.68533,25.92663]]],[[[123.68508,25.92684],[123.68507,25.92688],[123.68512,25.92685],[123.68508,25.92684]]],[[[123.68515,25.92682],[123.68511,25.92677],[123.6851,25.92679],[123.68515,25.92682]]],[[[123.68519,25.9269],[123.68514,25.92693],[123.68519,25.92692],[123.68519,25.9269]]],[[[123.68535,25.92677],[123.6853,25.92681],[123.68534,25.92681],[123.68535,25.92677]]],[[[123.68507,25.92728],[123.68506,25.92732],[123.68509,25.92732],[123.68507,25.92728]]],[[[123.68538,25.92736],[123.68535,25.92734],[123.68534,25.92738],[123.68538,25.92736]]],[[[123.68557,25.92645],[123.68556,25.92649],[123.6856,25.92647],[123.68557,25.92645]]],[[[123.68626,25.92626],[123.68623,25.92631],[123.68627,25.92626],[123.68626,25.92626]]],[[[123.68749,25.92478],[123.68745,25.92482],[123.68749,25.92483],[123.68749,25.92478]]],[[[123.6876,25.92472],[123.6875,25.92473],[123.6876,25.92478],[123.6876,25.92472]]],[[[123.6875,25.92043],[123.68745,25.92041],[123.68748,25.92045],[123.6875,25.92043]]],[[[123.68759,25.91975],[123.68751,25.91997],[123.68769,25.91975],[123.68759,25.91975]]],[[[123.68755,25.92027],[123.68761,25.92025],[123.68758,25.92024],[123.68755,25.92027]]],[[[123.68822,25.92058],[123.68815,25.92059],[123.6882,25.92061],[123.68822,25.92058]]],[[[123.68831,25.92167],[123.68826,25.92168],[123.6883,25.92172],[123.68831,25.92167]]],[[[123.68853,25.92267],[123.68838,25.92274],[123.68841,25.92282],[123.68853,25.92267]]],[[[123.68851,25.92233],[123.68867,25.92234],[123.68855,25.9223],[123.68851,25.92233]]],[[[123.68766,25.92406],[123.68764,25.92413],[123.68769,25.9241],[123.68766,25.92406]]],[[[123.68777,25.924],[123.68773,25.92403],[123.68777,25.92405],[123.68777,25.924]]],[[[123.68786,25.92395],[123.6878,25.92395],[123.68784,25.92397],[123.68786,25.92395]]],[[[123.68768,25.92488],[123.68761,25.92491],[123.68769,25.9249],[123.68768,25.92488]]],[[[123.6878,25.92491],[123.68776,25.92494],[123.68779,25.92494],[123.6878,25.92491]]],[[[123.68792,25.92527],[123.68785,25.9253],[123.68792,25.92531],[123.68792,25.92527]]],[[[123.68794,25.92507],[123.68816,25.92487],[123.68787,25.92492],[123.68794,25.92507]]],[[[123.68822,25.92517],[123.68812,25.92514],[123.6882,25.92522],[123.68822,25.92517]]],[[[123.46019,25.74415],[123.47643,25.75181],[123.48684,25.74949],[123.49351,25.74287],[123.48834,25.74049],[123.47708,25.74128],[123.4739,25.73791],[123.47233,25.73896],[123.46438,25.73466],[123.45944,25.73525],[123.4578,25.73994],[123.46019,25.74415]]],[[[123.55565,25.72147],[123.54491,25.72237],[123.54494,25.72417],[123.55098,25.72553],[123.55565,25.72147]]],[[[123.4614,25.73451],[123.46163,25.73487],[123.46178,25.73465],[123.4614,25.73451]]],[[[123.68369,25.91941],[123.68364,25.91942],[123.68366,25.91943],[123.68369,25.91941]]],[[[123.68506,25.92698],[123.68501,25.92699],[123.68505,25.92702],[123.68506,25.92698]]],[[[123.67896,25.92028],[123.67607,25.92437],[123.67986,25.92868],[123.68356,25.92853],[123.68873,25.92349],[123.68596,25.91966],[123.67896,25.92028]]],[[[123.55643,25.72103],[123.55627,25.72136],[123.55651,25.72137],[123.55643,25.72103]]],[[[124.30502,24.58434],[124.30507,24.58436],[124.30508,24.58435],[124.30502,24.58434]]],[[[124.30519,24.58421],[124.30521,24.58426],[124.30524,24.58423],[124.30519,24.58421]]],[[[124.30792,24.58732],[124.30799,24.58733],[124.30795,24.5873],[124.30792,24.58732]]],[[[124.30843,24.58758],[124.30826,24.58758],[124.30823,24.58762],[124.30843,24.58758]]],[[[124.30836,24.58781],[124.30846,24.58772],[124.30834,24.58777],[124.30836,24.58781]]],[[[124.30865,24.58876],[124.30877,24.58876],[124.30879,24.58867],[124.30865,24.58876]]],[[[124.30959,24.59099],[124.30958,24.59118],[124.30962,24.59111],[124.30959,24.59099]]],[[[124.31126,24.59491],[124.31126,24.59499],[124.31136,24.5949],[124.31126,24.59491]]],[[[124.31114,24.59648],[124.31113,24.59653],[124.31116,24.5965],[124.31114,24.59648]]],[[[124.31112,24.59681],[124.31112,24.59687],[124.31121,24.59684],[124.31112,24.59681]]],[[[124.3113,24.59747],[124.31121,24.59754],[124.31122,24.59756],[124.3113,24.59747]]],[[[124.31119,24.59802],[124.31121,24.59798],[124.31119,24.59798],[124.31119,24.59802]]],[[[124.31124,24.5982],[124.31117,24.59804],[124.31111,24.59819],[124.31124,24.5982]]],[[[124.31099,24.59907],[124.31103,24.59907],[124.31103,24.59906],[124.31099,24.59907]]],[[[124.31107,24.59902],[124.3111,24.599],[124.31109,24.59899],[124.31107,24.59902]]],[[[124.31111,24.60038],[124.31116,24.60041],[124.31109,24.60033],[124.31111,24.60038]]],[[[124.31116,24.60201],[124.31115,24.60195],[124.31114,24.60201],[124.31116,24.60201]]],[[[124.12006,24.47609],[124.12009,24.47608],[124.12006,24.47608],[124.12006,24.47609]]],[[[124.12202,24.47437],[124.12206,24.47433],[124.12201,24.47435],[124.12202,24.47437]]],[[[124.12237,24.47437],[124.12235,24.47427],[124.12233,24.47427],[124.12237,24.47437]]],[[[124.12252,24.4805],[124.12248,24.48045],[124.12248,24.48048],[124.12252,24.4805]]],[[[124.24627,24.50826],[124.24618,24.50819],[124.24617,24.50829],[124.24627,24.50826]]],[[[124.24644,24.50838],[124.24637,24.50836],[124.24635,24.50837],[124.24644,24.50838]]],[[[124.24753,24.50969],[124.24744,24.50966],[124.24744,24.50974],[124.24753,24.50969]]],[[[124.24939,24.5113],[124.24936,24.51135],[124.24941,24.51135],[124.24939,24.5113]]],[[[124.24958,24.51163],[124.24949,24.5116],[124.24952,24.51164],[124.24958,24.51163]]],[[[124.11517,24.47646],[124.11524,24.47642],[124.11517,24.4764],[124.11517,24.47646]]],[[[124.11527,24.47653],[124.11531,24.4765],[124.11529,24.47648],[124.11527,24.47653]]],[[[124.11656,24.47654],[124.11665,24.47654],[124.11665,24.47652],[124.11656,24.47654]]],[[[124.11324,24.47837],[124.11324,24.4784],[124.11326,24.47838],[124.11324,24.47837]]],[[[124.11329,24.47724],[124.11332,24.47718],[124.11327,24.47717],[124.11329,24.47724]]],[[[124.11356,24.47726],[124.11365,24.47727],[124.11364,24.47721],[124.11356,24.47726]]],[[[124.1138,24.47713],[124.11385,24.47717],[124.11387,24.47715],[124.1138,24.47713]]],[[[124.11404,24.48033],[124.114,24.48034],[124.11402,24.48036],[124.11404,24.48033]]],[[[124.11615,24.47677],[124.11614,24.47673],[124.11613,24.47675],[124.11615,24.47677]]],[[[124.11647,24.47681],[124.11637,24.47676],[124.11636,24.47677],[124.11647,24.47681]]],[[[124.11685,24.47694],[124.11687,24.47695],[124.11687,24.47693],[124.11685,24.47694]]],[[[124.1171,24.47685],[124.11708,24.4768],[124.11705,24.47683],[124.1171,24.47685]]],[[[124.11409,24.48062],[124.11404,24.4807],[124.11415,24.48062],[124.11409,24.48062]]],[[[124.11479,24.48142],[124.11491,24.48133],[124.11491,24.48129],[124.11479,24.48142]]],[[[124.11659,24.48212],[124.11619,24.48215],[124.11613,24.48228],[124.11659,24.48212]]],[[[124.11689,24.48215],[124.11693,24.48215],[124.1169,24.48214],[124.11689,24.48215]]],[[[124.11681,24.48218],[124.11691,24.48222],[124.11692,24.4822],[124.11681,24.48218]]],[[[124.11686,24.48228],[124.11687,24.48231],[124.1169,24.48229],[124.11686,24.48228]]],[[[124.11696,24.48206],[124.11695,24.48212],[124.11701,24.48208],[124.11696,24.48206]]],[[[124.11699,24.48235],[124.11728,24.48241],[124.11708,24.48224],[124.11699,24.48235]]],[[[124.11667,24.48255],[124.11664,24.48252],[124.11662,24.48257],[124.11667,24.48255]]],[[[124.11697,24.48251],[124.11704,24.4825],[124.11701,24.48247],[124.11697,24.48251]]],[[[124.1168,24.48235],[124.1165,24.48244],[124.11695,24.48246],[124.1168,24.48235]]],[[[124.11496,24.48404],[124.11504,24.48394],[124.11491,24.48403],[124.11496,24.48404]]],[[[124.11537,24.48422],[124.11548,24.48409],[124.11533,24.48416],[124.11537,24.48422]]],[[[124.11582,24.48411],[124.11582,24.48415],[124.11584,24.48415],[124.11582,24.48411]]],[[[124.11701,24.48255],[124.11696,24.4828],[124.11723,24.48269],[124.11701,24.48255]]],[[[124.11685,24.48339],[124.11691,24.48317],[124.11669,24.4833],[124.11685,24.48339]]],[[[124.1167,24.48349],[124.11667,24.4835],[124.11671,24.4835],[124.1167,24.48349]]],[[[124.11688,24.48342],[124.11689,24.48346],[124.11694,24.48345],[124.11688,24.48342]]],[[[124.11687,24.48468],[124.11674,24.48519],[124.11745,24.48452],[124.11687,24.48468]]],[[[124.11545,24.48377],[124.1151,24.48425],[124.11607,24.48389],[124.11545,24.48377]]],[[[124.11736,24.48309],[124.11708,24.48339],[124.11742,24.48352],[124.11736,24.48309]]],[[[124.1167,24.48354],[124.11636,24.48365],[124.11679,24.48373],[124.1167,24.48354]]],[[[124.11515,24.48505],[124.11666,24.48435],[124.11755,24.48426],[124.1164,24.48386],[124.11515,24.48505]]],[[[124.11647,24.48328],[124.11649,24.48337],[124.11667,24.48334],[124.11647,24.48328]]],[[[124.11677,24.48343],[124.1168,24.48346],[124.11681,24.48344],[124.11677,24.48343]]],[[[124.11683,24.48379],[124.11676,24.48379],[124.11683,24.48384],[124.11683,24.48379]]],[[[124.117,24.48357],[124.117,24.4836],[124.11701,24.48359],[124.117,24.48357]]],[[[124.11756,24.48228],[124.11759,24.48223],[124.11753,24.48224],[124.11756,24.48228]]],[[[124.11732,24.4825],[124.11731,24.48257],[124.11736,24.48254],[124.11732,24.4825]]],[[[124.11749,24.48288],[124.11748,24.48291],[124.11751,24.48288],[124.11749,24.48288]]],[[[124.28912,24.53947],[124.28909,24.53958],[124.28914,24.53959],[124.28912,24.53947]]],[[[124.2892,24.53946],[124.2892,24.5395],[124.28921,24.5395],[124.2892,24.53946]]],[[[124.29135,24.53963],[124.29133,24.53967],[124.29137,24.53966],[124.29135,24.53963]]],[[[124.29312,24.53952],[124.29317,24.53946],[124.29306,24.53944],[124.29312,24.53952]]],[[[124.29363,24.53984],[124.29365,24.53989],[124.29367,24.53988],[124.29363,24.53984]]],[[[124.29462,24.5421],[124.29451,24.54212],[124.29463,24.54213],[124.29462,24.5421]]],[[[124.29386,24.54467],[124.2936,24.54453],[124.29346,24.54456],[124.29386,24.54467]]],[[[124.29383,24.54453],[124.29374,24.54453],[124.29374,24.54453],[124.29383,24.54453]]],[[[124.29389,24.54448],[124.29384,24.54449],[124.2939,24.54451],[124.29389,24.54448]]],[[[124.29451,24.54313],[124.29449,24.5431],[124.29448,24.54311],[124.29451,24.54313]]],[[[124.29291,24.54831],[124.29288,24.54831],[124.29289,24.54832],[124.29291,24.54831]]],[[[124.29267,24.54838],[124.29268,24.54832],[124.29265,24.54837],[124.29267,24.54838]]],[[[124.29295,24.54846],[124.29291,24.54845],[124.29291,24.54846],[124.29295,24.54846]]],[[[124.29197,24.54997],[124.292,24.54999],[124.29201,24.54997],[124.29197,24.54997]]],[[[124.29317,24.54832],[124.29308,24.54829],[124.29307,24.5483],[124.29317,24.54832]]],[[[124.29335,24.54825],[124.29332,24.54821],[124.29332,24.54821],[124.29335,24.54825]]],[[[124.29354,24.54822],[124.29352,24.54818],[124.29349,24.54823],[124.29354,24.54822]]],[[[124.29354,24.54827],[124.2935,24.54826],[124.29351,24.54828],[124.29354,24.54827]]],[[[124.2938,24.5483],[124.29378,24.5483],[124.29378,24.54832],[124.2938,24.5483]]],[[[124.18142,24.4504],[124.18147,24.45043],[124.18148,24.45042],[124.18142,24.4504]]],[[[124.18372,24.4514],[124.18374,24.45141],[124.18374,24.45139],[124.18372,24.4514]]],[[[124.18381,24.45138],[124.18385,24.4514],[124.18385,24.45137],[124.18381,24.45138]]],[[[124.18372,24.45143],[124.18371,24.45146],[124.18373,24.45146],[124.18372,24.45143]]],[[[124.18388,24.4514],[124.18391,24.45143],[124.18392,24.45141],[124.18388,24.4514]]],[[[124.18416,24.45163],[124.1842,24.45177],[124.18425,24.45178],[124.18416,24.45163]]],[[[124.19758,24.45747],[124.19757,24.45751],[124.19759,24.45751],[124.19758,24.45747]]],[[[124.19957,24.45699],[124.19958,24.45702],[124.19959,24.45701],[124.19957,24.45699]]],[[[124.19954,24.45722],[124.19943,24.45725],[124.19944,24.45729],[124.19954,24.45722]]],[[[124.20194,24.45788],[124.20186,24.45793],[124.20188,24.45806],[124.20194,24.45788]]],[[[124.20224,24.45785],[124.20229,24.45779],[124.20227,24.45778],[124.20224,24.45785]]],[[[124.20234,24.45802],[124.2023,24.45806],[124.20232,24.45807],[124.20234,24.45802]]],[[[124.20662,24.45781],[124.20659,24.45784],[124.20661,24.45785],[124.20662,24.45781]]],[[[124.20638,24.45816],[124.20629,24.45831],[124.20639,24.4583],[124.20638,24.45816]]],[[[124.12397,24.4282],[124.12386,24.42819],[124.12384,24.42824],[124.12397,24.4282]]],[[[124.12476,24.42786],[124.12475,24.42789],[124.12478,24.42788],[124.12476,24.42786]]],[[[124.12092,24.43413],[124.12108,24.43416],[124.12099,24.43407],[124.12092,24.43413]]],[[[124.11146,24.44505],[124.11141,24.44502],[124.11139,24.44504],[124.11146,24.44505]]],[[[124.11264,24.44574],[124.11257,24.44564],[124.11259,24.44571],[124.11264,24.44574]]],[[[124.11362,24.44601],[124.11357,24.44597],[124.11356,24.446],[124.11362,24.44601]]],[[[124.28849,24.5517],[124.28847,24.55172],[124.2885,24.55171],[124.28849,24.5517]]],[[[124.28857,24.55176],[124.28852,24.55173],[124.28851,24.55176],[124.28857,24.55176]]],[[[124.28284,24.55802],[124.28281,24.558],[124.28279,24.558],[124.28284,24.55802]]],[[[124.28299,24.5581],[124.28291,24.55811],[124.28301,24.55813],[124.28299,24.5581]]],[[[124.28391,24.55593],[124.28394,24.55598],[124.28395,24.55596],[124.28391,24.55593]]],[[[124.28208,24.55875],[124.28218,24.55874],[124.28218,24.55871],[124.28208,24.55875]]],[[[124.28235,24.55917],[124.28226,24.5592],[124.28241,24.55923],[124.28235,24.55917]]],[[[124.28278,24.55944],[124.28269,24.55945],[124.28274,24.5595],[124.28278,24.55944]]],[[[124.28235,24.55989],[124.28241,24.56003],[124.28244,24.56001],[124.28235,24.55989]]],[[[124.28245,24.56044],[124.28238,24.56046],[124.28247,24.56049],[124.28245,24.56044]]],[[[124.28254,24.56044],[124.28254,24.5605],[124.28258,24.56049],[124.28254,24.56044]]],[[[124.2826,24.56055],[124.28259,24.56059],[124.28264,24.5606],[124.2826,24.56055]]],[[[124.2829,24.56165],[124.28289,24.56162],[124.28288,24.56165],[124.2829,24.56165]]],[[[124.28319,24.56168],[124.28317,24.56165],[124.28316,24.56166],[124.28319,24.56168]]],[[[124.28445,24.5624],[124.2844,24.56241],[124.28441,24.56243],[124.28445,24.5624]]],[[[124.28608,24.55525],[124.28602,24.55529],[124.28611,24.55529],[124.28608,24.55525]]],[[[124.29033,24.55049],[124.29035,24.55054],[124.29041,24.55048],[124.29033,24.55049]]],[[[124.29081,24.5501],[124.29089,24.55015],[124.29089,24.55014],[124.29081,24.5501]]],[[[124.29181,24.55003],[124.29183,24.54996],[124.29176,24.55],[124.29181,24.55003]]],[[[124.2895,24.55125],[124.28947,24.55132],[124.28955,24.55129],[124.2895,24.55125]]],[[[124.31784,24.55728],[124.31781,24.55728],[124.31781,24.55729],[124.31784,24.55728]]],[[[124.31789,24.55731],[124.31782,24.55735],[124.3179,24.55737],[124.31789,24.55731]]],[[[124.29516,24.54155],[124.29513,24.54154],[124.29514,24.54156],[124.29516,24.54155]]],[[[124.30462,24.53573],[124.30458,24.53571],[124.30458,24.53574],[124.30462,24.53573]]],[[[124.30531,24.53564],[124.3053,24.53558],[124.30527,24.53562],[124.30531,24.53564]]],[[[124.30532,24.53607],[124.30529,24.53602],[124.30526,24.53606],[124.30532,24.53607]]],[[[124.30651,24.53548],[124.30635,24.53556],[124.3065,24.53556],[124.30651,24.53548]]],[[[124.30757,24.54841],[124.30756,24.54838],[124.30754,24.5484],[124.30757,24.54841]]],[[[124.3151,24.55704],[124.31508,24.55701],[124.31508,24.55702],[124.3151,24.55704]]],[[[124.3152,24.55698],[124.31519,24.55696],[124.31518,24.55698],[124.3152,24.55698]]],[[[124.31575,24.55696],[124.31582,24.55709],[124.31588,24.55704],[124.31575,24.55696]]],[[[124.31562,24.55714],[124.31579,24.55718],[124.31585,24.55713],[124.31562,24.55714]]],[[[124.31701,24.55732],[124.31715,24.55741],[124.3172,24.55737],[124.31701,24.55732]]],[[[124.31735,24.5572],[124.3174,24.55722],[124.3174,24.5572],[124.31735,24.5572]]],[[[124.31747,24.5572],[124.31742,24.55719],[124.31745,24.55721],[124.31747,24.5572]]],[[[124.31767,24.55717],[124.3176,24.55717],[124.31762,24.5572],[124.31767,24.55717]]],[[[124.31801,24.55737],[124.31796,24.55727],[124.31793,24.55729],[124.31801,24.55737]]],[[[124.31822,24.55728],[124.31822,24.55738],[124.31828,24.55731],[124.31822,24.55728]]],[[[124.31827,24.55776],[124.31833,24.55778],[124.31831,24.55773],[124.31827,24.55776]]],[[[124.31849,24.55747],[124.31841,24.55743],[124.31836,24.55753],[124.31849,24.55747]]],[[[124.2888,24.56546],[124.28874,24.56539],[124.28872,24.56543],[124.2888,24.56546]]],[[[124.28903,24.56577],[124.28901,24.56572],[124.28898,24.56575],[124.28903,24.56577]]],[[[124.29084,24.56703],[124.29076,24.56706],[124.29085,24.56706],[124.29084,24.56703]]],[[[124.29177,24.56738],[124.29169,24.56761],[124.29188,24.56745],[124.29177,24.56738]]],[[[124.29253,24.56801],[124.29256,24.56808],[124.29258,24.56799],[124.29253,24.56801]]],[[[124.29287,24.56804],[124.29294,24.56813],[124.29296,24.568],[124.29287,24.56804]]],[[[124.29347,24.56808],[124.2934,24.56816],[124.29344,24.56817],[124.29347,24.56808]]],[[[124.29789,24.57076],[124.29783,24.57093],[124.29791,24.57094],[124.29789,24.57076]]],[[[124.2997,24.57543],[124.29963,24.57553],[124.29971,24.57544],[124.2997,24.57543]]],[[[124.30021,24.5767],[124.30025,24.57673],[124.30028,24.5767],[124.30021,24.5767]]],[[[124.3002,24.57679],[124.30013,24.57686],[124.30022,24.57681],[124.3002,24.57679]]],[[[124.30177,24.57975],[124.30173,24.57975],[124.30174,24.57979],[124.30177,24.57975]]],[[[124.30248,24.58133],[124.30247,24.58141],[124.30252,24.58137],[124.30248,24.58133]]],[[[124.30282,24.58175],[124.30277,24.58183],[124.30284,24.58177],[124.30282,24.58175]]],[[[124.30288,24.58197],[124.30282,24.582],[124.30285,24.58201],[124.30288,24.58197]]],[[[124.30316,24.58213],[124.30316,24.5822],[124.30323,24.58214],[124.30316,24.58213]]],[[[124.32808,24.56551],[124.32805,24.56549],[124.32805,24.56551],[124.32808,24.56551]]],[[[124.32851,24.56504],[124.32849,24.56506],[124.32851,24.56506],[124.32851,24.56504]]],[[[124.32861,24.56561],[124.32858,24.56565],[124.32861,24.56564],[124.32861,24.56561]]],[[[124.3301,24.56587],[124.33012,24.56592],[124.33013,24.56589],[124.3301,24.56587]]],[[[124.31896,24.55828],[124.31896,24.55816],[124.31885,24.55817],[124.31896,24.55828]]],[[[124.31902,24.55818],[124.31903,24.55811],[124.319,24.55813],[124.31902,24.55818]]],[[[124.31986,24.5584],[124.31986,24.55844],[124.31989,24.55842],[124.31986,24.5584]]],[[[124.31878,24.55865],[124.31894,24.55864],[124.31877,24.55862],[124.31878,24.55865]]],[[[124.32004,24.55882],[124.31988,24.55893],[124.31991,24.55896],[124.32004,24.55882]]],[[[124.32121,24.55812],[124.32116,24.55806],[124.32114,24.5581],[124.32121,24.55812]]],[[[124.32119,24.55903],[124.32115,24.559],[124.32115,24.55903],[124.32119,24.55903]]],[[[124.32102,24.55904],[124.32098,24.55922],[124.32106,24.55925],[124.32102,24.55904]]],[[[124.32195,24.55936],[124.32194,24.55929],[124.3219,24.55934],[124.32195,24.55936]]],[[[124.32219,24.55928],[124.32213,24.5593],[124.32213,24.55932],[124.32219,24.55928]]],[[[124.32212,24.55952],[124.32206,24.55947],[124.32207,24.55953],[124.32212,24.55952]]],[[[124.32212,24.55962],[124.32205,24.55968],[124.32214,24.55965],[124.32212,24.55962]]],[[[124.32262,24.55918],[124.32257,24.55918],[124.32258,24.5592],[124.32262,24.55918]]],[[[124.32272,24.56009],[124.3228,24.55997],[124.32269,24.56009],[124.32272,24.56009]]],[[[124.32361,24.56043],[124.32347,24.56067],[124.32364,24.56049],[124.32361,24.56043]]],[[[124.32318,24.56097],[124.32335,24.5611],[124.32319,24.56093],[124.32318,24.56097]]],[[[124.32393,24.56097],[124.32395,24.56102],[124.32397,24.561],[124.32393,24.56097]]],[[[124.32426,24.56068],[124.32431,24.56067],[124.32429,24.56065],[124.32426,24.56068]]],[[[124.32588,24.5647],[124.32595,24.5647],[124.32595,24.56469],[124.32588,24.5647]]],[[[124.32914,24.56426],[124.32919,24.56427],[124.32917,24.56425],[124.32914,24.56426]]],[[[124.33319,24.56694],[124.33323,24.5671],[124.33327,24.56708],[124.33319,24.56694]]],[[[124.33332,24.56697],[124.33327,24.5669],[124.33325,24.56694],[124.33332,24.56697]]],[[[124.33017,24.56598],[124.33016,24.56605],[124.33023,24.56604],[124.33017,24.56598]]],[[[124.33063,24.56697],[124.33066,24.56704],[124.33066,24.56698],[124.33063,24.56697]]],[[[124.33086,24.56742],[124.33076,24.56747],[124.33082,24.5675],[124.33086,24.56742]]],[[[124.33152,24.56829],[124.3315,24.56832],[124.33151,24.56832],[124.33152,24.56829]]],[[[124.33375,24.5704],[124.33382,24.5704],[124.33382,24.57038],[124.33375,24.5704]]],[[[124.33456,24.57107],[124.3345,24.57106],[124.33456,24.57108],[124.33456,24.57107]]],[[[124.33458,24.57156],[124.3346,24.57143],[124.33445,24.57149],[124.33458,24.57156]]],[[[124.33502,24.57101],[124.335,24.571],[124.33499,24.57102],[124.33502,24.57101]]],[[[124.33532,24.57194],[124.33522,24.57202],[124.33527,24.57207],[124.33532,24.57194]]],[[[124.33512,24.5721],[124.33514,24.57224],[124.3353,24.57223],[124.33512,24.5721]]],[[[124.33548,24.572],[124.33534,24.57206],[124.33551,24.57206],[124.33548,24.572]]],[[[124.33582,24.57127],[124.33578,24.57136],[124.33585,24.57131],[124.33582,24.57127]]],[[[124.33573,24.57204],[124.33569,24.57197],[124.33568,24.572],[124.33573,24.57204]]],[[[124.3352,24.5726],[124.3353,24.5726],[124.33531,24.57255],[124.3352,24.5726]]],[[[124.33609,24.57174],[124.336,24.57185],[124.33612,24.57176],[124.33609,24.57174]]],[[[124.33664,24.57589],[124.33682,24.57615],[124.33687,24.57596],[124.33664,24.57589]]],[[[124.33692,24.57609],[124.337,24.57606],[124.33693,24.57604],[124.33692,24.57609]]],[[[124.33719,24.57607],[124.3372,24.57615],[124.33723,24.57611],[124.33719,24.57607]]],[[[124.33887,24.58388],[124.33882,24.58394],[124.33889,24.58389],[124.33887,24.58388]]],[[[124.33926,24.58362],[124.33912,24.5837],[124.33932,24.5837],[124.33926,24.58362]]],[[[124.33941,24.58363],[124.33931,24.58361],[124.33937,24.58365],[124.33941,24.58363]]],[[[124.33903,24.58387],[124.3388,24.58428],[124.33955,24.58383],[124.33903,24.58387]]],[[[124.33966,24.58496],[124.33965,24.58501],[124.33968,24.58497],[124.33966,24.58496]]],[[[124.33965,24.58505],[124.33978,24.58502],[124.3398,24.58496],[124.33965,24.58505]]],[[[124.33916,24.58345],[124.33906,24.58338],[124.33907,24.58345],[124.33916,24.58345]]],[[[124.33894,24.58368],[124.33884,24.58374],[124.33885,24.58377],[124.33894,24.58368]]],[[[124.33901,24.58363],[124.33897,24.58356],[124.33896,24.58357],[124.33901,24.58363]]],[[[124.33915,24.58377],[124.33905,24.58376],[124.33904,24.58379],[124.33915,24.58377]]],[[[124.33917,24.5836],[124.33915,24.58358],[124.33914,24.58359],[124.33917,24.5836]]],[[[124.33993,24.58376],[124.33961,24.58363],[124.33959,24.58385],[124.33993,24.58376]]],[[[124.3392,24.58534],[124.33913,24.58531],[124.33914,24.58535],[124.3392,24.58534]]],[[[124.33958,24.58503],[124.33947,24.58497],[124.33945,24.58498],[124.33958,24.58503]]],[[[124.33954,24.58519],[124.33932,24.58526],[124.33925,24.58534],[124.33954,24.58519]]],[[[124.33968,24.58527],[124.33962,24.58524],[124.3396,24.58527],[124.33968,24.58527]]],[[[124.33968,24.58531],[124.3396,24.58532],[124.3396,24.58536],[124.33968,24.58531]]],[[[124.34001,24.58334],[124.33997,24.58343],[124.34004,24.58341],[124.34001,24.58334]]],[[[124.34035,24.58473],[124.34035,24.58484],[124.3404,24.58477],[124.34035,24.58473]]],[[[124.3395,24.58535],[124.33928,24.58541],[124.33932,24.58555],[124.3395,24.58535]]],[[[124.3398,24.58858],[124.33976,24.58858],[124.33978,24.5886],[124.3398,24.58858]]],[[[124.33862,24.59018],[124.33859,24.59026],[124.33871,24.5902],[124.33862,24.59018]]],[[[124.33874,24.59047],[124.3387,24.59046],[124.33874,24.5905],[124.33874,24.59047]]],[[[124.3386,24.59308],[124.33868,24.5931],[124.33866,24.59305],[124.3386,24.59308]]],[[[124.3391,24.59302],[124.33925,24.59312],[124.33922,24.59302],[124.3391,24.59302]]],[[[124.34025,24.58683],[124.34037,24.58685],[124.34031,24.58667],[124.34025,24.58683]]],[[[124.34049,24.58757],[124.34045,24.58769],[124.34054,24.58761],[124.34049,24.58757]]],[[[124.34,24.58821],[124.34004,24.5883],[124.34003,24.5882],[124.34,24.58821]]],[[[124.3401,24.58828],[124.34014,24.58832],[124.34019,24.58828],[124.3401,24.58828]]],[[[124.34033,24.58838],[124.34023,24.58834],[124.34015,24.58839],[124.34033,24.58838]]],[[[124.34038,24.58863],[124.34031,24.58861],[124.34028,24.58865],[124.34038,24.58863]]],[[[124.33973,24.5894],[124.33997,24.58958],[124.34013,24.58937],[124.33973,24.5894]]],[[[124.34043,24.5902],[124.34043,24.59031],[124.34051,24.59023],[124.34043,24.5902]]],[[[124.33698,24.5762],[124.3369,24.57612],[124.33687,24.57619],[124.33698,24.5762]]],[[[124.33711,24.57645],[124.33691,24.5766],[124.33712,24.57661],[124.33711,24.57645]]],[[[124.33706,24.57676],[124.33712,24.57676],[124.33711,24.57675],[124.33706,24.57676]]],[[[124.33704,24.57697],[124.33692,24.57712],[124.33693,24.57714],[124.33704,24.57697]]],[[[124.33708,24.57693],[124.33709,24.57689],[124.33707,24.5769],[124.33708,24.57693]]],[[[124.33729,24.57881],[124.33756,24.57889],[124.3374,24.57871],[124.33729,24.57881]]],[[[124.3372,24.57942],[124.33711,24.57932],[124.33717,24.57943],[124.3372,24.57942]]],[[[124.33742,24.57915],[124.33745,24.57923],[124.33753,24.57918],[124.33742,24.57915]]],[[[124.33727,24.58216],[124.33726,24.58221],[124.33729,24.58219],[124.33727,24.58216]]],[[[124.33729,24.58222],[124.33727,24.58226],[124.33729,24.58227],[124.33729,24.58222]]],[[[124.33711,24.59515],[124.33714,24.59514],[124.33713,24.59513],[124.33711,24.59515]]],[[[124.33726,24.59507],[124.33729,24.59505],[124.33727,24.59504],[124.33726,24.59507]]],[[[124.3369,24.59574],[124.33691,24.59571],[124.33688,24.59572],[124.3369,24.59574]]],[[[124.33681,24.59625],[124.3368,24.59628],[124.33682,24.59627],[124.33681,24.59625]]],[[[124.3371,24.59634],[124.33718,24.59634],[124.3371,24.59633],[124.3371,24.59634]]],[[[124.337,24.59771],[124.33703,24.5977],[124.337,24.59769],[124.337,24.59771]]],[[[124.33706,24.59773],[124.3371,24.59774],[124.3371,24.59771],[124.33706,24.59773]]],[[[124.33743,24.59801],[124.33743,24.59797],[124.33741,24.59798],[124.33743,24.59801]]],[[[124.33739,24.59847],[124.33747,24.59843],[124.33743,24.5984],[124.33739,24.59847]]],[[[124.33742,24.60522],[124.33747,24.60518],[124.33745,24.60517],[124.33742,24.60522]]],[[[124.30662,24.53451],[124.30658,24.53475],[124.3068,24.53443],[124.30662,24.53451]]],[[[124.30662,24.53479],[124.30674,24.53487],[124.3068,24.53468],[124.30662,24.53479]]],[[[124.30909,24.53162],[124.30904,24.53178],[124.30911,24.53176],[124.30909,24.53162]]],[[[124.30942,24.53207],[124.30912,24.53178],[124.30903,24.53217],[124.30942,24.53207]]],[[[124.30638,24.53433],[124.30644,24.53433],[124.30641,24.53429],[124.30638,24.53433]]],[[[124.30647,24.53453],[124.30635,24.53469],[124.30645,24.53472],[124.30647,24.53453]]],[[[124.30706,24.53383],[124.30701,24.53382],[124.30701,24.53384],[124.30706,24.53383]]],[[[124.30746,24.53336],[124.3074,24.53335],[124.30741,24.53339],[124.30746,24.53336]]],[[[124.30751,24.53322],[124.30751,24.53328],[124.30757,24.53323],[124.30751,24.53322]]],[[[124.30748,24.5336],[124.30735,24.53377],[124.30752,24.53364],[124.30748,24.5336]]],[[[124.3069,24.53469],[124.30694,24.53473],[124.30696,24.53467],[124.3069,24.53469]]],[[[124.30704,24.53502],[124.30705,24.53497],[124.30702,24.53499],[124.30704,24.53502]]],[[[124.30636,24.53523],[124.30631,24.5352],[124.30633,24.53525],[124.30636,24.53523]]],[[[124.3089,24.53142],[124.30888,24.53136],[124.30884,24.53137],[124.3089,24.53142]]],[[[124.30896,24.53138],[124.309,24.53134],[124.30897,24.53133],[124.30896,24.53138]]],[[[124.30894,24.53154],[124.30899,24.53166],[124.30897,24.53152],[124.30894,24.53154]]],[[[124.30917,24.53145],[124.30922,24.53144],[124.30921,24.53142],[124.30917,24.53145]]],[[[124.30938,24.53143],[124.30958,24.53152],[124.30967,24.53143],[124.30938,24.53143]]],[[[124.30929,24.53234],[124.30937,24.53238],[124.3094,24.53235],[124.30929,24.53234]]],[[[124.32002,24.60877],[124.32004,24.6087],[124.31996,24.60874],[124.32002,24.60877]]],[[[124.32008,24.6087],[124.32013,24.6087],[124.32011,24.60867],[124.32008,24.6087]]],[[[124.31821,24.61054],[124.31827,24.61052],[124.31815,24.61048],[124.31821,24.61054]]],[[[124.31826,24.61045],[124.31836,24.61046],[124.31828,24.61042],[124.31826,24.61045]]],[[[124.31179,24.6064],[124.31182,24.6064],[124.3118,24.60638],[124.31179,24.6064]]],[[[124.31936,24.60924],[124.31925,24.60924],[124.31933,24.60928],[124.31936,24.60924]]],[[[124.31965,24.60899],[124.3197,24.60897],[124.31965,24.60894],[124.31965,24.60899]]],[[[124.31957,24.60904],[124.3196,24.60909],[124.31961,24.60908],[124.31957,24.60904]]],[[[124.32019,24.60885],[124.3202,24.60889],[124.32022,24.60887],[124.32019,24.60885]]],[[[124.32091,24.60821],[124.3209,24.60824],[124.32092,24.60824],[124.32091,24.60821]]],[[[124.32036,24.60852],[124.32036,24.60861],[124.3204,24.60855],[124.32036,24.60852]]],[[[124.31334,24.61088],[124.31333,24.61092],[124.31335,24.61089],[124.31334,24.61088]]],[[[124.31368,24.61113],[124.31374,24.61107],[124.31371,24.61104],[124.31368,24.61113]]],[[[124.3183,24.61025],[124.31823,24.61016],[124.31818,24.6102],[124.3183,24.61025]]],[[[124.31824,24.61072],[124.31819,24.61063],[124.31823,24.61073],[124.31824,24.61072]]],[[[124.31828,24.61065],[124.31833,24.61069],[124.31834,24.61067],[124.31828,24.61065]]],[[[124.31837,24.61008],[124.3184,24.61013],[124.31846,24.61012],[124.31837,24.61008]]],[[[124.319,24.60956],[124.31909,24.60949],[124.31909,24.60945],[124.319,24.60956]]],[[[124.31917,24.60943],[124.31915,24.60952],[124.31919,24.60951],[124.31917,24.60943]]],[[[124.33749,24.60678],[124.33781,24.60693],[124.33798,24.60691],[124.33749,24.60678]]],[[[124.33784,24.60664],[124.33797,24.60677],[124.33803,24.60667],[124.33784,24.60664]]],[[[124.33178,24.6064],[124.33183,24.60646],[124.33183,24.60641],[124.33178,24.6064]]],[[[124.33191,24.60642],[124.33185,24.60641],[124.33186,24.60645],[124.33191,24.60642]]],[[[124.33122,24.60661],[124.33121,24.60668],[124.33128,24.60666],[124.33122,24.60661]]],[[[124.33134,24.60672],[124.33138,24.60679],[124.33142,24.60675],[124.33134,24.60672]]],[[[124.33176,24.60649],[124.33192,24.60661],[124.33195,24.6066],[124.33176,24.60649]]],[[[124.33585,24.60538],[124.33587,24.60547],[124.33594,24.60536],[124.33585,24.60538]]],[[[124.33203,24.60647],[124.33231,24.60646],[124.33219,24.60631],[124.33203,24.60647]]],[[[124.33274,24.60631],[124.33283,24.60613],[124.33268,24.60618],[124.33274,24.60631]]],[[[124.33204,24.6066],[124.33213,24.60667],[124.33218,24.60663],[124.33204,24.6066]]],[[[124.33437,24.60579],[124.33425,24.60591],[124.33439,24.60579],[124.33437,24.60579]]],[[[124.3346,24.60583],[124.33454,24.60587],[124.3346,24.60589],[124.3346,24.60583]]],[[[124.33798,24.60531],[124.33788,24.60548],[124.33791,24.60552],[124.33798,24.60531]]],[[[124.33899,24.60544],[124.33903,24.60546],[124.33901,24.60542],[124.33899,24.60544]]],[[[124.33604,24.60577],[124.33619,24.60584],[124.33614,24.60572],[124.33604,24.60577]]],[[[124.33779,24.60624],[124.33781,24.60652],[124.3379,24.60649],[124.33779,24.60624]]],[[[124.33947,24.60543],[124.3395,24.60551],[124.33955,24.60547],[124.33947,24.60543]]],[[[124.33968,24.60553],[124.3397,24.6056],[124.33971,24.6056],[124.33968,24.60553]]],[[[124.33795,24.59854],[124.33805,24.5986],[124.33798,24.59851],[124.33795,24.59854]]],[[[124.33811,24.59842],[124.33819,24.59858],[124.33853,24.59837],[124.33811,24.59842]]],[[[124.33865,24.60174],[124.33879,24.60172],[124.33863,24.60154],[124.33865,24.60174]]],[[[124.33879,24.60158],[124.33882,24.6016],[124.33881,24.60157],[124.33879,24.60158]]],[[[124.3392,24.59341],[124.33914,24.59335],[124.33914,24.59341],[124.3392,24.59341]]],[[[124.33745,24.59809],[124.33748,24.59812],[124.33749,24.59809],[124.33745,24.59809]]],[[[124.33884,24.59903],[124.33883,24.59912],[124.33889,24.59901],[124.33884,24.59903]]],[[[124.33898,24.59944],[124.33888,24.59933],[124.33886,24.59936],[124.33898,24.59944]]],[[[124.33918,24.59965],[124.33924,24.59947],[124.33911,24.5995],[124.33918,24.59965]]],[[[124.33941,24.59959],[124.33955,24.59953],[124.33939,24.59954],[124.33941,24.59959]]],[[[124.33874,24.60106],[124.33895,24.60109],[124.33897,24.60102],[124.33874,24.60106]]],[[[124.33924,24.59983],[124.33928,24.59976],[124.33922,24.59974],[124.33924,24.59983]]],[[[124.33911,24.60064],[124.33914,24.60058],[124.33907,24.60059],[124.33911,24.60064]]],[[[124.33922,24.60079],[124.33924,24.60081],[124.33926,24.60079],[124.33922,24.60079]]],[[[124.33902,24.60133],[124.33903,24.60137],[124.33906,24.60136],[124.33902,24.60133]]],[[[124.3395,24.60103],[124.33953,24.60104],[124.33953,24.60101],[124.3395,24.60103]]],[[[124.33998,24.60015],[124.34007,24.60024],[124.34008,24.60015],[124.33998,24.60015]]],[[[124.33959,24.60394],[124.33956,24.60402],[124.33961,24.60397],[124.33959,24.60394]]],[[[124.33966,24.60379],[124.33975,24.60388],[124.33979,24.60379],[124.33966,24.60379]]],[[[124.34021,24.60399],[124.3403,24.60399],[124.34028,24.60394],[124.34021,24.60399]]],[[[124.34025,24.60501],[124.34025,24.60509],[124.34028,24.6051],[124.34025,24.60501]]],[[[124.34048,24.60459],[124.34064,24.60447],[124.34053,24.60444],[124.34048,24.60459]]],[[[124.34008,24.60471],[124.34014,24.60531],[124.34032,24.60524],[124.34008,24.60471]]],[[[124.34019,24.60481],[124.34072,24.6049],[124.34025,24.60471],[124.34019,24.60481]]],[[[124.33765,24.60512],[124.33767,24.60519],[124.33768,24.60512],[124.33765,24.60512]]],[[[124.33795,24.6051],[124.33796,24.60516],[124.33798,24.60514],[124.33795,24.6051]]],[[[124.33845,24.60512],[124.33854,24.60511],[124.33847,24.60506],[124.33845,24.60512]]],[[[124.3385,24.60502],[124.33855,24.60503],[124.33854,24.605],[124.3385,24.60502]]],[[[124.33953,24.60403],[124.33943,24.60399],[124.33948,24.60407],[124.33953,24.60403]]],[[[124.33917,24.60498],[124.33925,24.60506],[124.33927,24.60502],[124.33917,24.60498]]],[[[124.34005,24.60405],[124.33992,24.60399],[124.3399,24.60416],[124.34005,24.60405]]],[[[124.34016,24.60409],[124.34023,24.60405],[124.34018,24.60403],[124.34016,24.60409]]],[[[124.34025,24.60414],[124.34036,24.60417],[124.34039,24.60409],[124.34025,24.60414]]],[[[124.34023,24.60448],[124.3403,24.60448],[124.34028,24.60444],[124.34023,24.60448]]],[[[124.34041,24.60404],[124.34046,24.6041],[124.34047,24.60409],[124.34041,24.60404]]],[[[124.30338,24.58245],[124.30329,24.58244],[124.30331,24.58248],[124.30338,24.58245]]],[[[124.3034,24.58264],[124.30343,24.58266],[124.30342,24.58263],[124.3034,24.58264]]],[[[124.06957,24.43063],[124.06958,24.4307],[124.0696,24.4307],[124.06957,24.43063]]],[[[124.0694,24.43089],[124.06947,24.4309],[124.06946,24.43089],[124.0694,24.43089]]],[[[124.06964,24.43083],[124.06952,24.43078],[124.06955,24.43091],[124.06964,24.43083]]],[[[124.06976,24.43085],[124.06979,24.43088],[124.0698,24.43086],[124.06976,24.43085]]],[[[124.06957,24.43096],[124.06962,24.43095],[124.06959,24.43091],[124.06957,24.43096]]],[[[124.06988,24.43087],[124.0699,24.4309],[124.0699,24.43087],[124.06988,24.43087]]],[[[124.07106,24.42798],[124.07106,24.42794],[124.07104,24.42796],[124.07106,24.42798]]],[[[124.07115,24.42792],[124.07112,24.4279],[124.07112,24.42794],[124.07115,24.42792]]],[[[124.08185,24.42001],[124.08188,24.41998],[124.08184,24.41999],[124.08185,24.42001]]],[[[124.08181,24.42007],[124.08179,24.42006],[124.0818,24.42008],[124.08181,24.42007]]],[[[124.0829,24.41847],[124.08294,24.41843],[124.08289,24.41845],[124.0829,24.41847]]],[[[124.0824,24.41901],[124.08243,24.41897],[124.08239,24.41899],[124.0824,24.41901]]],[[[124.0856,24.41831],[124.08564,24.41828],[124.08562,24.41825],[124.0856,24.41831]]],[[[124.08577,24.41807],[124.0858,24.41805],[124.08579,24.41804],[124.08577,24.41807]]],[[[124.08567,24.41827],[124.08573,24.41828],[124.08573,24.41826],[124.08567,24.41827]]],[[[124.08776,24.42176],[124.08767,24.42183],[124.08771,24.42183],[124.08776,24.42176]]],[[[124.08755,24.42221],[124.08761,24.42221],[124.08756,24.42219],[124.08755,24.42221]]],[[[124.08784,24.42325],[124.08788,24.42327],[124.08786,24.4232],[124.08784,24.42325]]],[[[124.09256,24.4262],[124.09254,24.42616],[124.09254,24.42621],[124.09256,24.4262]]],[[[124.09263,24.42626],[124.09268,24.42625],[124.09266,24.42621],[124.09263,24.42626]]],[[[124.06896,24.43162],[124.06897,24.4317],[124.06906,24.43168],[124.06896,24.43162]]],[[[124.07124,24.43503],[124.07129,24.43505],[124.07127,24.43502],[124.07124,24.43503]]],[[[124.07129,24.43517],[124.07125,24.43518],[124.07126,24.4352],[124.07129,24.43517]]],[[[124.07125,24.43522],[124.07127,24.43527],[124.07127,24.43522],[124.07125,24.43522]]],[[[124.07131,24.43608],[124.07133,24.43614],[124.07136,24.43609],[124.07131,24.43608]]],[[[124.07193,24.43696],[124.07194,24.43701],[124.07197,24.43697],[124.07193,24.43696]]],[[[124.07193,24.43732],[124.07195,24.43736],[124.07196,24.43734],[124.07193,24.43732]]],[[[124.07221,24.4379],[124.07222,24.43794],[124.07224,24.43792],[124.07221,24.4379]]],[[[124.07203,24.43836],[124.07203,24.43843],[124.07206,24.43836],[124.07203,24.43836]]],[[[124.07242,24.4378],[124.07242,24.43786],[124.07244,24.43785],[124.07242,24.4378]]],[[[124.07252,24.43878],[124.07256,24.43876],[124.07253,24.43875],[124.07252,24.43878]]],[[[124.07262,24.4388],[124.07266,24.43887],[124.07271,24.43884],[124.07262,24.4388]]],[[[124.07275,24.43875],[124.07276,24.43879],[124.07277,24.43878],[124.07275,24.43875]]],[[[124.07275,24.43881],[124.07277,24.43883],[124.07278,24.43881],[124.07275,24.43881]]],[[[124.07425,24.43994],[124.07383,24.43998],[124.07401,24.44012],[124.07425,24.43994]]],[[[124.07448,24.4392],[124.07454,24.43925],[124.07457,24.43925],[124.07448,24.4392]]],[[[124.07461,24.43953],[124.07461,24.43958],[124.07463,24.43956],[124.07461,24.43953]]],[[[124.07723,24.44155],[124.07738,24.44156],[124.07737,24.44145],[124.07723,24.44155]]],[[[124.07786,24.44358],[124.07803,24.4436],[124.0779,24.44345],[124.07786,24.44358]]],[[[124.07901,24.44662],[124.07907,24.44667],[124.07911,24.44663],[124.07901,24.44662]]],[[[124.08547,24.41665],[124.08545,24.41669],[124.08548,24.41666],[124.08547,24.41665]]],[[[124.08344,24.41751],[124.0834,24.41753],[124.08347,24.41751],[124.08344,24.41751]]],[[[124.08342,24.41759],[124.08337,24.41759],[124.08342,24.41761],[124.08342,24.41759]]],[[[124.08568,24.41743],[124.08567,24.41741],[124.08566,24.41743],[124.08568,24.41743]]],[[[124.08576,24.41716],[124.08576,24.4171],[124.08574,24.41711],[124.08576,24.41716]]],[[[124.08572,24.4173],[124.08572,24.41727],[124.08571,24.41729],[124.08572,24.4173]]],[[[124.08558,24.41791],[124.08559,24.41788],[124.08556,24.41789],[124.08558,24.41791]]],[[[124.08584,24.41809],[124.08576,24.41799],[124.08572,24.41802],[124.08584,24.41809]]],[[[124.07703,24.45152],[124.07695,24.45147],[124.07696,24.4516],[124.07703,24.45152]]],[[[124.09224,24.45381],[124.0922,24.45367],[124.09215,24.45378],[124.09224,24.45381]]],[[[124.0923,24.45367],[124.09232,24.45362],[124.09226,24.45364],[124.0923,24.45367]]],[[[124.07668,24.45146],[124.07693,24.45099],[124.07659,24.45141],[124.07668,24.45146]]],[[[124.07735,24.45068],[124.07736,24.45064],[124.07733,24.45065],[124.07735,24.45068]]],[[[124.07718,24.45116],[124.07716,24.45113],[124.07717,24.45117],[124.07718,24.45116]]],[[[124.07655,24.45132],[124.07641,24.45132],[124.07649,24.45141],[124.07655,24.45132]]],[[[124.07698,24.45212],[124.07672,24.45217],[124.07696,24.45227],[124.07698,24.45212]]],[[[124.07743,24.45358],[124.07734,24.4535],[124.07736,24.45359],[124.07743,24.45358]]],[[[124.0844,24.45245],[124.08441,24.45248],[124.08442,24.45247],[124.0844,24.45245]]],[[[124.0862,24.45227],[124.08639,24.4522],[124.08619,24.45213],[124.0862,24.45227]]],[[[124.08855,24.45193],[124.08857,24.45197],[124.08859,24.45195],[124.08855,24.45193]]],[[[124.07836,24.45347],[124.07839,24.45342],[124.07832,24.45345],[124.07836,24.45347]]],[[[124.07877,24.45335],[124.07877,24.4533],[124.07876,24.45335],[124.07877,24.45335]]],[[[124.09178,24.45331],[124.09175,24.45332],[124.09176,24.45333],[124.09178,24.45331]]],[[[124.09177,24.45405],[124.09182,24.45395],[124.09169,24.45397],[124.09177,24.45405]]],[[[124.09259,24.45361],[124.09262,24.45361],[124.09261,24.45359],[124.09259,24.45361]]],[[[124.09235,24.45458],[124.09244,24.45445],[124.09242,24.45443],[124.09235,24.45458]]],[[[124.09284,24.45452],[124.09292,24.45424],[124.09259,24.45427],[124.09284,24.45452]]],[[[124.07822,24.45443],[124.07767,24.45382],[124.07728,24.45398],[124.07822,24.45443]]],[[[124.09306,24.45386],[124.09309,24.45388],[124.0931,24.45385],[124.09306,24.45386]]],[[[124.0938,24.45402],[124.0937,24.4541],[124.09373,24.45414],[124.0938,24.45402]]],[[[124.09607,24.45352],[124.09611,24.45356],[124.0961,24.45351],[124.09607,24.45352]]],[[[124.0966,24.45337],[124.09665,24.45352],[124.09667,24.4534],[124.0966,24.45337]]],[[[124.09859,24.45324],[124.09848,24.45343],[124.09851,24.45353],[124.09859,24.45324]]],[[[124.09926,24.45352],[124.09934,24.45356],[124.09932,24.45349],[124.09926,24.45352]]],[[[124.10023,24.45323],[124.10031,24.45322],[124.10023,24.45322],[124.10023,24.45323]]],[[[124.1003,24.45338],[124.10029,24.45329],[124.1002,24.45333],[124.1003,24.45338]]],[[[124.14067,24.33233],[124.15329,24.33452],[124.16129,24.33111],[124.15444,24.32848],[124.1416,24.32743],[124.14067,24.33233]],[[124.15575,24.33024],[124.147,24.33059],[124.14741,24.32848],[124.1544,24.3286],[124.15575,24.33024]]],[[[124.12178,24.35797],[124.12181,24.35795],[124.12176,24.35795],[124.12178,24.35797]]],[[[124.11469,24.36358],[124.11482,24.36355],[124.11469,24.36349],[124.11469,24.36358]]],[[[124.1151,24.36344],[124.11507,24.3635],[124.1151,24.3635],[124.1151,24.36344]]],[[[124.11721,24.36002],[124.11748,24.36002],[124.11719,24.35996],[124.11721,24.36002]]],[[[124.13044,24.33819],[124.12942,24.33719],[124.1314,24.33922],[124.13044,24.33819]]],[[[124.13901,24.33775],[124.13634,24.33509],[124.13895,24.33779],[124.13901,24.33775]]],[[[124.142,24.34131],[124.14036,24.33554],[124.14027,24.33556],[124.142,24.34131]]],[[[124.14259,24.34264],[124.14206,24.34162],[124.14349,24.34457],[124.14259,24.34264]]],[[[124.1453,24.34219],[124.14493,24.34113],[124.1449,24.34114],[124.1453,24.34219]]],[[[124.13717,24.3527],[124.13794,24.35224],[124.13709,24.35268],[124.13717,24.3527]]],[[[124.13905,24.35172],[124.13825,24.35216],[124.13912,24.35175],[124.13905,24.35172]]],[[[124.16402,24.32988],[124.16182,24.3309],[124.16403,24.3299],[124.16402,24.32988]]],[[[124.2047,24.35443],[124.2047,24.35438],[124.20469,24.35439],[124.2047,24.35443]]],[[[124.20475,24.35442],[124.20478,24.35438],[124.20472,24.35438],[124.20475,24.35442]]],[[[124.20266,24.35442],[124.20263,24.35443],[124.20266,24.35444],[124.20266,24.35442]]],[[[124.20293,24.35468],[124.20292,24.35463],[124.20288,24.35465],[124.20293,24.35468]]],[[[124.20357,24.35203],[124.20358,24.35197],[124.20352,24.35201],[124.20357,24.35203]]],[[[124.20421,24.35442],[124.20418,24.35437],[124.20416,24.35439],[124.20421,24.35442]]],[[[124.2058,24.35322],[124.20586,24.35324],[124.20583,24.3532],[124.2058,24.35322]]],[[[124.20645,24.3517],[124.20651,24.35169],[124.20644,24.35167],[124.20645,24.3517]]],[[[124.20513,24.3541],[124.20515,24.35409],[124.20513,24.35408],[124.20513,24.3541]]],[[[124.20515,24.35418],[124.20517,24.35414],[124.20514,24.35415],[124.20515,24.35418]]],[[[124.20513,24.35424],[124.20517,24.35425],[124.20516,24.35423],[124.20513,24.35424]]],[[[124.20512,24.35433],[124.20515,24.35431],[124.20512,24.3543],[124.20512,24.35433]]],[[[124.20508,24.35442],[124.20508,24.35436],[124.20505,24.35438],[124.20508,24.35442]]],[[[124.15037,24.45279],[124.15093,24.45306],[124.15025,24.45255],[124.15037,24.45279]]],[[[124.15103,24.45304],[124.15098,24.45303],[124.15103,24.45306],[124.15103,24.45304]]],[[[124.14622,24.46193],[124.1465,24.46126],[124.14641,24.46112],[124.14622,24.46193]]],[[[124.1471,24.46189],[124.14669,24.46073],[124.14651,24.46069],[124.1471,24.46189]]],[[[124.14734,24.46204],[124.14758,24.46281],[124.14796,24.46259],[124.14734,24.46204]]],[[[124.15002,24.461],[124.14991,24.46093],[124.14991,24.46098],[124.15002,24.461]]],[[[124.14715,24.46444],[124.14638,24.46254],[124.14652,24.46521],[124.14715,24.46444]]],[[[124.14722,24.45],[124.14899,24.45412],[124.14596,24.45862],[124.14844,24.46229],[124.15283,24.45656],[124.14722,24.45]]],[[[124.14497,24.46141],[124.14422,24.46092],[124.14481,24.46154],[124.14497,24.46141]]],[[[124.14449,24.4638],[124.14433,24.46363],[124.1444,24.46383],[124.14449,24.4638]]],[[[124.14171,24.46867],[124.14177,24.46866],[124.14173,24.46864],[124.14171,24.46867]]],[[[124.14576,24.46439],[124.14588,24.46446],[124.14574,24.46428],[124.14576,24.46439]]],[[[124.1461,24.46589],[124.14609,24.46607],[124.14619,24.46592],[124.1461,24.46589]]],[[[124.14142,24.46887],[124.14151,24.46902],[124.14151,24.46891],[124.14142,24.46887]]],[[[124.14146,24.46919],[124.14159,24.46912],[124.14149,24.46911],[124.14146,24.46919]]],[[[124.14073,24.47027],[124.14085,24.47031],[124.14086,24.47027],[124.14073,24.47027]]],[[[124.14196,24.47022],[124.14203,24.4702],[124.14195,24.47017],[124.14196,24.47022]]],[[[124.14138,24.47077],[124.14144,24.4708],[124.1414,24.47075],[124.14138,24.47077]]],[[[124.14263,24.47059],[124.14276,24.47055],[124.14265,24.47047],[124.14263,24.47059]]],[[[124.20861,24.4564],[124.20863,24.45638],[124.20861,24.45638],[124.20861,24.4564]]],[[[124.20865,24.4564],[124.20867,24.45642],[124.20867,24.4564],[124.20865,24.4564]]],[[[124.20861,24.45645],[124.20865,24.45645],[124.20864,24.45643],[124.20861,24.45645]]],[[[124.20891,24.45638],[124.20896,24.45638],[124.20895,24.45637],[124.20891,24.45638]]],[[[124.20903,24.45633],[124.209,24.45636],[124.20903,24.45635],[124.20903,24.45633]]],[[[124.20931,24.4563],[124.20926,24.45627],[124.20924,24.45628],[124.20931,24.4563]]],[[[124.21009,24.45665],[124.21012,24.4567],[124.21013,24.45667],[124.21009,24.45665]]],[[[124.21114,24.4556],[124.21101,24.45558],[124.21109,24.45568],[124.21114,24.4556]]],[[[124.21137,24.45572],[124.21127,24.45573],[124.21129,24.45576],[124.21137,24.45572]]],[[[124.21137,24.45577],[124.21139,24.45583],[124.21143,24.45581],[124.21137,24.45577]]],[[[124.2115,24.45591],[124.21147,24.45594],[124.21151,24.45593],[124.2115,24.45591]]],[[[124.21243,24.45578],[124.2124,24.45582],[124.21242,24.45582],[124.21243,24.45578]]],[[[124.21677,24.45508],[124.21681,24.45507],[124.2168,24.45505],[124.21677,24.45508]]],[[[124.21524,24.4559],[124.21518,24.45588],[124.21515,24.4559],[124.21524,24.4559]]],[[[124.21685,24.45514],[124.21689,24.45515],[124.21687,24.45513],[124.21685,24.45514]]],[[[124.21692,24.4553],[124.21694,24.45525],[124.21691,24.45526],[124.21692,24.4553]]],[[[124.21701,24.45548],[124.21709,24.45552],[124.21706,24.45545],[124.21701,24.45548]]],[[[124.21695,24.45571],[124.2167,24.45603],[124.21697,24.45586],[124.21695,24.45571]]],[[[124.20696,24.4568],[124.20698,24.45674],[124.20695,24.45679],[124.20696,24.4568]]],[[[124.2069,24.45678],[124.20693,24.4568],[124.20694,24.45678],[124.2069,24.45678]]],[[[124.20694,24.45737],[124.20687,24.45746],[124.2069,24.45748],[124.20694,24.45737]]],[[[124.20692,24.45726],[124.20694,24.45731],[124.20696,24.4573],[124.20692,24.45726]]],[[[124.20693,24.45749],[124.20682,24.45763],[124.20692,24.45783],[124.20693,24.45749]]],[[[124.20767,24.4569],[124.20769,24.45694],[124.2077,24.45693],[124.20767,24.4569]]],[[[124.20769,24.45695],[124.20769,24.45701],[124.20774,24.457],[124.20769,24.45695]]],[[[124.2206,24.46867],[124.22056,24.46868],[124.22058,24.46871],[124.2206,24.46867]]],[[[124.22091,24.46843],[124.22103,24.46849],[124.22104,24.46842],[124.22091,24.46843]]],[[[124.22195,24.46803],[124.22206,24.46805],[124.22194,24.468],[124.22195,24.46803]]],[[[124.22205,24.4682],[124.22202,24.46822],[124.22203,24.46823],[124.22205,24.4682]]],[[[124.22204,24.46808],[124.22211,24.46817],[124.22209,24.46807],[124.22204,24.46808]]],[[[124.22234,24.46813],[124.22234,24.46809],[124.22232,24.4681],[124.22234,24.46813]]],[[[124.22321,24.46761],[124.22313,24.46762],[124.22315,24.46765],[124.22321,24.46761]]],[[[124.2233,24.46762],[124.22323,24.46766],[124.2233,24.46768],[124.2233,24.46762]]],[[[124.22343,24.46751],[124.22343,24.4676],[124.22347,24.46755],[124.22343,24.46751]]],[[[124.22354,24.46767],[124.2235,24.46768],[124.22352,24.46769],[124.22354,24.46767]]],[[[124.223,24.46793],[124.22296,24.46792],[124.22296,24.46794],[124.223,24.46793]]],[[[124.22103,24.4725],[124.22087,24.47248],[124.22086,24.47252],[124.22103,24.4725]]],[[[124.2231,24.477],[124.22313,24.47706],[124.22316,24.47703],[124.2231,24.477]]],[[[124.25698,24.44724],[124.2569,24.44719],[124.25688,24.44722],[124.25698,24.44724]]],[[[124.25691,24.44735],[124.25686,24.44725],[124.25682,24.44727],[124.25691,24.44735]]],[[[124.2571,24.40991],[124.25706,24.40982],[124.25699,24.40991],[124.2571,24.40991]]],[[[124.25851,24.4114],[124.25826,24.41145],[124.25852,24.41147],[124.25851,24.4114]]],[[[124.25868,24.41212],[124.25875,24.412],[124.25864,24.4121],[124.25868,24.41212]]],[[[124.25877,24.41246],[124.25874,24.41229],[124.2587,24.41243],[124.25877,24.41246]]],[[[124.25472,24.43917],[124.25479,24.43918],[124.25483,24.43913],[124.25472,24.43917]]],[[[124.25539,24.43953],[124.25533,24.43954],[124.25533,24.43956],[124.25539,24.43953]]],[[[124.25565,24.43968],[124.25568,24.4397],[124.25567,24.43967],[124.25565,24.43968]]],[[[124.25589,24.44043],[124.25593,24.44048],[124.25592,24.44043],[124.25589,24.44043]]],[[[124.25636,24.44054],[124.25632,24.44055],[124.25634,24.44056],[124.25636,24.44054]]],[[[124.25675,24.44085],[124.2567,24.44085],[124.25672,24.44087],[124.25675,24.44085]]],[[[124.25778,24.44533],[124.25779,24.44522],[124.25776,24.44522],[124.25778,24.44533]]],[[[124.25674,24.44675],[124.25685,24.44674],[124.25675,24.4467],[124.25674,24.44675]]],[[[124.25746,24.44713],[124.25734,24.44681],[124.25697,24.44682],[124.25746,24.44713]]],[[[124.25782,24.44514],[124.25784,24.44524],[124.25786,24.44513],[124.25782,24.44514]]],[[[124.25816,24.44576],[124.2579,24.44593],[124.25789,24.44596],[124.25816,24.44576]]],[[[124.25881,24.44614],[124.25866,24.44601],[124.25857,24.44608],[124.25881,24.44614]]],[[[124.25791,24.44643],[124.25794,24.44634],[124.25789,24.44636],[124.25791,24.44643]]],[[[124.25855,24.44547],[124.25939,24.44516],[124.25868,24.44501],[124.25855,24.44547]]],[[[124.11773,24.38079],[124.11772,24.38104],[124.11795,24.38083],[124.11773,24.38079]]],[[[124.25696,24.40984],[124.25689,24.40982],[124.2569,24.40987],[124.25696,24.40984]]],[[[124.20798,24.34853],[124.20803,24.34843],[124.20794,24.34848],[124.20798,24.34853]]],[[[124.20673,24.35218],[124.20675,24.35208],[124.2067,24.35211],[124.20673,24.35218]]],[[[124.21065,24.35514],[124.21065,24.35507],[124.21061,24.3551],[124.21065,24.35514]]],[[[124.21141,24.35315],[124.21147,24.35318],[124.21145,24.35314],[124.21141,24.35315]]],[[[124.2112,24.35489],[124.21119,24.35481],[124.21114,24.35482],[124.2112,24.35489]]],[[[124.21387,24.35254],[124.21381,24.35251],[124.21381,24.35256],[124.21387,24.35254]]],[[[124.21366,24.35307],[124.21379,24.35306],[124.21368,24.353],[124.21366,24.35307]]],[[[124.21296,24.35358],[124.21294,24.35355],[124.21292,24.35357],[124.21296,24.35358]]],[[[124.13366,24.38441],[124.13368,24.38433],[124.13363,24.38438],[124.13366,24.38441]]],[[[124.13385,24.38445],[124.13371,24.38444],[124.13381,24.3845],[124.13385,24.38445]]],[[[124.11763,24.38094],[124.11761,24.38099],[124.11765,24.38101],[124.11763,24.38094]]],[[[124.13181,24.38125],[124.13178,24.38121],[124.13177,24.38123],[124.13181,24.38125]]],[[[124.13204,24.38124],[124.13206,24.38122],[124.13204,24.3812],[124.13204,24.38124]]],[[[124.13339,24.41759],[124.13324,24.41753],[124.13339,24.41761],[124.13339,24.41759]]],[[[124.14356,24.41269],[124.14325,24.41328],[124.14327,24.41334],[124.14356,24.41269]]],[[[124.13917,24.44802],[124.13912,24.44808],[124.13918,24.44807],[124.13917,24.44802]]],[[[124.14221,24.44468],[124.14215,24.44464],[124.14215,24.44467],[124.14221,24.44468]]],[[[124.16981,24.44961],[124.16981,24.44953],[124.16978,24.44954],[124.16981,24.44961]]],[[[124.17805,24.4493],[124.17801,24.44926],[124.178,24.44932],[124.17805,24.4493]]],[[[124.18005,24.4493],[124.18012,24.44933],[124.18011,24.44926],[124.18005,24.4493]]],[[[124.1804,24.44964],[124.18044,24.4496],[124.1804,24.4496],[124.1804,24.44964]]],[[[124.15225,24.45825],[124.15233,24.45818],[124.15229,24.45815],[124.15225,24.45825]]],[[[124.1521,24.45866],[124.15192,24.4585],[124.15205,24.45872],[124.1521,24.45866]]],[[[124.1526,24.45516],[124.15259,24.45523],[124.15263,24.45523],[124.1526,24.45516]]],[[[124.15268,24.455],[124.15269,24.45516],[124.15274,24.45515],[124.15268,24.455]]],[[[124.15282,24.45685],[124.15271,24.45677],[124.15272,24.45686],[124.15282,24.45685]]],[[[124.08431,24.4163],[124.08427,24.41631],[124.0843,24.41632],[124.08431,24.4163]]],[[[124.08421,24.41659],[124.08412,24.41662],[124.08421,24.4166],[124.08421,24.41659]]],[[[124.08453,24.41615],[124.08454,24.41612],[124.08453,24.41612],[124.08453,24.41615]]],[[[124.08466,24.41623],[124.08463,24.41622],[124.08464,24.41624],[124.08466,24.41623]]],[[[124.08477,24.41614],[124.08479,24.41607],[124.08474,24.4161],[124.08477,24.41614]]],[[[124.08526,24.4164],[124.08526,24.41636],[124.08524,24.41638],[124.08526,24.4164]]],[[[124.08533,24.41645],[124.08531,24.41645],[124.08531,24.41646],[124.08533,24.41645]]],[[[124.08539,24.41633],[124.08539,24.41628],[124.08535,24.41632],[124.08539,24.41633]]],[[[124.08538,24.41647],[124.08534,24.41634],[124.08528,24.41641],[124.08538,24.41647]]],[[[124.08544,24.41647],[124.08547,24.41641],[124.0854,24.41645],[124.08544,24.41647]]],[[[124.1625,24.33193],[124.16101,24.33263],[124.16251,24.33195],[124.1625,24.33193]]]]}},{"type":"Feature","properties":{"pref":"沖縄県","name":"竹富町","type":"町","code":"47381","region":"47"},"geometry":{"type":"MultiPolygon","coordinates":[[[[123.66306,24.31122],[123.66313,24.31068],[123.66287,24.31112],[123.66306,24.31122]]],[[[123.88639,24.27019],[123.88707,24.26875],[123.887,24.26872],[123.88639,24.27019]]],[[[123.88574,24.2723],[123.88574,24.27005],[123.88566,24.27005],[123.88574,24.2723]]],[[[124.08804,24.33965],[124.08805,24.33973],[124.0881,24.33967],[124.08804,24.33965]]],[[[124.08978,24.33861],[124.08988,24.33855],[124.08978,24.33858],[124.08978,24.33861]]],[[[124.08773,24.34015],[124.08757,24.34017],[124.08762,24.34025],[124.08773,24.34015]]],[[[124.08738,24.34051],[124.08743,24.34046],[124.08737,24.34048],[124.08738,24.34051]]],[[[123.93822,24.2352],[123.93814,24.23504],[123.93809,24.23517],[123.93822,24.2352]]],[[[123.93823,24.23496],[123.93857,24.23502],[123.93827,24.23488],[123.93823,24.23496]]],[[[123.93602,24.22862],[123.93608,24.22838],[123.93592,24.22855],[123.93602,24.22862]]],[[[123.93737,24.23442],[123.93743,24.23426],[123.93733,24.23432],[123.93737,24.23442]]],[[[123.9381,24.23467],[123.93842,24.23438],[123.93811,24.23446],[123.9381,24.23467]]],[[[123.93854,24.23461],[123.93875,24.23444],[123.93868,24.2344],[123.93854,24.23461]]],[[[123.90665,24.27585],[123.90705,24.27529],[123.9065,24.2757],[123.90665,24.27585]]],[[[123.90853,24.28366],[123.90909,24.28366],[123.90894,24.28337],[123.90853,24.28366]]],[[[123.91028,24.28352],[123.91055,24.28305],[123.90948,24.28323],[123.91028,24.28352]]],[[[123.99595,24.34579],[123.99148,24.34193],[123.99534,24.34551],[123.99595,24.34579]]],[[[123.9953,24.34696],[123.99525,24.3469],[123.99355,24.34724],[123.9953,24.34696]]],[[[123.68316,24.33283],[123.6837,24.33348],[123.68386,24.33315],[123.68316,24.33283]]],[[[123.725,24.3579],[123.72441,24.36482],[123.7296,24.36294],[123.73199,24.36547],[123.73344,24.36437],[123.73125,24.36301],[123.73174,24.36121],[123.7397,24.3585],[123.74386,24.35404],[123.74458,24.34797],[123.74057,24.34598],[123.725,24.3579]]],[[[123.68449,24.31304],[123.68441,24.31271],[123.68428,24.31299],[123.68449,24.31304]]],[[[123.71876,24.36468],[123.71893,24.36478],[123.71896,24.36457],[123.71876,24.36468]]],[[[123.7481,24.3577],[123.74811,24.35763],[123.74681,24.35773],[123.7481,24.3577]]],[[[123.75237,24.39874],[123.75257,24.39888],[123.75258,24.39865],[123.75237,24.39874]]],[[[123.75266,24.3984],[123.75297,24.39845],[123.7529,24.39834],[123.75266,24.3984]]],[[[123.7643,24.42864],[123.7645,24.42869],[123.76451,24.42854],[123.7643,24.42864]]],[[[123.76425,24.42905],[123.76438,24.42903],[123.76438,24.429],[123.76425,24.42905]]],[[[123.71667,24.36655],[123.71131,24.37101],[123.71252,24.37667],[123.72505,24.38013],[123.72743,24.37893],[123.72864,24.3758],[123.72379,24.37661],[123.72115,24.37425],[123.71958,24.36766],[123.72097,24.36569],[123.71667,24.36655]]],[[[123.93864,24.2353],[123.93868,24.23518],[123.93857,24.23527],[123.93864,24.2353]]],[[[123.93864,24.23505],[123.93882,24.23503],[123.93869,24.23497],[123.93864,24.23505]]],[[[123.93804,24.22485],[123.93611,24.22707],[123.93982,24.23708],[123.94059,24.23592],[123.94853,24.24248],[123.95243,24.24215],[123.95434,24.23733],[123.94175,24.22584],[123.93804,24.22485]]],[[[123.99116,24.24098],[123.99091,24.241],[123.99109,24.2412],[123.99116,24.24098]]],[[[123.99102,24.24195],[123.99111,24.24215],[123.99116,24.24213],[123.99102,24.24195]]],[[[123.99092,24.24293],[123.99102,24.24289],[123.99094,24.24287],[123.99092,24.24293]]],[[[123.80445,24.41667],[123.80476,24.41754],[123.80379,24.41421],[123.80445,24.41667]]],[[[123.90738,24.31289],[123.90798,24.31225],[123.90755,24.31207],[123.90738,24.31289]]],[[[123.91456,24.32258],[123.91595,24.32295],[123.91488,24.32219],[123.91456,24.32258]]],[[[123.91739,24.32276],[123.91713,24.32252],[123.9171,24.32261],[123.91739,24.32276]]],[[[123.94196,24.36879],[123.94151,24.36876],[123.94182,24.36904],[123.94196,24.36879]]],[[[123.94167,24.36492],[123.94209,24.36772],[123.94364,24.36826],[123.9439,24.36725],[123.94167,24.36492]]],[[[123.9864,24.33035],[123.95512,24.33296],[123.95373,24.3307],[123.9523,24.33005],[123.95436,24.33192],[123.95122,24.33216],[123.95397,24.33665],[123.96127,24.33575],[123.9626,24.33688],[123.96869,24.33841],[123.96926,24.33893],[123.96932,24.34299],[123.96343,24.34971],[123.97454,24.3548],[123.99361,24.34704],[123.99373,24.34547],[123.98951,24.34405],[123.98988,24.34043],[124.00198,24.33326],[124.00371,24.32779],[123.99161,24.32354],[123.98893,24.32452],[123.98844,24.32892],[123.9864,24.33035]]],[[[123.99117,24.24037],[123.99109,24.24044],[123.9912,24.24042],[123.99117,24.24037]]],[[[123.99107,24.24274],[123.99109,24.24265],[123.99105,24.24268],[123.99107,24.24274]]],[[[124.00412,24.22137],[123.99111,24.24147],[123.99101,24.24726],[123.99297,24.25033],[124.00126,24.25469],[124.00364,24.25229],[124.00414,24.25382],[124.00266,24.25421],[124.00149,24.2554],[124.00113,24.25618],[124.00424,24.25386],[124.00441,24.25168],[124.01624,24.24705],[124.01703,24.24998],[124.01683,24.24703],[124.02557,24.24964],[124.0287,24.24539],[124.0302,24.23873],[124.0272,24.23055],[124.01072,24.22058],[124.00412,24.22137]]],[[[124.0,24.25565],[124.00041,24.25592],[123.99898,24.25473],[124.0,24.25565]]],[[[124.09671,24.33333],[124.09681,24.33509],[124.09679,24.33319],[124.0959,24.33265],[124.10191,24.32054],[124.09031,24.31265],[124.08472,24.31176],[124.08027,24.3134],[124.07587,24.32515],[124.0792,24.32802],[124.08059,24.33606],[124.08683,24.3405],[124.09447,24.33659],[124.09671,24.33333]]],[[[124.00333,24.2538],[124.00338,24.25368],[124.00328,24.25373],[124.00333,24.2538]]],[[[124.0029,24.25444],[124.00311,24.2544],[124.00287,24.25436],[124.0029,24.25444]]],[[[124.0214,24.25319],[124.02155,24.25335],[124.02158,24.25328],[124.0214,24.25319]]],[[[123.75537,24.27946],[123.74048,24.28836],[123.74091,24.29046],[123.73667,24.29442],[123.72374,24.29962],[123.72076,24.29855],[123.72005,24.28966],[123.7217,24.28722],[123.71833,24.27801],[123.70687,24.27822],[123.69642,24.28359],[123.69067,24.28177],[123.68039,24.28258],[123.66168,24.30893],[123.67086,24.31403],[123.67424,24.31141],[123.67915,24.31288],[123.68171,24.30776],[123.68729,24.31062],[123.68385,24.31501],[123.68346,24.32157],[123.67999,24.32237],[123.68318,24.33092],[123.68643,24.33272],[123.69211,24.32832],[123.70081,24.32574],[123.70468,24.31863],[123.70304,24.31334],[123.70459,24.3151],[123.70858,24.31368],[123.71024,24.31487],[123.7116,24.31785],[123.70824,24.31961],[123.70843,24.32452],[123.70067,24.34001],[123.70015,24.34727],[123.7037,24.35012],[123.70612,24.34791],[123.70376,24.34528],[123.70589,24.34007],[123.70951,24.33744],[123.71142,24.33109],[123.71551,24.32795],[123.71412,24.33397],[123.72362,24.33981],[123.72486,24.34349],[123.72676,24.3434],[123.72961,24.34137],[123.72906,24.32806],[123.73375,24.33189],[123.73771,24.32942],[123.73625,24.3276],[123.74058,24.32043],[123.73902,24.31892],[123.7395,24.31485],[123.74349,24.32058],[123.74832,24.3116],[123.75158,24.31269],[123.74648,24.32312],[123.75015,24.33839],[123.7444,24.34248],[123.74941,24.35029],[123.7535,24.35323],[123.75318,24.35824],[123.75096,24.35992],[123.74654,24.35931],[123.74298,24.36737],[123.74351,24.36924],[123.75153,24.37212],[123.75299,24.37697],[123.74702,24.38555],[123.74627,24.38345],[123.74606,24.38876],[123.74344,24.38795],[123.74239,24.39003],[123.74312,24.39378],[123.74582,24.39406],[123.74683,24.39123],[123.75256,24.3914],[123.75394,24.39739],[123.75143,24.40354],[123.75845,24.40819],[123.76157,24.4151],[123.77273,24.41761],[123.77427,24.42232],[123.77244,24.42663],[123.76775,24.42826],[123.7656,24.42505],[123.76451,24.42673],[123.76429,24.43113],[123.76951,24.43668],[123.7834,24.43753],[123.7903,24.42884],[123.79976,24.4224],[123.80145,24.41526],[123.81187,24.41126],[123.81476,24.40499],[123.81246,24.40688],[123.81034,24.40136],[123.81686,24.39881],[123.80914,24.40098],[123.81654,24.39304],[123.81585,24.39043],[123.82217,24.3924],[123.82239,24.39722],[123.81842,24.39841],[123.82565,24.39694],[123.82854,24.39816],[123.82993,24.40516],[123.83272,24.40767],[123.84404,24.4024],[123.84843,24.4045],[123.85464,24.40289],[123.85504,24.39846],[123.86167,24.3948],[123.86717,24.39761],[123.86843,24.40432],[123.87278,24.40404],[123.8813,24.39993],[123.88113,24.39123],[123.88712,24.38386],[123.89224,24.38766],[123.89973,24.38379],[123.90284,24.3856],[123.90692,24.38466],[123.91736,24.37854],[123.91826,24.37168],[123.92227,24.36662],[123.93978,24.36485],[123.94062,24.36048],[123.93814,24.35863],[123.93832,24.35378],[123.93616,24.34958],[123.93252,24.34717],[123.93014,24.34815],[123.93073,24.34659],[123.92678,24.34275],[123.92841,24.3379],[123.92677,24.33305],[123.93018,24.32777],[123.92505,24.32636],[123.92466,24.3244],[123.92873,24.31872],[123.92827,24.31602],[123.92613,24.3156],[123.91546,24.32617],[123.91162,24.32544],[123.91068,24.3222],[123.91305,24.32025],[123.90891,24.31798],[123.90714,24.31207],[123.90219,24.3084],[123.90206,24.30419],[123.89905,24.30092],[123.89897,24.29799],[123.90239,24.29403],[123.90446,24.27508],[123.90084,24.27355],[123.89671,24.27764],[123.8919,24.27823],[123.89085,24.28053],[123.88101,24.28042],[123.87888,24.27628],[123.88337,24.27553],[123.88596,24.27284],[123.88386,24.27457],[123.88273,24.27324],[123.88477,24.26943],[123.88099,24.26594],[123.88255,24.26122],[123.88058,24.25624],[123.86376,24.25526],[123.8451,24.26744],[123.83264,24.27216],[123.8048,24.26972],[123.78423,24.27632],[123.77622,24.27459],[123.75537,24.27946]]],[[[124.08681,24.34064],[124.08704,24.34059],[124.0868,24.34062],[124.08681,24.34064]]],[[[124.08678,24.34201],[124.08689,24.34198],[124.08681,24.34194],[124.08678,24.34201]]],[[[124.0,24.36064],[123.99567,24.36401],[123.99942,24.36688],[124.0044,24.36191],[124.0,24.36064]]],[[[123.77121,24.41976],[123.77143,24.41935],[123.77099,24.41962],[123.77121,24.41976]]],[[[123.77209,24.41909],[123.77181,24.41802],[123.7712,24.41878],[123.77209,24.41909]]],[[[123.77515,24.4372],[123.77542,24.43728],[123.77523,24.43709],[123.77515,24.4372]]],[[[123.78378,24.43722],[123.78355,24.4372],[123.78379,24.43729],[123.78378,24.43722]]],[[[123.7933,24.42728],[123.79305,24.42725],[123.79324,24.42741],[123.7933,24.42728]]],[[[123.7758,24.43779],[123.77602,24.43787],[123.776,24.4376],[123.7758,24.43779]]],[[[123.77663,24.43846],[123.77719,24.43716],[123.77615,24.43802],[123.77663,24.43846]]],[[[123.80131,24.41919],[123.80632,24.41833],[123.8013,24.41912],[123.80131,24.41919]]],[[[123.7781,24.43765],[123.77795,24.43789],[123.77821,24.43776],[123.7781,24.43765]]],[[[123.78038,24.43816],[123.78021,24.43832],[123.78042,24.43835],[123.78038,24.43816]]],[[[124.08748,24.34065],[124.08741,24.34059],[124.08735,24.34065],[124.08748,24.34065]]],[[[124.08694,24.34247],[124.08709,24.34213],[124.08672,24.34227],[124.08694,24.34247]]],[[[124.08843,24.34114],[124.08837,24.34098],[124.08825,24.34101],[124.08843,24.34114]]],[[[124.0888,24.34109],[124.08861,24.3409],[124.08859,24.34103],[124.0888,24.34109]]],[[[124.08635,24.34063],[124.08641,24.34051],[124.08625,24.34059],[124.08635,24.34063]]],[[[124.08634,24.34077],[124.08644,24.34082],[124.08649,24.34074],[124.08634,24.34077]]],[[[124.08659,24.34076],[124.08667,24.3408],[124.08666,24.34074],[124.08659,24.34076]]],[[[124.08618,24.34108],[124.08613,24.34099],[124.08611,24.34107],[124.08618,24.34108]]],[[[124.08636,24.34205],[124.0865,24.34174],[124.08624,24.34187],[124.08636,24.34205]]],[[[124.02766,24.35366],[124.02776,24.35336],[124.02757,24.35346],[124.02766,24.35366]]],[[[124.03345,24.34258],[124.03314,24.34262],[124.03332,24.34276],[124.03345,24.34258]]],[[[124.0387,24.35662],[124.03869,24.35687],[124.03883,24.35669],[124.0387,24.35662]]],[[[124.04065,24.35662],[124.04039,24.35451],[124.04005,24.35402],[124.03977,24.35505],[124.04065,24.35662]]],[[[124.03997,24.35793],[124.04009,24.3582],[124.04018,24.35797],[124.03997,24.35793]]],[[[124.04121,24.35898],[124.04106,24.35938],[124.04122,24.35945],[124.04121,24.35898]]],[[[124.03902,24.36034],[124.03882,24.36062],[124.03914,24.36058],[124.03902,24.36034]]],[[[124.08588,24.34098],[124.08583,24.34091],[124.08578,24.34094],[124.08588,24.34098]]],[[[124.07598,24.31949],[124.0763,24.31936],[124.07602,24.31935],[124.07598,24.31949]]],[[[124.09041,24.33813],[124.09037,24.33808],[124.09035,24.33812],[124.09041,24.33813]]],[[[124.09295,24.33803],[124.09229,24.33748],[124.09225,24.33752],[124.09295,24.33803]]],[[[123.99196,24.23969],[123.99162,24.23988],[123.99188,24.24008],[123.99196,24.23969]]],[[[123.99171,24.24065],[123.99158,24.24064],[123.9916,24.24071],[123.99171,24.24065]]],[[[123.99561,24.25232],[123.99567,24.25221],[123.99557,24.25224],[123.99561,24.25232]]],[[[124.02276,24.24964],[124.02276,24.24949],[124.02267,24.24953],[124.02276,24.24964]]],[[[124.01003,24.25119],[124.01014,24.25073],[124.00995,24.25118],[124.01003,24.25119]]],[[[124.01902,24.25106],[124.01911,24.25128],[124.01917,24.25116],[124.01902,24.25106]]],[[[123.95325,24.33009],[123.95312,24.32966],[123.95282,24.33003],[123.95325,24.33009]]],[[[123.96812,24.33276],[123.96845,24.33242],[123.96788,24.33263],[123.96812,24.33276]]],[[[123.96746,24.34387],[123.96749,24.34354],[123.96729,24.34374],[123.96746,24.34387]]],[[[123.94232,24.36479],[123.94272,24.36496],[123.94276,24.36483],[123.94232,24.36479]]],[[[123.94307,24.36468],[123.94292,24.36496],[123.94316,24.36482],[123.94307,24.36468]]],[[[123.94215,24.36862],[123.94231,24.36835],[123.94207,24.36825],[123.94215,24.36862]]],[[[123.95641,24.32824],[123.95659,24.32795],[123.9563,24.32797],[123.95641,24.32824]]],[[[123.95917,24.33187],[123.95947,24.33162],[123.95926,24.33156],[123.95917,24.33187]]],[[[123.94326,24.36451],[123.94354,24.36455],[123.9435,24.36447],[123.94326,24.36451]]],[[[123.93152,24.34116],[123.93056,24.34251],[123.9347,24.34396],[123.93529,24.34741],[123.93563,24.34346],[123.93152,24.34116]]],[[[123.93588,24.36596],[123.93573,24.3659],[123.93574,24.36597],[123.93588,24.36596]]],[[[123.93619,24.36582],[123.9363,24.36589],[123.93625,24.36582],[123.93619,24.36582]]],[[[123.93606,24.36691],[123.93592,24.3667],[123.93589,24.36713],[123.93606,24.36691]]],[[[123.94013,24.35941],[123.93999,24.35934],[123.94002,24.35946],[123.94013,24.35941]]],[[[123.93895,24.36597],[123.93936,24.36581],[123.93891,24.36593],[123.93895,24.36597]]],[[[123.94001,24.36497],[123.9399,24.36491],[123.93989,24.36496],[123.94001,24.36497]]],[[[123.90731,24.3849],[123.90738,24.38451],[123.90714,24.38468],[123.90731,24.3849]]],[[[123.93949,24.23769],[123.93949,24.23762],[123.93884,24.23752],[123.93949,24.23769]]],[[[123.94413,24.23891],[123.94424,24.23905],[123.94426,24.23897],[123.94413,24.23891]]],[[[123.99093,24.24],[123.99091,24.23987],[123.99086,24.23991],[123.99093,24.24]]],[[[123.9909,24.24082],[123.99086,24.24066],[123.99078,24.24068],[123.9909,24.24082]]],[[[123.99074,24.24186],[123.99064,24.24172],[123.9906,24.24174],[123.99074,24.24186]]],[[[123.99091,24.24277],[123.9909,24.24257],[123.9908,24.24262],[123.99091,24.24277]]],[[[123.99074,24.24315],[123.99076,24.24289],[123.99061,24.24308],[123.99074,24.24315]]],[[[123.92212,24.21613],[123.92188,24.21611],[123.92194,24.21622],[123.92212,24.21613]]],[[[123.92723,24.22086],[123.9271,24.22082],[123.92711,24.22087],[123.92723,24.22086]]],[[[123.9351,24.21914],[123.93514,24.21902],[123.93506,24.21908],[123.9351,24.21914]]],[[[123.92564,24.21121],[123.92079,24.21745],[123.92485,24.22089],[123.93383,24.22156],[123.93677,24.21593],[123.93567,24.21154],[123.93118,24.20878],[123.92564,24.21121]]],[[[123.74646,24.38209],[123.74711,24.38195],[123.74645,24.38202],[123.74646,24.38209]]],[[[123.7445,24.3859],[123.74527,24.3857],[123.74499,24.38543],[123.7445,24.3859]]],[[[123.74335,24.38769],[123.74355,24.38781],[123.74353,24.38767],[123.74335,24.38769]]],[[[123.81959,24.4194],[123.82,24.41927],[123.81966,24.41926],[123.81959,24.4194]]],[[[123.82018,24.41917],[123.82158,24.41919],[123.82176,24.41835],[123.82018,24.41917]]],[[[123.85522,24.40295],[123.85531,24.40258],[123.8551,24.40263],[123.85522,24.40295]]],[[[123.8664,24.40478],[123.8665,24.40524],[123.86753,24.40507],[123.8664,24.40478]]],[[[123.86734,24.40539],[123.86839,24.40546],[123.86871,24.4051],[123.86734,24.40539]]],[[[123.81887,24.46667],[123.82026,24.46397],[123.81845,24.46729],[123.81887,24.46667]]],[[[123.82267,24.46741],[123.82077,24.46502],[123.82071,24.46507],[123.82267,24.46741]]],[[[123.81805,24.46721],[123.81376,24.47372],[123.81558,24.47709],[123.82173,24.4767],[123.82633,24.47206],[123.82445,24.46799],[123.81805,24.46721]]],[[[123.81817,24.42039],[123.81801,24.42028],[123.81801,24.42037],[123.81817,24.42039]]],[[[123.81829,24.41984],[123.8191,24.41987],[123.81912,24.41959],[123.81829,24.41984]]],[[[123.81925,24.41956],[123.81939,24.41941],[123.81927,24.41943],[123.81925,24.41956]]],[[[123.81943,24.42],[123.81933,24.41989],[123.81939,24.42001],[123.81943,24.42]]],[[[123.72995,24.33935],[123.72952,24.33756],[123.72944,24.33758],[123.72995,24.33935]]],[[[123.68518,24.3338],[123.68511,24.33351],[123.6849,24.33361],[123.68518,24.3338]]],[[[123.68469,24.34308],[123.68477,24.34305],[123.6847,24.34303],[123.68469,24.34308]]],[[[123.69784,24.34603],[123.69832,24.34549],[123.69749,24.34576],[123.69784,24.34603]]],[[[123.56128,24.19239],[123.56131,24.19232],[123.56123,24.19234],[123.56128,24.19239]]],[[[123.56212,24.19296],[123.56208,24.19291],[123.56207,24.19294],[123.56212,24.19296]]],[[[123.56819,24.19494],[123.56824,24.19489],[123.56816,24.1949],[123.56819,24.19494]]],[[[123.56844,24.195],[123.56846,24.19488],[123.56842,24.19487],[123.56844,24.195]]],[[[123.56847,24.19513],[123.56842,24.19509],[123.5684,24.19511],[123.56847,24.19513]]],[[[123.56893,24.19521],[123.56896,24.19517],[123.56893,24.19519],[123.56893,24.19521]]],[[[123.56537,24.19586],[123.56536,24.19582],[123.56534,24.19583],[123.56537,24.19586]]],[[[123.56961,24.19667],[123.56952,24.19644],[123.56953,24.19667],[123.56961,24.19667]]],[[[123.55551,24.19229],[123.56103,24.19434],[123.56104,24.19576],[123.56991,24.19577],[123.56112,24.19241],[123.55551,24.19229]]],[[[123.55436,24.19216],[123.55439,24.19211],[123.55435,24.19211],[123.55436,24.19216]]],[[[123.56633,24.19659],[123.56635,24.19651],[123.56631,24.19652],[123.56633,24.19659]]],[[[123.66139,24.30809],[123.6614,24.30753],[123.66124,24.3075],[123.66139,24.30809]]],[[[123.75291,24.06364],[123.75309,24.06366],[123.75296,24.06356],[123.75291,24.06364]]],[[[123.75331,24.06365],[123.75342,24.06371],[123.7534,24.06355],[123.75331,24.06365]]],[[[123.75351,24.0637],[123.75363,24.06389],[123.75376,24.06364],[123.75351,24.0637]]],[[[123.75455,24.06334],[123.75472,24.06342],[123.75463,24.06329],[123.75455,24.06334]]],[[[123.75794,24.06442],[123.75827,24.06447],[123.75797,24.06435],[123.75794,24.06442]]],[[[123.75855,24.06464],[123.75882,24.06467],[123.75858,24.06458],[123.75855,24.06464]]],[[[123.76805,24.07076],[123.7662,24.06954],[123.76796,24.07086],[123.76805,24.07076]]],[[[123.76966,24.06939],[123.76886,24.06898],[123.76883,24.06904],[123.76966,24.06939]]],[[[123.77019,24.07143],[123.7686,24.07225],[123.76824,24.07285],[123.76866,24.07229],[123.77019,24.07143]]],[[[123.75804,24.04927],[123.75308,24.05311],[123.75478,24.05884],[123.75369,24.06232],[123.7641,24.06528],[123.76375,24.06743],[123.76593,24.06933],[123.76385,24.06741],[123.76445,24.06607],[123.76829,24.06937],[123.76965,24.06814],[123.77657,24.07141],[123.79067,24.07148],[123.80705,24.06645],[123.81061,24.06184],[123.80592,24.05427],[123.80532,24.04967],[123.79883,24.04899],[123.79544,24.04588],[123.75804,24.04927]]],[[[123.75206,24.06363],[123.75225,24.06363],[123.75211,24.06356],[123.75206,24.06363]]],[[[123.69092,24.28093],[123.69053,24.28042],[123.6904,24.28046],[123.69092,24.28093]]],[[[123.69108,24.28102],[123.69106,24.28091],[123.69103,24.28099],[123.69108,24.28102]]],[[[123.69133,24.28095],[123.69135,24.28087],[123.69129,24.28089],[123.69133,24.28095]]],[[[123.69137,24.28124],[123.69138,24.28112],[123.69131,24.28113],[123.69137,24.28124]]],[[[123.69181,24.28065],[123.69139,24.28019],[123.69132,24.28076],[123.69181,24.28065]]],[[[123.68891,24.2817],[123.68861,24.28164],[123.68869,24.28178],[123.68891,24.2817]]],[[[123.69042,24.28131],[123.69033,24.28121],[123.69032,24.28127],[123.69042,24.28131]]],[[[123.73057,24.28817],[123.73088,24.28778],[123.73031,24.28806],[123.73057,24.28817]]],[[[123.88538,24.27524],[123.88523,24.27475],[123.88517,24.27525],[123.88538,24.27524]]],[[[123.90335,24.29375],[123.90296,24.29283],[123.90301,24.2937],[123.90335,24.29375]]]]}},{"type":"Feature","properties":{"pref":"沖縄県","name":"粟国村","type":"村","code":"47355","region":"47"},"geometry":{"type":"MultiPolygon","coordinates":[[[[127.21227,26.57488],[127.21198,26.57459],[127.21203,26.57485],[127.21227,26.57488]]],[[[127.21628,26.57607],[127.21564,26.576],[127.21638,26.57617],[127.21628,26.57607]]],[[[127.22314,26.57691],[127.22287,26.577],[127.22306,26.57705],[127.22314,26.57691]]],[[[127.22344,26.5775],[127.22334,26.57756],[127.22344,26.57757],[127.22344,26.5775]]],[[[127.2247,26.57755],[127.22489,26.57743],[127.22468,26.5775],[127.2247,26.57755]]],[[[127.23263,26.57663],[127.2327,26.57701],[127.23279,26.57666],[127.23263,26.57663]]],[[[127.24475,26.59511],[127.24469,26.59694],[127.24594,26.5959],[127.24475,26.59511]]],[[[127.21039,26.58333],[127.21759,26.59358],[127.22442,26.59729],[127.22628,26.60045],[127.23122,26.60206],[127.24008,26.60002],[127.24822,26.58659],[127.24081,26.57602],[127.23699,26.57756],[127.235,26.57611],[127.23673,26.57793],[127.23467,26.57995],[127.23263,26.5781],[127.23434,26.57739],[127.23299,26.57747],[127.23183,26.57923],[127.20926,26.57485],[127.20813,26.57618],[127.21039,26.58333]]]]}},{"type":"Feature","properties":{"pref":"沖縄県","name":"糸満市","type":"市","code":"47210","region":"47"},"geometry":{"type":"MultiPolygon","coordinates":[[[[127.67523,26.07661],[127.67528,26.07663],[127.67529,26.07661],[127.67523,26.07661]]],[[[127.67184,26.07844],[127.67194,26.07846],[127.67187,26.07841],[127.67184,26.07844]]],[[[127.67361,26.07827],[127.67364,26.0783],[127.67364,26.07827],[127.67361,26.07827]]],[[[127.67357,26.07831],[127.6736,26.07832],[127.6736,26.07831],[127.67357,26.07831]]],[[[127.67365,26.07825],[127.67369,26.07827],[127.67368,26.07824],[127.67365,26.07825]]],[[[127.65823,26.08189],[127.65824,26.08192],[127.65825,26.08189],[127.65823,26.08189]]],[[[127.65841,26.08192],[127.65844,26.08194],[127.65844,26.08192],[127.65841,26.08192]]],[[[127.66374,26.08047],[127.66375,26.08051],[127.66377,26.08049],[127.66374,26.08047]]],[[[127.66549,26.07981],[127.66554,26.07988],[127.66556,26.07986],[127.66549,26.07981]]],[[[127.65986,26.10827],[127.65987,26.10828],[127.65987,26.10827],[127.65986,26.10827]]],[[[127.65821,26.08171],[127.65825,26.08172],[127.65824,26.0817],[127.65821,26.08171]]],[[[127.65777,26.08858],[127.65782,26.0885],[127.65778,26.08848],[127.65777,26.08858]]],[[[127.65822,26.10842],[127.65822,26.10845],[127.65825,26.10844],[127.65822,26.10842]]],[[[127.65599,26.1215],[127.65741,26.12033],[127.6576,26.12002],[127.65599,26.1215]]],[[[127.65695,26.12556],[127.65694,26.12554],[127.65693,26.12555],[127.65695,26.12556]]],[[[127.65836,26.10843],[127.65834,26.10845],[127.65837,26.10844],[127.65836,26.10843]]],[[[127.65975,26.10835],[127.65973,26.10834],[127.65973,26.10835],[127.65975,26.10835]]],[[[127.65965,26.1086],[127.65966,26.10865],[127.65968,26.10862],[127.65965,26.1086]]],[[[127.65963,26.1087],[127.65967,26.10874],[127.65968,26.10871],[127.65963,26.1087]]],[[[127.6597,26.10842],[127.65969,26.10844],[127.65971,26.10843],[127.6597,26.10842]]],[[[127.65942,26.10946],[127.65936,26.10946],[127.65937,26.1095],[127.65942,26.10946]]],[[[127.6594,26.10953],[127.65935,26.10958],[127.6594,26.10958],[127.6594,26.10953]]],[[[127.65945,26.10938],[127.65944,26.10943],[127.65947,26.1094],[127.65945,26.10938]]],[[[127.65836,26.12061],[127.65836,26.12059],[127.65835,26.1206],[127.65836,26.12061]]],[[[127.66196,26.125],[127.66089,26.12845],[127.66027,26.1284],[127.66094,26.12856],[127.66196,26.125]]],[[[127.71113,26.08874],[127.71118,26.08875],[127.71116,26.08872],[127.71113,26.08874]]],[[[127.71118,26.08861],[127.71123,26.08864],[127.71121,26.08858],[127.71118,26.08861]]],[[[127.71234,26.08833],[127.71224,26.08834],[127.71232,26.08837],[127.71234,26.08833]]],[[[127.71267,26.08823],[127.71269,26.08819],[127.71266,26.0882],[127.71267,26.08823]]],[[[127.71803,26.08853],[127.71808,26.08846],[127.71803,26.08846],[127.71803,26.08853]]],[[[127.71839,26.08876],[127.71848,26.08877],[127.71846,26.08872],[127.71839,26.08876]]],[[[127.71857,26.08903],[127.71863,26.08907],[127.71864,26.08905],[127.71857,26.08903]]],[[[127.71941,26.08933],[127.71939,26.08942],[127.71943,26.08942],[127.71941,26.08933]]],[[[127.65004,26.12257],[127.65005,26.12255],[127.65004,26.12256],[127.65004,26.12257]]],[[[127.65415,26.12328],[127.65575,26.12195],[127.65582,26.12181],[127.65415,26.12328]]],[[[127.64912,26.1339],[127.64979,26.13183],[127.64973,26.13162],[127.64912,26.1339]]],[[[127.65652,26.13156],[127.6546,26.13106],[127.65459,26.13111],[127.65652,26.13156]]],[[[127.6574,26.08167],[127.65746,26.08174],[127.65743,26.08165],[127.6574,26.08167]]],[[[127.65811,26.08133],[127.65826,26.08093],[127.65814,26.08093],[127.65811,26.08133]]],[[[127.658,26.08133],[127.65802,26.08138],[127.65803,26.08135],[127.658,26.08133]]],[[[127.65785,26.08161],[127.65789,26.08161],[127.65788,26.0816],[127.65785,26.08161]]],[[[127.65815,26.08171],[127.65819,26.08172],[127.65818,26.0817],[127.65815,26.08171]]],[[[127.66816,26.07842],[127.6682,26.07849],[127.66821,26.07847],[127.66816,26.07842]]],[[[127.66963,26.07841],[127.66972,26.07845],[127.66969,26.07838],[127.66963,26.07841]]],[[[127.67079,26.07828],[127.6709,26.07843],[127.67092,26.07829],[127.67079,26.07828]]],[[[127.67099,26.07835],[127.67108,26.07849],[127.67112,26.07834],[127.67099,26.07835]]],[[[127.67164,26.07836],[127.67174,26.07848],[127.6718,26.07839],[127.67164,26.07836]]],[[[127.71205,26.08783],[127.71203,26.08792],[127.71209,26.08791],[127.71205,26.08783]]],[[[127.71193,26.08792],[127.71187,26.088],[127.71191,26.08799],[127.71193,26.08792]]],[[[127.71198,26.08796],[127.71211,26.08814],[127.71219,26.08799],[127.71198,26.08796]]],[[[127.71248,26.08823],[127.71248,26.08815],[127.71242,26.08819],[127.71248,26.08823]]],[[[127.71275,26.08799],[127.71262,26.08815],[127.71273,26.08813],[127.71275,26.08799]]],[[[127.71282,26.08813],[127.71285,26.08818],[127.71286,26.08813],[127.71282,26.08813]]],[[[127.7138,26.08703],[127.71388,26.08735],[127.71396,26.08705],[127.7138,26.08703]]],[[[127.71432,26.08743],[127.71433,26.08733],[127.71428,26.08742],[127.71432,26.08743]]],[[[127.71482,26.08745],[127.71492,26.08734],[127.71479,26.08737],[127.71482,26.08745]]],[[[127.7167,26.08804],[127.71656,26.08797],[127.7166,26.0881],[127.7167,26.08804]]],[[[127.71972,26.08948],[127.71976,26.08958],[127.7198,26.08952],[127.71972,26.08948]]],[[[127.72206,26.08965],[127.72212,26.08971],[127.72212,26.08967],[127.72206,26.08965]]],[[[127.72812,26.09722],[127.72814,26.09725],[127.72815,26.09723],[127.72812,26.09722]]],[[[127.65866,26.10935],[127.65867,26.10938],[127.65868,26.10935],[127.65866,26.10935]]],[[[127.65964,26.10893],[127.65961,26.10893],[127.65963,26.10895],[127.65964,26.10893]]],[[[127.65948,26.10921],[127.65954,26.10924],[127.65952,26.10919],[127.65948,26.10921]]],[[[127.6598,26.10834],[127.66089,26.10918],[127.66108,26.10909],[127.6598,26.10834]]],[[[127.65901,26.10823],[127.658,26.10958],[127.65951,26.10873],[127.65901,26.10823]]],[[[127.67093,26.07845],[127.67093,26.07852],[127.67097,26.07849],[127.67093,26.07845]]],[[[127.65687,26.08333],[127.65791,26.08862],[127.65647,26.09128],[127.65884,26.09278],[127.65766,26.09542],[127.65894,26.09491],[127.65895,26.10257],[127.66448,26.11435],[127.66046,26.11562],[127.66009,26.11615],[127.6615,26.11638],[127.66128,26.11951],[127.6679,26.12152],[127.66831,26.12007],[127.66565,26.11724],[127.66549,26.11694],[127.66507,26.1156],[127.66858,26.12013],[127.66891,26.12175],[127.66187,26.12067],[127.66929,26.12582],[127.66442,26.12477],[127.66256,26.12479],[127.66506,26.12494],[127.66468,26.12635],[127.66319,26.12543],[127.66274,26.12882],[127.66124,26.12862],[127.66684,26.13247],[127.66828,26.12957],[127.66854,26.1334],[127.65901,26.13208],[127.65931,26.13075],[127.6575,26.13177],[127.65893,26.13211],[127.65834,26.13425],[127.66092,26.1342],[127.65909,26.13522],[127.66054,26.13554],[127.66018,26.13684],[127.6578,26.13629],[127.65848,26.135],[127.65785,26.13485],[127.65776,26.13628],[127.65679,26.13605],[127.65759,26.13479],[127.6568,26.13461],[127.65579,26.13582],[127.65656,26.13456],[127.6563,26.13402],[127.65542,26.13382],[127.65575,26.1358],[127.65348,26.13527],[127.65559,26.12773],[127.65808,26.12786],[127.65361,26.12584],[127.6506,26.12678],[127.6527,26.12681],[127.65208,26.129],[127.65088,26.12753],[127.65048,26.12872],[127.6509,26.13491],[127.64796,26.1453],[127.6693,26.1521],[127.67964,26.15931],[127.68468,26.15579],[127.6912,26.16347],[127.69072,26.16579],[127.70069,26.16392],[127.70292,26.16641],[127.70078,26.16808],[127.70411,26.1696],[127.70708,26.16537],[127.70298,26.162],[127.70231,26.15833],[127.69653,26.15156],[127.70247,26.14489],[127.7071,26.14837],[127.71035,26.148],[127.71392,26.14469],[127.70982,26.13466],[127.70593,26.13345],[127.70605,26.13189],[127.70837,26.1265],[127.7125,26.1233],[127.7118,26.11844],[127.71319,26.11937],[127.71805,26.11297],[127.71973,26.10564],[127.7241,26.10649],[127.73159,26.09812],[127.72748,26.0969],[127.72485,26.09024],[127.71448,26.08728],[127.70777,26.09019],[127.69702,26.08719],[127.68663,26.08152],[127.68036,26.07493],[127.67658,26.0746],[127.67335,26.0785],[127.66882,26.07806],[127.66187,26.08154],[127.65889,26.08063],[127.65687,26.08333]]],[[[127.66558,26.07975],[127.6656,26.07979],[127.66562,26.07975],[127.66558,26.07975]]],[[[127.533,26.1106],[127.53323,26.11065],[127.53313,26.11053],[127.533,26.1106]]],[[[127.66625,26.07961],[127.6663,26.07963],[127.6663,26.07961],[127.66625,26.07961]]],[[[127.66674,26.07914],[127.66675,26.07918],[127.66677,26.07916],[127.66674,26.07914]]],[[[127.67052,26.07877],[127.67056,26.07878],[127.67057,26.07877],[127.67052,26.07877]]],[[[127.69515,26.08572],[127.6952,26.08572],[127.69517,26.08569],[127.69515,26.08572]]],[[[127.69513,26.08577],[127.69516,26.08581],[127.69517,26.08579],[127.69513,26.08577]]],[[[127.66842,26.12567],[127.66854,26.12561],[127.66843,26.12558],[127.66842,26.12567]]]]}},{"type":"Feature","properties":{"pref":"沖縄県","name":"西原町","type":"町","code":"47329","region":"47"},"geometry":{"type":"Polygon","coordinates":[[[127.75,26.24815],[127.75128,26.25131],[127.75655,26.2514],[127.75749,26.24986],[127.76006,26.25273],[127.76156,26.2517],[127.76626,26.25672],[127.76944,26.25278],[127.76518,26.24834],[127.76495,26.24332],[127.76811,26.24104],[127.76621,26.24002],[127.76702,26.23864],[127.77795,26.23694],[127.78995,26.23004],[127.78869,26.2269],[127.78279,26.2249],[127.77862,26.21624],[127.77816,26.21847],[127.77801,26.21657],[127.77397,26.2146],[127.77355,26.21191],[127.76903,26.21051],[127.77003,26.20749],[127.75858,26.21273],[127.7446,26.21289],[127.73593,26.21781],[127.73621,26.22467],[127.73319,26.22675],[127.7381,26.23145],[127.73984,26.2397],[127.75,26.24815]]]}},{"type":"Feature","properties":{"pref":"沖縄県","name":"読谷村","type":"村","code":"47324","region":"47"},"geometry":{"type":"MultiPolygon","coordinates":[[[[127.73367,26.37046],[127.73363,26.3705],[127.73366,26.37051],[127.73367,26.37046]]],[[[127.73371,26.37057],[127.73372,26.37061],[127.73375,26.37059],[127.73371,26.37057]]],[[[127.73379,26.37062],[127.73369,26.37073],[127.73381,26.37063],[127.73379,26.37062]]],[[[127.71497,26.40815],[127.71503,26.40806],[127.71495,26.40804],[127.71497,26.40815]]],[[[127.71546,26.40755],[127.7156,26.4076],[127.71559,26.40754],[127.71546,26.40755]]],[[[127.7155,26.4077],[127.71556,26.40769],[127.71552,26.40766],[127.7155,26.4077]]],[[[127.7138,26.41461],[127.71374,26.41456],[127.71374,26.41459],[127.7138,26.41461]]],[[[127.71387,26.41454],[127.71386,26.41459],[127.71389,26.41457],[127.71387,26.41454]]],[[[127.71323,26.41914],[127.71316,26.4191],[127.71316,26.41913],[127.71323,26.41914]]],[[[127.71566,26.40375],[127.71572,26.40375],[127.71569,26.40372],[127.71566,26.40375]]],[[[127.71558,26.40745],[127.71564,26.40744],[127.7156,26.40741],[127.71558,26.40745]]],[[[127.73466,26.42367],[127.73467,26.42373],[127.7347,26.4237],[127.73466,26.42367]]],[[[127.72971,26.43254],[127.72975,26.43261],[127.72977,26.43256],[127.72971,26.43254]]],[[[127.73072,26.43118],[127.73077,26.43124],[127.7308,26.43117],[127.73072,26.43118]]],[[[127.73111,26.43047],[127.73115,26.43056],[127.73118,26.43046],[127.73111,26.43047]]],[[[127.73125,26.43044],[127.73131,26.43051],[127.73133,26.43047],[127.73125,26.43044]]],[[[127.71254,26.43867],[127.71259,26.43868],[127.71259,26.43867],[127.71254,26.43867]]],[[[127.71293,26.44171],[127.7129,26.44166],[127.71287,26.44168],[127.71293,26.44171]]],[[[127.71882,26.4401],[127.71879,26.44018],[127.71885,26.44014],[127.71882,26.4401]]],[[[127.71891,26.44005],[127.71893,26.44008],[127.71894,26.44005],[127.71891,26.44005]]],[[[127.71895,26.43997],[127.71895,26.44],[127.71897,26.43998],[127.71895,26.43997]]],[[[127.71901,26.43995],[127.71902,26.43998],[127.71903,26.43997],[127.71901,26.43995]]],[[[127.72163,26.4397],[127.72159,26.43976],[127.72165,26.43976],[127.72163,26.4397]]],[[[127.72442,26.43988],[127.7244,26.43991],[127.72442,26.43991],[127.72442,26.43988]]],[[[127.72442,26.44004],[127.72439,26.44009],[127.72445,26.44006],[127.72442,26.44004]]],[[[127.71178,26.43914],[127.71184,26.43917],[127.71185,26.43914],[127.71178,26.43914]]],[[[127.7117,26.43934],[127.7118,26.43939],[127.71175,26.43931],[127.7117,26.43934]]],[[[127.71225,26.44126],[127.7124,26.4413],[127.71244,26.44128],[127.71225,26.44126]]],[[[127.71907,26.44008],[127.71904,26.44014],[127.7191,26.44012],[127.71907,26.44008]]],[[[127.72008,26.43974],[127.72007,26.43987],[127.72014,26.43985],[127.72008,26.43974]]],[[[127.72039,26.43981],[127.7205,26.43993],[127.72049,26.43983],[127.72039,26.43981]]],[[[127.73709,26.3639],[127.73687,26.36419],[127.73726,26.36402],[127.73709,26.3639]]],[[[127.73704,26.36462],[127.7371,26.36466],[127.73711,26.36462],[127.73704,26.36462]]],[[[127.73583,26.42302],[127.73575,26.42298],[127.73576,26.42303],[127.73583,26.42302]]],[[[127.73361,26.37059],[127.73362,26.3706],[127.73364,26.37059],[127.73361,26.37059]]],[[[127.74662,26.3613],[127.73835,26.36187],[127.73731,26.3632],[127.73002,26.38063],[127.7251,26.38767],[127.72306,26.38696],[127.72197,26.38932],[127.72359,26.38784],[127.72384,26.39011],[127.72128,26.38958],[127.72336,26.39074],[127.71557,26.40383],[127.71324,26.41807],[127.71681,26.43362],[127.71136,26.43981],[127.71287,26.44161],[127.7249,26.44011],[127.73458,26.42364],[127.74086,26.42318],[127.74446,26.4179],[127.7494,26.41547],[127.75212,26.41521],[127.75273,26.41813],[127.75624,26.42078],[127.76477,26.42252],[127.77225,26.42071],[127.77622,26.41696],[127.78603,26.41587],[127.78474,26.40398],[127.78218,26.40471],[127.77243,26.38978],[127.77185,26.38309],[127.76863,26.37854],[127.76808,26.37284],[127.7698,26.37022],[127.76458,26.37005],[127.7639,26.36796],[127.75483,26.36801],[127.74648,26.36387],[127.74662,26.3613]]],[[[127.73116,26.43038],[127.73123,26.43043],[127.73123,26.43039],[127.73116,26.43038]]],[[[127.70641,26.43746],[127.70636,26.43738],[127.70635,26.43746],[127.70641,26.43746]]],[[[127.70667,26.43684],[127.70666,26.43679],[127.70662,26.43683],[127.70667,26.43684]]],[[[127.70702,26.43755],[127.70672,26.43769],[127.70707,26.43765],[127.70702,26.43755]]],[[[127.73356,26.3706],[127.73358,26.3706],[127.73358,26.37059],[127.73356,26.3706]]],[[[127.73196,26.4292],[127.73202,26.42923],[127.73201,26.42919],[127.73196,26.4292]]]]}},{"type":"Feature","properties":{"pref":"沖縄県","name":"豊見城市","type":"市","code":"47212","region":"47"},"geometry":{"type":"MultiPolygon","coordinates":[[[[127.65524,26.16118],[127.6569,26.16106],[127.657,26.16086],[127.65524,26.16118]]],[[[127.64866,26.16534],[127.64861,26.16417],[127.64856,26.16534],[127.64866,26.16534]]],[[[127.65,26.15282],[127.64938,26.15898],[127.65417,26.16145],[127.65567,26.15995],[127.66062,26.16078],[127.66768,26.15388],[127.65962,26.15165],[127.65,26.15282]]],[[[127.65308,26.16667],[127.65234,26.16914],[127.64855,26.16902],[127.64827,26.17389],[127.65589,26.17353],[127.65197,26.17523],[127.64275,26.17337],[127.64016,26.17687],[127.65415,26.17645],[127.66448,26.18294],[127.67085,26.18216],[127.6818,26.18955],[127.68311,26.19841],[127.68974,26.19435],[127.69977,26.19529],[127.70405,26.19117],[127.70774,26.19032],[127.70947,26.18492],[127.71388,26.18163],[127.71056,26.17619],[127.70078,26.16808],[127.70292,26.16641],[127.70069,26.16392],[127.69072,26.16579],[127.6912,26.16347],[127.68468,26.15579],[127.67964,26.15931],[127.66927,26.15216],[127.66031,26.16208],[127.65466,26.16212],[127.6492,26.15999],[127.64951,26.1541],[127.64765,26.15305],[127.64563,26.15933],[127.65384,26.16317],[127.6529,26.163],[127.65233,26.16396],[127.65389,26.16333],[127.65358,26.16536],[127.6519,26.16427],[127.64962,26.16416],[127.64937,26.16447],[127.65074,26.16448],[127.64939,26.16624],[127.65308,26.16667]]],[[[127.63118,26.17875],[127.63602,26.17824],[127.6353,26.17583],[127.63189,26.1757],[127.63118,26.17875]]],[[[127.63769,26.14247],[127.63959,26.14165],[127.63839,26.1414],[127.63769,26.14247]]]]}},{"type":"Feature","properties":{"pref":"沖縄県","name":"那覇市","type":"市","code":"47201","region":"47"},"geometry":{"type":"MultiPolygon","coordinates":[[[[127.64287,26.22456],[127.64298,26.21641],[127.64272,26.22456],[127.64287,26.22456]]],[[[127.65499,26.22779],[127.65789,26.25336],[127.65507,26.22776],[127.6518,26.22429],[127.65499,26.22779]]],[[[127.66592,26.22169],[127.66613,26.22157],[127.66576,26.22158],[127.66592,26.22169]]],[[[127.66989,26.22213],[127.66956,26.22178],[127.66899,26.22203],[127.66989,26.22213]]],[[[127.67037,26.22145],[127.67066,26.22144],[127.6704,26.22136],[127.67037,26.22145]]],[[[127.67135,26.22185],[127.67162,26.22192],[127.67139,26.22179],[127.67135,26.22185]]],[[[127.65525,26.17667],[127.64383,26.17742],[127.64367,26.18924],[127.6365,26.19863],[127.64106,26.2018],[127.63509,26.20039],[127.63613,26.17835],[127.63118,26.17875],[127.63046,26.20618],[127.63388,26.20632],[127.63495,26.20361],[127.64187,26.20388],[127.64252,26.20709],[127.64051,26.20747],[127.64887,26.21666],[127.65201,26.21777],[127.65975,26.21352],[127.65899,26.21245],[127.6587,26.21157],[127.65876,26.21154],[127.65993,26.21367],[127.66309,26.21334],[127.66123,26.21208],[127.66331,26.21291],[127.67117,26.20523],[127.67316,26.20656],[127.67152,26.20742],[127.67129,26.20868],[127.67392,26.2073],[127.67433,26.20918],[127.66649,26.21126],[127.66756,26.21265],[127.66093,26.21763],[127.66351,26.21984],[127.66233,26.22061],[127.66009,26.21817],[127.66215,26.22069],[127.66627,26.22063],[127.66729,26.22223],[127.67154,26.22115],[127.67233,26.22429],[127.67929,26.22587],[127.68323,26.22376],[127.68403,26.22585],[127.68105,26.22656],[127.68089,26.22947],[127.67939,26.22946],[127.67946,26.2271],[127.6782,26.22867],[127.67835,26.23193],[127.68035,26.23069],[127.6794,26.2402],[127.67809,26.2402],[127.67799,26.23641],[127.67709,26.2402],[127.67509,26.2402],[127.67367,26.23228],[127.66708,26.23228],[127.66709,26.23814],[127.67226,26.23862],[127.67218,26.24108],[127.66922,26.2436],[127.66709,26.24197],[127.6671,26.24518],[127.67497,26.2461],[127.68882,26.24232],[127.69639,26.23958],[127.69781,26.23675],[127.7008,26.23726],[127.70448,26.23341],[127.72586,26.23344],[127.73281,26.23728],[127.73423,26.23511],[127.73836,26.23634],[127.73805,26.23135],[127.73319,26.22675],[127.73621,26.22467],[127.73593,26.21781],[127.72748,26.21509],[127.72262,26.21005],[127.72161,26.19843],[127.71784,26.19555],[127.71318,26.1959],[127.70774,26.19032],[127.69865,26.19579],[127.68974,26.19435],[127.68311,26.19841],[127.6818,26.18955],[127.67893,26.18721],[127.67085,26.18216],[127.66448,26.18294],[127.65525,26.17667]]]]}},{"type":"Feature","properties":{"pref":"沖縄県","name":"金武町","type":"町","code":"47314","region":"47"},"geometry":{"type":"MultiPolygon","coordinates":[[[[127.91409,26.44718],[127.91389,26.44703],[127.91394,26.44721],[127.91409,26.44718]]],[[[127.92544,26.44012],[127.92525,26.44024],[127.92529,26.44027],[127.92544,26.44012]]],[[[127.93095,26.43913],[127.93089,26.43912],[127.93091,26.43914],[127.93095,26.43913]]],[[[127.93266,26.43857],[127.93265,26.43867],[127.93267,26.43867],[127.93266,26.43857]]],[[[127.93277,26.43887],[127.9327,26.4389],[127.93279,26.43896],[127.93277,26.43887]]],[[[127.94875,26.43758],[127.94866,26.43763],[127.94873,26.43764],[127.94875,26.43758]]],[[[127.95248,26.43271],[127.95239,26.43293],[127.95265,26.43287],[127.95248,26.43271]]],[[[127.95303,26.43284],[127.95262,26.43309],[127.95313,26.43289],[127.95303,26.43284]]],[[[127.93589,26.44001],[127.93584,26.44004],[127.93588,26.44011],[127.93589,26.44001]]],[[[127.93597,26.44017],[127.93589,26.44015],[127.93591,26.4402],[127.93597,26.44017]]],[[[127.93591,26.44036],[127.93573,26.44041],[127.93582,26.44043],[127.93591,26.44036]]],[[[127.93546,26.44019],[127.93541,26.44028],[127.93546,26.44028],[127.93546,26.44019]]],[[[127.93558,26.43981],[127.93554,26.43986],[127.93558,26.43987],[127.93558,26.43981]]],[[[127.94432,26.43989],[127.94446,26.43991],[127.94434,26.43975],[127.94432,26.43989]]],[[[127.93495,26.44029],[127.9349,26.44036],[127.93495,26.44038],[127.93495,26.44029]]],[[[127.93567,26.44036],[127.93555,26.44038],[127.93566,26.44041],[127.93567,26.44036]]],[[[127.93578,26.44057],[127.93569,26.44064],[127.93579,26.44069],[127.93578,26.44057]]],[[[127.94358,26.44951],[127.94368,26.44946],[127.94366,26.44941],[127.94358,26.44951]]],[[[127.94761,26.46145],[127.94777,26.46157],[127.94785,26.46145],[127.94761,26.46145]]],[[[127.94737,26.46282],[127.94736,26.46271],[127.94733,26.46274],[127.94737,26.46282]]],[[[127.95093,26.45567],[127.95102,26.45576],[127.95117,26.45568],[127.95093,26.45567]]],[[[127.95017,26.45563],[127.95014,26.45572],[127.9502,26.4557],[127.95017,26.45563]]],[[[127.94982,26.45755],[127.94991,26.45764],[127.94996,26.45761],[127.94982,26.45755]]],[[[127.95171,26.45684],[127.95177,26.45689],[127.95177,26.45685],[127.95171,26.45684]]],[[[127.95191,26.45695],[127.95188,26.45704],[127.95193,26.45706],[127.95191,26.45695]]],[[[127.94819,26.43742],[127.94823,26.43756],[127.94828,26.43754],[127.94819,26.43742]]],[[[127.94834,26.43742],[127.94832,26.43753],[127.94836,26.43753],[127.94834,26.43742]]],[[[127.94516,26.43847],[127.94537,26.43854],[127.94533,26.43842],[127.94516,26.43847]]],[[[127.95147,26.45667],[127.95097,26.45614],[127.95122,26.45676],[127.95147,26.45667]]],[[[127.95177,26.45661],[127.95171,26.45659],[127.95168,26.45665],[127.95177,26.45661]]],[[[127.95179,26.45649],[127.95208,26.45701],[127.9521,26.45636],[127.95179,26.45649]]],[[[127.87532,26.45423],[127.87532,26.45411],[127.87526,26.45406],[127.87532,26.45423]]],[[[127.87537,26.45456],[127.87571,26.45446],[127.87545,26.45419],[127.87537,26.45456]]],[[[127.83538,26.44964],[127.83706,26.45233],[127.83627,26.45845],[127.85306,26.4694],[127.8578,26.46939],[127.86113,26.47354],[127.86593,26.47258],[127.86809,26.47661],[127.87321,26.47898],[127.87552,26.47678],[127.88445,26.47516],[127.89231,26.4765],[127.89173,26.48348],[127.89786,26.48972],[127.90489,26.49146],[127.90769,26.48521],[127.91419,26.48325],[127.91934,26.49036],[127.91772,26.49612],[127.9212,26.49767],[127.91975,26.50065],[127.92288,26.50205],[127.92806,26.50011],[127.92767,26.49465],[127.93732,26.48538],[127.94118,26.47106],[127.94664,26.46484],[127.94833,26.45765],[127.95103,26.45684],[127.94795,26.4544],[127.94401,26.45443],[127.94413,26.45356],[127.94509,26.45326],[127.94554,26.45265],[127.94495,26.45121],[127.94453,26.4534],[127.94317,26.45039],[127.94367,26.44351],[127.94936,26.44093],[127.94899,26.43752],[127.94137,26.44174],[127.92733,26.43913],[127.92554,26.44141],[127.92407,26.43913],[127.91707,26.44265],[127.9188,26.44463],[127.9164,26.44695],[127.91454,26.44647],[127.91695,26.44443],[127.91456,26.44431],[127.91431,26.44746],[127.91151,26.4465],[127.90662,26.44934],[127.89851,26.44944],[127.88531,26.45749],[127.8855,26.45622],[127.88479,26.45546],[127.883,26.45636],[127.87731,26.45388],[127.87012,26.4577],[127.85235,26.45033],[127.8483,26.44235],[127.84164,26.43531],[127.84165,26.44043],[127.83892,26.44369],[127.83813,26.44871],[127.83538,26.44964]]],[[[127.87588,26.45336],[127.87596,26.45338],[127.87591,26.45332],[127.87588,26.45336]]],[[[127.87602,26.45339],[127.876,26.45346],[127.87605,26.45344],[127.87602,26.45339]]],[[[127.87593,26.45313],[127.87609,26.45336],[127.87615,26.45332],[127.87593,26.45313]]],[[[127.87611,26.45323],[127.87617,26.45309],[127.87604,26.45306],[127.87611,26.45323]]],[[[127.94855,26.43657],[127.94858,26.43672],[127.94862,26.4366],[127.94855,26.43657]]],[[[127.94853,26.43694],[127.94846,26.43702],[127.94854,26.437],[127.94853,26.43694]]],[[[127.94859,26.43739],[127.94853,26.43746],[127.94859,26.43745],[127.94859,26.43739]]],[[[127.95117,26.45593],[127.95131,26.45597],[127.95133,26.45591],[127.95117,26.45593]]],[[[127.9514,26.45725],[127.95138,26.4574],[127.95143,26.4574],[127.9514,26.45725]]],[[[127.95139,26.45679],[127.95144,26.457],[127.95156,26.45686],[127.95139,26.45679]]],[[[127.95217,26.45683],[127.95227,26.457],[127.95223,26.45681],[127.95217,26.45683]]],[[[127.95151,26.45764],[127.95146,26.4579],[127.9516,26.45789],[127.95151,26.45764]]],[[[127.94833,26.43666],[127.9484,26.43676],[127.94845,26.43669],[127.94833,26.43666]]],[[[127.94836,26.43684],[127.94844,26.43692],[127.94852,26.43684],[127.94836,26.43684]]],[[[127.94844,26.43743],[127.94841,26.43751],[127.94847,26.43747],[127.94844,26.43743]]],[[[127.95209,26.45599],[127.95218,26.45604],[127.95211,26.45595],[127.95209,26.45599]]],[[[127.95222,26.45643],[127.95222,26.4565],[127.95228,26.45649],[127.95222,26.45643]]],[[[127.95245,26.45651],[127.95245,26.45666],[127.95253,26.45658],[127.95245,26.45651]]],[[[127.95176,26.45674],[127.95179,26.45683],[127.95183,26.45676],[127.95176,26.45674]]],[[[127.95168,26.45672],[127.95164,26.45678],[127.95167,26.4568],[127.95168,26.45672]]],[[[127.95213,26.45671],[127.95221,26.45668],[127.95214,26.45665],[127.95213,26.45671]]],[[[127.9524,26.45674],[127.95244,26.45682],[127.9525,26.45678],[127.9524,26.45674]]],[[[127.959,26.43915],[127.95912,26.43931],[127.95914,26.43917],[127.959,26.43915]]],[[[127.95908,26.43939],[127.9594,26.43951],[127.95927,26.43926],[127.95908,26.43939]]],[[[127.95956,26.4394],[127.95992,26.43978],[127.96007,26.43948],[127.95956,26.4394]]],[[[127.95187,26.45778],[127.95169,26.45765],[127.95167,26.45768],[127.95187,26.45778]]],[[[127.95113,26.4574],[127.95131,26.45752],[127.95132,26.45741],[127.95113,26.4574]]],[[[127.95118,26.45699],[127.95122,26.45707],[127.95125,26.45706],[127.95118,26.45699]]],[[[127.95135,26.45758],[127.9512,26.45764],[127.95132,26.45766],[127.95135,26.45758]]],[[[127.95157,26.45611],[127.95152,26.45619],[127.95159,26.45618],[127.95157,26.45611]]],[[[127.95243,26.43253],[127.9524,26.43247],[127.95238,26.43251],[127.95243,26.43253]]],[[[127.95293,26.43231],[127.95285,26.43231],[127.95292,26.43235],[127.95293,26.43231]]],[[[127.95488,26.43153],[127.95485,26.43157],[127.95489,26.43155],[127.95488,26.43153]]],[[[127.95498,26.43188],[127.9549,26.43185],[127.95493,26.43191],[127.95498,26.43188]]],[[[127.955,26.4317],[127.95495,26.43167],[127.95497,26.43171],[127.955,26.4317]]],[[[127.95319,26.43308],[127.95318,26.43318],[127.95325,26.43315],[127.95319,26.43308]]],[[[127.95229,26.43337],[127.95238,26.43329],[127.95226,26.43331],[127.95229,26.43337]]],[[[127.95263,26.43345],[127.95254,26.4335],[127.95262,26.4335],[127.95263,26.43345]]],[[[127.95294,26.43324],[127.95284,26.43322],[127.95292,26.43326],[127.95294,26.43324]]],[[[127.94951,26.4373],[127.94946,26.43737],[127.94953,26.43736],[127.94951,26.4373]]],[[[127.94865,26.43675],[127.94856,26.43685],[127.94871,26.43688],[127.94865,26.43675]]],[[[127.94911,26.43684],[127.94902,26.43697],[127.94913,26.43689],[127.94911,26.43684]]],[[[127.87636,26.45305],[127.87644,26.45302],[127.87638,26.45295],[127.87636,26.45305]]],[[[127.89633,26.45068],[127.89641,26.45069],[127.89636,26.45059],[127.89633,26.45068]]],[[[127.90069,26.44891],[127.90074,26.44882],[127.90071,26.4488],[127.90069,26.44891]]]]}}]}